scene_id,play_id,scene_no,scene_label,stage_type,conflict_type,summary,character_ids,relation_ids,performance_density,role_activity,conflict_strength,relation_change_strength,emotion_strength,plot_strength
01004001_scene_01,01004001,1,第一场,开端,权力冲突,张辽腰悬昆吾剑，虎将血染衣,"[""char_edcb7fdd8b""]",[],0.0625,0.0875,0,0.0625,0,0.2719
01004001_scene_02,01004001,2,第二场,发展,军事冲突,夏侯渊、司马懿、华歆、贾诩、郄虑、王粲、曹植、文聘懦弱之君，社稷将倾，干戈兴，国不安,"[""char_ef2470268b"", ""char_2051f692a9"", ""char_13010376c1"", ""char_371bd8c4c9"", ""char_fc0452451c"", ""char_5f515736d9"", ""char_0a8b880df0"", ""char_9293a66f56"", ""char_edcb7fdd8b"", ""char_f3810a5819""]","[""rel_44c0f789ac"", ""rel_396a2e459f"", ""rel_b2540503fa"", ""rel_f45029bab8"", ""rel_5cd08bb7e9"", ""rel_c56a9c7c5a"", ""rel_715e153743"", ""rel_a4d313e650""]",0.625,1,0.0556,0.6444,0.2857,0.5255
01004001_scene_03,01004001,3,第三场,发展,军事冲突,汉献帝海晏河清，社稷宁，四海升平,"[""char_f3810a5819"", ""char_5bd9ab7d33"", ""char_371bd8c4c9"", ""char_fc0452451c"", ""char_ef2470268b"", ""char_9293a66f56"", ""char_5f515736d9"", ""char_2051f692a9"", ""char_0a8b880df0"", ""char_13010376c1"", ""char_edcb7fdd8b""]","[""rel_44c0f789ac"", ""rel_396a2e459f"", ""rel_b2540503fa"", ""rel_f45029bab8"", ""rel_5cd08bb7e9"", ""rel_c56a9c7c5a"", ""rel_715e153743"", ""rel_a4d313e650"", ""rel_aa0e4201c8"", ""rel_de07d47b2c"", ""rel_38dcd7ac84""]",0.6875,0.7375,0.3889,0.8236,0,0.5878
01004001_scene_04,01004001,4,第四场,发展,军事冲突,伏后风吹玉珮响，曹妃明月照纱窗,"[""char_5bd9ab7d33"", ""char_374304c741"", ""char_0eed08a290"", ""char_f4f2a7d2a5"", ""char_f3810a5819""]","[""rel_aa0e4201c8"", ""rel_41343eab86"", ""rel_965dac11e1"", ""rel_6fdec4bbcc"", ""rel_a5130119e4""]",0.3125,0.95,0.4444,0.4681,0.7143,0.5776
01004001_scene_05,01004001,5,第五场,发展,权力冲突,穆顺来此已是相府，门上哪位在,"[""char_3a14353798"", ""char_0eed08a290""]","[""rel_d2885b1e9f""]",0.125,0.3375,0.0556,0.1444,0,0.3076
01004001_scene_06,01004001,6,第六场,发展,权力冲突,夏侯渊俺，夏侯渊,"[""char_13010376c1"", ""char_0eed08a290""]",[],0.125,0.1625,0.1667,0.1833,0,0.3354
01004001_scene_07,01004001,7,第七场,发展,军事冲突,曹操适才夏侯渊报道，穆顺出宫，赶往伏相府而去,"[""char_f3810a5819"", ""char_0eed08a290"", ""char_371bd8c4c9"", ""char_374304c741"", ""char_fc0452451c"", ""char_13010376c1""]","[""rel_44c0f789ac"", ""rel_396a2e459f"", ""rel_b2540503fa"", ""rel_41343eab86"", ""rel_965dac11e1"", ""rel_6fdec4bbcc""]",0.375,1,1,0.725,0.2143,0.6634
01004001_scene_08,01004001,8,第八场,发展,军事冲突,汉献帝曹孟德起谋意令人可恨，今早朝刺寡人胆战心惊,"[""char_5bd9ab7d33"", ""char_371bd8c4c9"", ""char_f4f2a7d2a5"", ""char_d31af1963e"", ""char_374304c741""]","[""rel_de07d47b2c"", ""rel_a5130119e4""]",0.3125,0.8375,0.2778,0.4097,0.2857,0.4717
01004001_scene_09,01004001,9,第九场,发展,军事冲突,华歆伏后拿到,"[""char_f3810a5819"", ""char_371bd8c4c9"", ""char_374304c741"", ""char_fc0452451c"", ""char_0eed08a290""]","[""rel_44c0f789ac"", ""rel_396a2e459f"", ""rel_41343eab86"", ""rel_965dac11e1"", ""rel_6fdec4bbcc""]",0.3125,0.825,0.5556,0.5069,0.2857,0.5411
01004001_scene_10,01004001,10,第十场,结局,军事冲突,汉献帝父子们在宫院伤心落泪，汉献帝叫孤王思想起好不伤悲,"[""char_f3810a5819"", ""char_5bd9ab7d33"", ""char_371bd8c4c9"", ""char_f4f2a7d2a5"", ""char_fc0452451c"", ""char_d31af1963e"", ""char_0eed08a290"", ""char_374304c741""]","[""rel_44c0f789ac"", ""rel_396a2e459f"", ""rel_aa0e4201c8"", ""rel_de07d47b2c"", ""rel_41343eab86"", ""rel_965dac11e1"", ""rel_6fdec4bbcc"", ""rel_a5130119e4"", ""rel_b2d1498a70""]",0.5,1,1,0.85,0.6429,0.7714
01012004_scene_01,01012004,1,第一场,开端,军事冲突,秦尤仇深似海，咎士雄、崔通何日里，才称心怀,"[""char_228580aa21"", ""char_746f0417fa"", ""char_e67d49fc6b"", ""char_5df3a7f526""]","[""rel_9e153a44d8"", ""rel_55ab30f680"", ""rel_712564c45a"", ""rel_e309ba5661""]",0.2222,0.9125,0.5556,0.4167,0.1429,0.4881
01012004_scene_02,01012004,2,第二场,发展,军事冲突,（胜英引李刚、黄三泰、李玉圭、李志龙、郝照雄、杨俊、普大勇、陶让、蔡庆、张大川、武万,"[""char_5df3a7f526"", ""char_e5f6b8a40a"", ""char_ce90917009"", ""char_c6f88e3626"", ""char_746f0417fa"", ""char_630e467223"", ""char_22b51c72dc"", ""char_58d44bc5d2""]","[""rel_9e153a44d8"", ""rel_ae4d60d1e5"", ""rel_5b8966d6a8"", ""rel_cea766497f"", ""rel_3c94d2d979"", ""rel_c9f63de5ba"", ""rel_46ae611d09""]",0.4444,1,1,0.7944,0.5714,0.7413
01012004_scene_03,01012004,3,第三场,发展,情节推进,咎士雄、崔通夏日清凉，怎有心情游戏赏,"[""char_e67d49fc6b"", ""char_22b51c72dc"", ""char_630e467223"", ""char_228580aa21"", ""char_746f0417fa"", ""char_58d44bc5d2"", ""char_c6f88e3626"", ""char_ce90917009"", ""char_5df3a7f526""]","[""rel_9e153a44d8"", ""rel_55ab30f680"", ""rel_712564c45a"", ""rel_e309ba5661"", ""rel_5b8966d6a8"", ""rel_3c94d2d979"", ""rel_c9f63de5ba"", ""rel_46ae611d09""]",0.5,1,0.5,0.675,0.1429,0.5714
01012004_scene_04,01012004,4,第四场,发展,军事冲突,黄三泰唗,"[""char_630e467223"", ""char_746f0417fa"", ""char_22b51c72dc"", ""char_c6f88e3626"", ""char_58d44bc5d2"", ""char_5df3a7f526""]","[""rel_9e153a44d8"", ""rel_5b8966d6a8"", ""rel_3c94d2d979"", ""rel_c9f63de5ba"", ""rel_46ae611d09""]",0.3333,0.8875,0.2778,0.4306,0.0714,0.4468
01012004_scene_05,01012004,5,第五场,发展,军事冲突,http://scripts.xikao.com/play/010120042018,"[""char_5df3a7f526"", ""char_22b51c72dc"", ""char_630e467223"", ""char_228580aa21"", ""char_e67d49fc6b"", ""char_c6f88e3626"", ""char_58d44bc5d2"", ""char_746f0417fa"", ""char_e5f6b8a40a"", ""char_ce90917009""]","[""rel_9e153a44d8"", ""rel_55ab30f680"", ""rel_712564c45a"", ""rel_e309ba5661"", ""rel_ae4d60d1e5"", ""rel_5b8966d6a8"", ""rel_cea766497f"", ""rel_3c94d2d979"", ""rel_c9f63de5ba"", ""rel_46ae611d09""]",0.5556,1,0.8333,0.8472,0.3571,0.7063
01012004_scene_06,01012004,6,第六场,高潮,军事冲突,和尚心忙来路远，特地到此间,"[""char_5df3a7f526"", ""char_b2ff5b6b94"", ""char_f854a868ec"", ""char_e5f6b8a40a"", ""char_c6f88e3626"", ""char_228580aa21"", ""char_e67d49fc6b"", ""char_746f0417fa"", ""char_ce90917009""]","[""rel_9e153a44d8"", ""rel_55ab30f680"", ""rel_712564c45a"", ""rel_e309ba5661"", ""rel_ae4d60d1e5"", ""rel_cea766497f"", ""rel_cda5baa122"", ""rel_141df980ed""]",0.5,1,1,0.85,0.4286,0.7393
01012004_scene_07,01012004,7,第七场,转折,军事冲突,胡闹终朝棹桨江上游，荀攸至死不离这船头,"[""char_6c4056dd77"", ""char_528fa58a93"", ""char_e5f6b8a40a""]","[""rel_2e68e13dee"", ""rel_d227f181a1""]",0.1667,0.6375,0.1667,0.225,0,0.35
01012004_scene_08,01012004,8,第八场,转折,军事冲突,李豹李豹,"[""char_f854a868ec"", ""char_5765b8dea6"", ""char_019e07d9cb"", ""char_ce90917009""]","[""rel_dc1a33928d""]",0.2222,0.225,0.0556,0.2417,0.0714,0.3524
01012004_scene_09,01012004,9,第九场,转折,军事冲突,韩韬英懒习针旨刺绣，勤练武艺精通,"[""char_18bd033d0f"", ""char_8ed02c4fe8"", ""char_f854a868ec""]","[""rel_f7291c2d97"", ""rel_88a3036192""]",0.1667,0.6625,0.0556,0.1861,0.2143,0.3544
01012004_scene_10,01012004,10,第十场,转折,军事冲突,杨香武少小英雄志量高，披星戴月不辞劳,"[""char_e5f6b8a40a""]",[],0.0556,0.0625,0.1667,0.1139,0.1429,0.3325
01012004_scene_11,01012004,11,第十一场,转折,军事冲突,头目奉了寨主命，备宴不消停,"[""char_e5f6b8a40a""]",[],0.0556,0.05,0.0556,0.075,0,0.2833
01012004_scene_12,01012004,12,第十二场,转折,军事冲突,韩秀盗取钢鞭枉费心，咳,"[""char_f854a868ec"", ""char_e5f6b8a40a"", ""char_5df3a7f526"", ""char_ce90917009"", ""char_019e07d9cb"", ""char_5765b8dea6""]","[""rel_ae4d60d1e5"", ""rel_cea766497f"", ""rel_cda5baa122"", ""rel_dc1a33928d"", ""rel_1c6f54698c""]",0.3333,0.4625,0.2778,0.4306,0.1429,0.4575
01012004_scene_13,01012004,13,第十三场,转折,军事冲突,胜英只为在庙访贼盗，竟敢至此称英豪,"[""char_5df3a7f526"", ""char_e5f6b8a40a"", ""char_f854a868ec""]","[""rel_ae4d60d1e5"", ""rel_cda5baa122""]",0.1667,0.2375,0.0556,0.1861,0.0714,0.3329
01012004_scene_14,01012004,14,第十四场,转折,侠义冲突,韩秀胜英若敢前来到，可算世间一英豪,"[""char_f854a868ec"", ""char_5df3a7f526""]","[""rel_cda5baa122""]",0.1111,0.1,0,0.1111,0,0.2889
01012004_scene_15,01012004,15,第十五场,结局,军事冲突,韩秀来者敢是胜老英雄,"[""char_f854a868ec"", ""char_5df3a7f526"", ""char_019e07d9cb"", ""char_630e467223""]","[""rel_5b8966d6a8"", ""rel_cda5baa122"", ""rel_dc1a33928d""]",0.2222,0.825,0.1667,0.2806,0.2143,0.4016
01040005_scene_01,01040005,1,第一场,开端,军事冲突,张夫人夫受皇家禄，妻沾雨露恩,"[""char_471ed1dfa7"", ""char_561db21d7e"", ""char_a9d869411c"", ""char_4753bacca3""]","[""rel_15cf70140f"", ""rel_46fbb0b6fe""]",0.4,0.8625,0,0.4,0,0.39
01040005_scene_02,01040005,2,第二场,发展,伦理冲突,甘习文十载寒窗苦，但愿早成名,"[""char_9ece7821a2"", ""char_f3f578e2ad""]","[""rel_32dadb580d""]",0.2,0.3625,0.0556,0.2194,0,0.3339
01040005_scene_03,01040005,3,第三场,发展,权力冲突,蔡炳家中奉了母亲命，去到京城求功名,"[""char_9ece7821a2"", ""char_d1ce281751"", ""char_804853c6b5""]",[],0.3,0.95,0,0.3,0.0714,0.3657
01040005_scene_04,01040005,4,第四场,发展,军事冲突,中军水手，张大人游玩花船，小心伺候,"[""char_561db21d7e"", ""char_a9d869411c"", ""char_4753bacca3"", ""char_471ed1dfa7""]","[""rel_15cf70140f"", ""rel_46fbb0b6fe""]",0.4,0.1,0.0556,0.4194,0,0.4039
01040005_scene_05,01040005,5,第五场,发展,情节推进,甘习文出了自家门，长挂一片心,"[""char_9ece7821a2"", ""char_804853c6b5"", ""char_d1ce281751""]",[],0.3,0.4875,0,0.3,0,0.355
01040005_scene_06,01040005,6,第六场,发展,权力冲突,张小莲爹爹转回家，母女享荣华,"[""char_9ece7821a2"", ""char_d1ce281751"", ""char_a9d869411c"", ""char_804853c6b5""]","[""rel_60bd41bd13"", ""rel_35a1ef5147""]",0.4,0.9375,0.0556,0.4194,0.2143,0.436
01040005_scene_07,01040005,7,第七场,发展,情节推进,二旗牌呔，做什么的,"[""char_d1ce281751"", ""char_561db21d7e"", ""char_a9d869411c"", ""char_4753bacca3""]","[""rel_46fbb0b6fe"", ""rel_35a1ef5147""]",0.4,0.15,0.0556,0.4194,0,0.4039
01040005_scene_08,01040005,8,第八场,发展,伦理冲突,甘习文哎呀且住,"[""char_9ece7821a2""]",[],0.1,0.1,0,0.1,0,0.285
01040005_scene_09,01040005,9,第九场,发展,侠义冲突,蔡炳哎呀且住，是我被张大人家丁，将我打下船去，为何来到此地,"[""char_d1ce281751""]",[],0.1,0.05,0.0556,0.1194,0,0.2989
01040005_scene_10,01040005,10,第十场,发展,权力冲突,观音我乃南海大士,"[""char_942777213b"", ""char_9ece7821a2"", ""char_a9d869411c"", ""char_804853c6b5""]","[""rel_60bd41bd13"", ""rel_84159ae77e"", ""rel_ae965fcfdb""]",0.4,0.6375,0,0.4,0,0.39
01040005_scene_11,01040005,11,第十一场,发展,伦理冲突,http://scripts.xikao.com/play/010400052018,"[""char_561db21d7e"", ""char_471ed1dfa7""]","[""rel_15cf70140f""]",0.2,0.175,0,0.2,0,0.32
01040005_scene_12,01040005,12,第十二场,发展,权力冲突,院子奉了大人命，去买使女人,"[""char_942777213b"", ""char_9ece7821a2""]","[""rel_84159ae77e""]",0.2,0.975,0.1667,0.2583,0.2143,0.3938
01040005_scene_13,01040005,13,第十三场,发展,伦理冲突,张夫人为了一件事，常挂一片心,"[""char_561db21d7e"", ""char_942777213b"", ""char_8b70b310ec"", ""char_9ece7821a2"", ""char_471ed1dfa7"", ""char_4753bacca3""]","[""rel_15cf70140f"", ""rel_84159ae77e"", ""rel_213a5fe5a5"", ""rel_06279896f0"", ""rel_6c354fcbb4""]",0.6,1,0.1111,0.6389,0,0.4878
01040005_scene_14,01040005,14,第十四场,结局,权力冲突,张小莲姐妹双双游花船，思想相公挂心怀,"[""char_a9d869411c"", ""char_9ece7821a2"", ""char_8b70b310ec"", ""char_561db21d7e"", ""char_471ed1dfa7"", ""char_4753bacca3""]","[""rel_15cf70140f"", ""rel_46fbb0b6fe"", ""rel_60bd41bd13"", ""rel_213a5fe5a5"", ""rel_06279896f0"", ""rel_6c354fcbb4""]",0.6,1,0.7222,0.8528,0.5,0.7156
02008006_scene_01,02008006,1,第一场,开端,军事冲突,苏逢吉撒放银乌去，捉拿金燕归,"[""char_416840313a"", ""char_382070ef90"", ""char_42107f58d6"", ""char_2bb46abcd4"", ""char_2d81db9dad"", ""char_d704060299""]","[""rel_80ceab37ec"", ""rel_66c5e8e6cd"", ""rel_74c8e8d90d"", ""rel_9baccbe61f"", ""rel_13495ee2f9""]",0.3333,0.8875,0.2222,0.4111,0.2857,0.4651
02008006_scene_02,02008006,2,第二场,发展,军事冲突,史彦超昏王无道，杀我母，冤仇未报,"[""char_909ee59582"", ""char_53048a0372"", ""char_416840313a"", ""char_d704060299""]","[""rel_80ceab37ec"", ""rel_2bfa16b4b3"", ""rel_872e77b533""]",0.2222,0.7,1,0.5722,0.0714,0.5885
02008006_scene_03,02008006,3,第三场,发展,军事冲突,柴荣中军过来,"[""char_d704060299"", ""char_ab23c290e6"", ""char_d73c72a05a"", ""char_382070ef90"", ""char_53048a0372"", ""char_909ee59582"", ""char_416840313a""]","[""rel_80ceab37ec"", ""rel_2bfa16b4b3"", ""rel_872e77b533"", ""rel_969fb2e0e9"", ""rel_7e617026f6""]",0.3889,1,1,0.7389,0.4286,0.7004
02008006_scene_04,02008006,4,第四场,发展,权力冲突,苏妃昨日里内侍报一信，他言道我母亲重病临身,"[""char_e8f1182c6b"", ""char_42107f58d6""]","[""rel_9eca7eaa8f""]",0.1111,0.45,0.1111,0.15,0.2857,0.3595
02008006_scene_05,02008006,5,第五场,发展,权力冲突,苏夫人思姣儿得下了冤孽病症，不知何日得安宁,"[""char_e8f1182c6b"", ""char_416840313a"", ""char_8f58850346""]","[""rel_d3d5e30f7c""]",0.1667,0.85,0,0.1667,0.1429,0.3298
02008006_scene_06,02008006,6,第六场,发展,军事冲突,刘瑞莲怀藏孙膑志，智谋凌云高,"[""char_945af2d6ee"", ""char_416840313a""]",[],0.1111,0.075,0.0556,0.1306,0,0.3028
02008006_scene_07,02008006,7,第七场,发展,军事冲突,苏妃在宫中我奉了万岁命，苏妃回府中探望老娘亲,"[""char_e8f1182c6b"", ""char_945af2d6ee""]",[],0.1111,0.9,0.2222,0.1889,0.5,0.4194
02008006_scene_08,02008006,8,第八场,发展,军事冲突,刘承佑等候梓童宫庭进，将身且坐后宫等,"[""char_42107f58d6"", ""char_945af2d6ee"", ""char_e8f1182c6b"", ""char_d704060299""]","[""rel_9eca7eaa8f"", ""rel_7757b78a5d""]",0.2222,1,1,0.5722,0.7143,0.6849
02008006_scene_09,02008006,9,第九场,发展,军事冲突,刘承佑内侍摆驾,"[""char_42107f58d6"", ""char_6b9907d850"", ""char_2d81db9dad"", ""char_416840313a"", ""char_2bb46abcd4"", ""char_d704060299""]","[""rel_80ceab37ec"", ""rel_66c5e8e6cd"", ""rel_74c8e8d90d"", ""rel_9baccbe61f"", ""rel_f4a94ce850""]",0.3333,0.775,0.0556,0.3528,0,0.3806
02008006_scene_10,02008006,10,第十场,发展,军事冲突,王博东气冲霄汉，文光射斗牛,"[""char_6b9907d850""]",[],0.0556,0.0875,0.1111,0.0944,0,0.2972
02008006_scene_11,02008006,11,第十一场,发展,军事冲突,史彦超帐中奉了元帅命，史彦超攻打城池要小心,"[""char_53048a0372"", ""char_6b9907d850"", ""char_d704060299""]","[""rel_2bfa16b4b3""]",0.1667,0.2125,0.1667,0.225,0,0.35
02008006_scene_12,02008006,12,第十二场,发展,军事冲突,苏逢吉心中恼恨赵弘殷，纵子行凶胡乱行,"[""char_416840313a"", ""char_2d81db9dad"", ""char_d704060299"", ""char_6b9907d850""]","[""rel_80ceab37ec"", ""rel_74c8e8d90d""]",0.2222,0.5125,0.2778,0.3194,0.0714,0.4079
02008006_scene_13,02008006,13,第十三场,发展,军事冲突,高庆老太师，随咱家来,"[""char_42107f58d6"", ""char_945af2d6ee"", ""char_416840313a"", ""char_e8f1182c6b"", ""char_06cfef4e20"", ""char_10190e497e"", ""char_d704060299""]","[""rel_80ceab37ec"", ""rel_66c5e8e6cd"", ""rel_9eca7eaa8f"", ""rel_7757b78a5d"", ""rel_27cac545a2"", ""rel_6c25f31108"", ""rel_c00f0edc1a""]",0.3889,1,0.1111,0.4278,0.0714,0.4246
02008006_scene_14,02008006,14,第十四场,发展,军事冲突,王福高公公,"[""char_eb9e809c02"", ""char_945af2d6ee"", ""char_10190e497e"", ""char_cf6cec5844"", ""char_06cfef4e20"", ""char_416840313a""]","[""rel_6c25f31108"", ""rel_4e327e0fd9"", ""rel_302997c4d0""]",0.3333,1,0.0556,0.3528,0,0.3806
02008006_scene_15,02008006,15,第十五场,发展,权力冲突,刘承佑内侍带路御街进，不刻来到太师的门,"[""char_42107f58d6"", ""char_06cfef4e20""]","[""rel_27cac545a2""]",0.1111,0.25,0,0.1111,0,0.2889
02008006_scene_16,02008006,16,第十六场,发展,军事冲突,苏逢吉杨大人，待昏王来时，大家必须要准备才是,"[""char_416840313a"", ""char_42107f58d6"", ""char_2d81db9dad"", ""char_06cfef4e20"", ""char_d704060299""]","[""rel_80ceab37ec"", ""rel_66c5e8e6cd"", ""rel_74c8e8d90d"", ""rel_27cac545a2""]",0.2778,0.5875,0.0556,0.2972,0,0.3611
02008006_scene_17,02008006,17,第十七场,发展,军事冲突,高庆且住,"[""char_06cfef4e20"", ""char_42107f58d6"", ""char_416840313a"", ""char_2d81db9dad""]","[""rel_66c5e8e6cd"", ""rel_27cac545a2""]",0.2222,0.675,0.7222,0.475,0.1429,0.5298
02008006_scene_18,02008006,18,第十八场,发展,军事冲突,https://scripts.xikao.com/play/02008006202,"[""char_eb9e809c02"", ""char_42107f58d6"", ""char_416840313a"", ""char_06cfef4e20"", ""char_2d81db9dad""]","[""rel_66c5e8e6cd"", ""rel_27cac545a2"", ""rel_4e327e0fd9""]",0.2778,0.3125,0,0.2778,0,0.3472
02008006_scene_19,02008006,19,第十九场,发展,军事冲突,赵普俺，赵普,"[""char_cf6cec5844"", ""char_42107f58d6"", ""char_06cfef4e20"", ""char_eb9e809c02""]","[""rel_27cac545a2"", ""rel_4e327e0fd9"", ""rel_302997c4d0""]",0.2222,0.1875,0.1667,0.2806,0,0.3694
02008006_scene_20,02008006,20,第二十场,高潮,军事冲突,刘瑞莲呔，马来,"[""char_42107f58d6"", ""char_945af2d6ee"", ""char_06cfef4e20"", ""char_eb9e809c02"", ""char_d704060299"", ""char_e8f1182c6b"", ""char_416840313a"", ""char_2d81db9dad""]","[""rel_80ceab37ec"", ""rel_66c5e8e6cd"", ""rel_74c8e8d90d"", ""rel_9eca7eaa8f"", ""rel_7757b78a5d"", ""rel_27cac545a2"", ""rel_6c25f31108"", ""rel_4e327e0fd9""]",0.4444,1,1,0.7944,1,0.8056
02008006_scene_21,02008006,21,第二十一场,转折,军事冲突,国太郭彦威贼子反朝廷，哀家每日胆战惊,"[""char_d704060299"", ""char_10190e497e""]",[],0.1111,0.3375,0.1667,0.1694,0.1429,0.352
02008006_scene_22,02008006,22,第二十二场,结局,军事冲突,刘承佑苏逢吉老奸贼谋朝作乱，刘承佑害得孤君妃们不得周全,"[""char_42107f58d6"", ""char_945af2d6ee"", ""char_06cfef4e20"", ""char_eb9e809c02"", ""char_d704060299"", ""char_416840313a""]","[""rel_80ceab37ec"", ""rel_66c5e8e6cd"", ""rel_7757b78a5d"", ""rel_27cac545a2"", ""rel_6c25f31108"", ""rel_4e327e0fd9""]",0.3333,1,0.7778,0.6056,0.5714,0.6468
04008002_scene_01,04008002,1,第一场,开端,权力冲突,安骥苦读窗前，学经史，铁砚磨穿,"[""char_9e364f3c74"", ""char_9ae7a5d92b""]",[],0.1818,0.4625,0.0556,0.2013,0,0.3275
04008002_scene_02,04008002,2,第二场,发展,情节推进,白脸狼、黄傻狗啊哈,"[""char_343ef6252d"", ""char_c623e8faa8""]","[""rel_abc516c8ab""]",0.1818,0.6,0,0.1818,0,0.3136
04008002_scene_03,04008002,3,第三场,发展,伦理冲突,安骥堪叹危急无所望，人情如纸世态凉,"[""char_9ae7a5d92b"", ""char_343ef6252d"", ""char_c623e8faa8"", ""char_9e364f3c74""]","[""rel_abc516c8ab"", ""rel_65b05c2c87"", ""rel_affec1c9e1"", ""rel_702177fe84""]",0.3636,1,0,0.3636,0.2143,0.4094
04008002_scene_04,04008002,4,第四场,发展,军事冲突,何玉凤单人独骑下山岭，不报父仇气不平,"[""char_28c2fffc20""]",[],0.0909,0.0625,0.3889,0.227,0.1429,0.4005
04008002_scene_05,04008002,5,第五场,发展,情节推进,安骥加鞭催马阳关上，华忠急欲一时到淮阳,"[""char_9e364f3c74"", ""char_343ef6252d"", ""char_9ae7a5d92b"", ""char_c623e8faa8""]","[""rel_abc516c8ab"", ""rel_65b05c2c87"", ""rel_affec1c9e1"", ""rel_702177fe84""]",0.3636,0.4125,0.0556,0.3831,0,0.3912
04008002_scene_06,04008002,6,第六场,发展,情节推进,白脸狼一心想发财，天上掉下来,"[""char_343ef6252d"", ""char_c623e8faa8""]","[""rel_abc516c8ab""]",0.1818,0.3625,0.0556,0.2013,0.1429,0.349
04008002_scene_07,04008002,7,第七场,发展,伦理冲突,华忠心想急早到淮阳，谁知中途病店房,"[""char_9ae7a5d92b"", ""char_9e364f3c74"", ""char_343ef6252d"", ""char_c623e8faa8""]","[""rel_abc516c8ab"", ""rel_65b05c2c87"", ""rel_affec1c9e1"", ""rel_702177fe84""]",0.3636,0.9875,0,0.3636,0,0.3773
04008002_scene_08,04008002,8,第八场,发展,情节推进,何玉凤且住,"[""char_28c2fffc20"", ""char_9e364f3c74"", ""char_343ef6252d"", ""char_c623e8faa8""]","[""rel_abc516c8ab"", ""rel_65b05c2c87"", ""rel_affec1c9e1"", ""rel_e2f264a6a8""]",0.3636,0.15,0.1667,0.422,0,0.4189
04008002_scene_09,04008002,9,第九场,发展,权力冲突,王兴发开的是悦来店，卖的是酒和饭,"[""char_9e364f3c74"", ""char_343ef6252d"", ""char_c623e8faa8""]","[""rel_abc516c8ab"", ""rel_65b05c2c87"", ""rel_affec1c9e1""]",0.2727,0.55,0.1111,0.3116,0,0.3732
04008002_scene_10,04008002,10,第十场,发展,侠义冲突,白脸狼手拿一封信，黄傻狗去到红柳村,"[""char_343ef6252d"", ""char_c623e8faa8"", ""char_28c2fffc20""]","[""rel_abc516c8ab""]",0.2727,0.65,0.0556,0.2922,0,0.3593
04008002_scene_11,04008002,11,第十一场,发展,权力冲突,安骥天已过午日西偏，不见骡夫转回还,"[""char_28c2fffc20"", ""char_9e364f3c74"", ""char_343ef6252d"", ""char_c623e8faa8""]","[""rel_abc516c8ab"", ""rel_65b05c2c87"", ""rel_affec1c9e1"", ""rel_e2f264a6a8""]",0.3636,1,0.6667,0.597,0.7857,0.6618
04008002_scene_12,04008002,1,第一场,发展,军事冲突,http://scripts.xikao.com/play/040080022018,"[""char_ef5c19ce75"", ""char_16669c5613"", ""char_47c9bb3b22""]",[],0.2727,0.35,0.0556,0.2922,0.2143,0.3915
04008002_scene_13,04008002,2,第二场,发展,军事冲突,张乐世一家人全凭着耕种为本，张妈妈年荒旱难度日赴京投亲,"[""char_ef5c19ce75"", ""char_36008bff4d"", ""char_6aaa919478"", ""char_16669c5613"", ""char_6ac8c42935""]","[""rel_e80d5f0031"", ""rel_c0ef407c33""]",0.4545,0.85,0.3333,0.5712,0.5,0.5674
04008002_scene_14,04008002,3,第三场,发展,情节推进,安骥旅店中吓得我魂魄荡，安骥不想遇着女强梁,"[""char_9e364f3c74"", ""char_c623e8faa8"", ""char_343ef6252d""]","[""rel_abc516c8ab"", ""rel_65b05c2c87"", ""rel_affec1c9e1""]",0.2727,0.2125,0,0.2727,0,0.3455
04008002_scene_15,04008002,4,第四场,发展,侠义冲突,何玉凤只为一点侠义心，借来黄金救书生,"[""char_28c2fffc20""]",[],0.0909,0.05,0,0.0909,0.0714,0.2925
04008002_scene_16,04008002,5,第五场,发展,军事冲突,黑风僧大家齐到山门等，黄傻狗喝，你们怎么跑得这么快呀,"[""char_343ef6252d"", ""char_c623e8faa8"", ""char_ef5c19ce75"", ""char_47c9bb3b22"", ""char_9e364f3c74""]","[""rel_abc516c8ab"", ""rel_65b05c2c87"", ""rel_affec1c9e1"", ""rel_b4dc331e39"", ""rel_004759311f""]",0.4545,1,0.4444,0.6101,0.0714,0.5309
04008002_scene_17,04008002,6,第六场,发展,情节推进,何玉凤且住,"[""char_28c2fffc20""]",[],0.0909,0.05,0,0.0909,0,0.2818
04008002_scene_18,04008002,7,第七场,发展,军事冲突,黑风僧请坐,"[""char_9e364f3c74"", ""char_ef5c19ce75"", ""char_28c2fffc20""]","[""rel_b4dc331e39"", ""rel_e2f264a6a8""]",0.2727,0.8625,0.2778,0.3699,0.1429,0.4363
04008002_scene_19,04008002,8,第八场,发展,军事冲突,虎面僧骡夫把命丧，打坐在禅堂,"[""char_47c9bb3b22"", ""char_28c2fffc20"", ""char_6aaa919478""]","[""rel_b1f86210d3""]",0.2727,0.375,0.2778,0.3699,0.1429,0.4363
04008002_scene_20,04008002,9,第九场,高潮,军事冲突,赛西施生得花容月貌，长就玉肤冰肌,"[""char_28c2fffc20"", ""char_16669c5613"", ""char_36008bff4d"", ""char_6aaa919478"", ""char_6ac8c42935""]","[""rel_e80d5f0031"", ""rel_c0ef407c33"", ""rel_b1f86210d3"", ""rel_960a774ea9""]",0.4545,1,1,0.8045,0.8571,0.7877
04008002_scene_21,04008002,10,第十场,转折,军事冲突,安骥我在房中神不定，不知可能灭凶僧,"[""char_28c2fffc20"", ""char_9e364f3c74"", ""char_6aaa919478"", ""char_6ac8c42935"", ""char_36008bff4d""]","[""rel_e80d5f0031"", ""rel_e2f264a6a8"", ""rel_b1f86210d3"", ""rel_960a774ea9""]",0.4545,1,0.3333,0.5712,0.0714,0.5031
04008002_scene_22,04008002,11,第十一场,结局,军事冲突,⑵http://scripts.xikao.com/play/04008002201,"[""char_9e364f3c74"", ""char_28c2fffc20"", ""char_36008bff4d"", ""char_6aaa919478"", ""char_6ac8c42935""]","[""rel_e80d5f0031"", ""rel_e2f264a6a8"", ""rel_b1f86210d3"", ""rel_960a774ea9""]",0.4545,0.85,0.1111,0.4934,0.1429,0.4583
