数据范围,主题组合ID,主题组合,主题组合显示,主题数量,主题序号集合,x起点序号,x终点序号,剧本数量,矩阵行排序,主要核心主题,核心主题分布,主要核心关系,核心关系分布,剧目类别分布,平均网络密度,平均度中心化,平均内容量权重,剧本ID列表,代表剧目列表
全量,T0207,政治权力|战争武略,政治权力 + 战争武略,2,2|7,2,7,153,1,战争武略,战争武略:111|政治权力:42,权力关系,权力关系:79|冲突关系:69|同盟关系:3|婚恋关系:2,历史戏:142|神怪戏:5|家庭戏:5|公案戏:1,0.8253,0.1771,32.0601,01001001; 01001012; 01001013; 01001014; 01002012; 01002015; 01004001; 01004007; 01006006; 01007013; 01009002; 01009006; 01009014; 01011001; 01011005; 01012007; 01012011; 01013003; 01013005; 01014002; 01014012; 01014015; 01016002; 01016010; 01016011; 01017002; 01017013; 01019002; 01021007; 01022001; 01024009; 01029006; 01030006; 01031009; 01031010; 01032009; 01034003; 01037005; 02001016; 02001030; 02001032; 02002005; 02002017; 02004047; 02004053; 02005029; 02006021; 02006060; 02008006; 02008036; 02012042; 03001004; 03001005; 03001006; 03003002; 03007003; 03007004; 03013002; 03013006; 03016001; 03016003; 03017001; 03017002; 03021009; 03027002; 03033005; 03037003; 03038002; 03041001; 03044003; 03046004; 03046005; 03051006; 03051008; 03054002; 03060001; 03060009; 03065001; 03068004; 03070003; 03075001; 03075008; 03080002; 03080008; 03084006; 03085001; 03090001; 03090002; 03090003; 03090005; 03090006; 03093001; 03093005; 03093007; 03096002; 03096006; 03098005; 03106001; 03106002; 03106003; 03106005; 03109002; 04001001; 04003002; 04009003; 04011002; 04016003; 04020002; 04022001; 05002005; 05006006; 05007005; 05014003; 05017001; 05024013; 14003003; 14014002; 14016004; 70001203; 70003105; 70003106; 70003108; 70003109; 70003110; 70003111; 70003112; 70003113; 70003118; 70003120; 70003121; 70003123; 70003125; 70003126; 70004103; 70004104; 70004111; 70005101; 70005108; 70006105; 70006111; 70601101; 70601108; 70803102; 70901133; 70901135; 70902101; 70902136; 70902141; 70902176; 70903102; 70904110; 80000009; 80000015,空城计；黄鹤楼；天水关；七星灯；白门楼；取帅印；逍遥津；取荥阳；叹皇陵；刺王僚；斩马谡；长坂坡；濮阳城；渑池会；监酒令
全量,T0407,家庭亲情|战争武略,家庭亲情 + 战争武略,2,4|7,4,7,73,2,战争武略,战争武略:44|家庭亲情:29,亲属关系,亲属关系:42|冲突关系:27|同盟关系:3|婚恋关系:1,历史戏:53|家庭戏:10|神怪戏:4|公案戏:4|江湖戏:2,0.7337,0.2304,34.5249,01001007; 01002009; 01002017; 01003017; 01007005; 01007015; 01012003; 01013004; 01015006; 01017004; 01018007; 01019003; 01019006; 01020001; 01021002; 01023010; 01023012; 01028007; 01037007; 02005026; 02008043; 02008056; 02011040; 03006007; 03013007; 03018001; 03023001; 03026002; 03030001; 03030002; 03030003; 03030004; 03030006; 03031008; 03034004; 03041005; 03046003; 03054001; 03054007; 03054010; 03065005; 03068002; 03068003; 03074002; 03075003; 03088001; 03090004; 03090008; 03091005; 03097002; 03097005; 03101001; 03101003; 03101004; 03104004; 04002003; 04012003; 04016001; 05014009; 07002001; 09006002; 70001204; 70003104; 70003117; 70003124; 70004101; 70004109; 70201106; 70202109; 70805106; 70901104; 80000029; 80000038,桑园寄子；鱼肠剑；黑风帕；独木关；凤鸣关；铁莲花；高平关；借赵云；英杰烈；襄阳宴；龙凤呈祥；三顾茅庐；讨荆州；麦城升天；霸王别姬
全量,T0304,婚恋姻缘|家庭亲情,婚恋姻缘 + 家庭亲情,2,3|4,3,4,56,3,婚恋姻缘,婚恋姻缘:30|家庭亲情:26,婚恋关系,婚恋关系:32|亲属关系:24,家庭戏:45|江湖戏:5|历史戏:3|公案戏:2|神怪戏:1,0.8092,0.1847,29.0,01001009; 01002004; 01002007; 01002019; 01003006; 01005003; 01007004; 01007016; 01013008; 01014005; 01014014; 01015008; 01015016; 01016016; 01017006; 01020003; 01020012; 01023009; 01025006; 01030001; 01034004; 01034007; 01034008; 01039005; 01039006; 02005002; 02008048; 03002001; 03002004; 03009001; 03021007; 03031002; 03031007; 03057005; 03057006; 03057008; 03058001; 03077002; 03091004; 04010002; 04010003; 04040002; 05013002; 05013004; 05018002; 13003007; 70202103; 70203102; 70203107; 70902103; 70902105; 70902146; 80000001; 80000014; 80000028; 90000004,硃砂痣；探寒窑；打金枝；红鸾禧；辕门斩子；天雷报；五台山；纺棉花；皮匠杀妻；打樱桃；罗锅子抢亲；疯僧扫秦；八郎探母；三上轿；张古董借妻
全量,T0107,忠义家国|战争武略,忠义家国 + 战争武略,2,1|7,1,7,47,4,战争武略,战争武略:33|忠义家国:14,冲突关系,冲突关系:38|同盟关系:3|权力关系:3|婚恋关系:2|亲属关系:1,历史戏:46|家庭戏:1,0.7846,0.1708,34.7685,01006002; 01006007; 01007002; 01007006; 01009005; 01014001; 01015003; 01015007; 01015015; 01017009; 01019012; 01020007; 01027009; 01035007; 01037004; 02003005; 02010016; 03006005; 03026004; 03028001; 03028002; 03028003; 03044004; 03074006; 03093003; 03096003; 03096005; 03098004; 03108005; 04001003; 04003003; 04013001; 04018003; 04021002; 04025001; 05014006; 05016003; 09004003; 70001111; 70003119; 70003122; 70006104; 70201109; 70401110; 70804101; 70901144; 90000007,战长沙；定军山；八大锤；罗成叫关；岳家庄；鲁肃求计；潞安州；南屏山；三气周瑜；金雁桥；镇潭州；凤凰山；山海关；凤凰山；葭萌关
全量,T0607,除暴侠义|战争武略,除暴侠义 + 战争武略,2,6|7,6,7,44,5,除暴侠义,除暴侠义:25|战争武略:19,冲突关系,冲突关系:35|同盟关系:4|亲属关系:2|权力关系:2|婚恋关系:1,历史戏:27|江湖戏:14|公案戏:2|家庭戏:1,0.7596,0.2439,31.12,01003002; 01009001; 01012012; 01013009; 01013016; 01014004; 01014007; 01017011; 01019013; 01020006; 01020008; 01032002; 01032003; 01038010; 02003013; 02004018; 02004020; 02005025; 02009040; 02010003; 02010010; 02012004; 03006002; 03019002; 03021006; 03046006; 03059003; 03065007; 03075005; 03080001; 03096001; 04004003; 04025002; 04027002; 05024002; 07004002; 09008002; 10001032; 11001003; 70003103; 70003114; 70003116; 70901102; 80000036,蒋干中计；失街亭；南阳关；罗四虎；贾家楼；秦淮河；淮安府；景阳岗；磐河战；穆柯寨；燕青打擂；连环套；连环套；宁武关；凤凰台
全量,T020407,政治权力|家庭亲情|战争武略,政治权力 + 家庭亲情 + 战争武略,3,2|4|7,2,7,44,6,战争武略,战争武略:21|家庭亲情:12|政治权力:11,权力关系,权力关系:18|亲属关系:15|冲突关系:10|婚恋关系:1,历史戏:37|家庭戏:4|神怪戏:3,0.7279,0.2226,34.6241,01001010; 01005014; 01006003; 01006018; 01009010; 01010012; 01013001; 01029007; 01036002; 02001027; 02004052; 02006064; 02008018; 02008019; 02008022; 02008023; 03001001; 03001003; 03003003; 03006001; 03009004; 03011003; 03039006; 03044002; 03046001; 03074001; 03074003; 03079004; 03089002; 03091002; 03092001; 04017004; 05004009; 05004010; 05004011; 05020001; 08002005; 14001008; 14002008; 70002102; 70004106; 70005110; 70201204; 90000009,黄金台；胭脂虎；草桥关；上天台；伐子都；查头关；司马逼宫；吴汉杀妻；双龙会；米注山；定中原；贵寿图；鹞子观星；挂印；四红图
全量,T0708,战争武略|恩怨报偿,战争武略 + 恩怨报偿,2,7|8,7,8,37,7,战争武略,战争武略:25|恩怨报偿:12,冲突关系,冲突关系:18|审判与恩怨关系:16|权力关系:2|同盟关系:1,历史戏:32|家庭戏:2|神怪戏:1|江湖戏:1|公案戏:1,0.7954,0.1861,31.6292,01002013; 01004006; 01007008; 01008004; 01009015; 01010016; 01016006; 01016014; 01026003; 01026007; 01039003; 02003006; 02004008; 02004028; 02004029; 03017003; 03017004; 03038001; 03046007; 03047002; 03047004; 03065003; 03097004; 03097007; 03107003; 04011004; 04012002; 04026003; 04032002; 05006004; 05006005; 05024012; 70005103; 70601106; 70601107; 80000012; 80000030,华容道；辕门射戟；别宫；阳平关；战樊城；风云会；取南郡；破洪州；兴赵灭屠；滚鼓山；取南郡；虎牢关；反西凉；造白袍；造白袍
全量,T0709,战争武略|善恶转化,战争武略 + 善恶转化,2,7|9,7,9,37,8,战争武略,战争武略:33|善恶转化:4,冲突关系,冲突关系:33|权力关系:2|同盟关系:1|婚恋关系:1,历史戏:36|公案戏:1,0.8246,0.1628,36.1381,01013012; 01018014; 01019004; 01020013; 01025009; 01031008; 01038002; 01039002; 02003033; 02004004; 02006002; 03007006; 03009003; 03017005; 03019005; 03026003; 03033001; 03033004; 03054005; 03065002; 03065006; 03075002; 03093006; 03096004; 03101002; 03104001; 04004002; 05019004; 70003115; 70003127; 70004108; 70006110; 70202111; 70401106; 70601102; 70601103; 80000020,战太平；冀州城；舌战群儒；铁公鸡；取洛阳；桂阳城；取南郡；玉门关；汉阳院；取西川；千秋岭；选元戎；千秋岭；葭萌关；夺太仓
全量,T030412,婚恋姻缘|家庭亲情|文人世情,婚恋姻缘 + 家庭亲情 + 文人世情,3,3|4|12,3,12,33,9,家庭亲情,家庭亲情:12|文人世情:11|婚恋姻缘:10,婚恋关系,婚恋关系:20|亲属关系:13,家庭戏:26|江湖戏:4|神怪戏:3,0.8488,0.1493,33.7267,01003012; 01003016; 01005016; 01006011; 01008008; 01009009; 01012008; 01015004; 01016007; 01016008; 01027002; 01031004; 01031011; 01037008; 03019001; 03029002; 03029003; 03037002; 03039001; 03057001; 03057003; 03061002; 03094001; 04029002; 05013005; 05025003; 70201104; 70203111; 70203112; 70203204; 70902104; 70902122; 94000004,彩楼配；打花鼓；大劈棺；花田错；杜十娘；卖绒花；春秋配；扫松下书；春香闹学；拾玉镯；三门街；闺房戏；借茶活捉；打桃园；打瓜园
全量,T030407,婚恋姻缘|家庭亲情|战争武略,婚恋姻缘 + 家庭亲情 + 战争武略,3,3|4|7,3,7,33,10,婚恋姻缘,婚恋姻缘:15|战争武略:12|家庭亲情:6,婚恋关系,婚恋关系:20|冲突关系:7|亲属关系:6,历史戏:11|家庭戏:10|江湖戏:5|公案戏:4|神怪戏:3,0.7397,0.2083,34.1391,01005011; 01009004; 01009008; 01011007; 01011011; 01017007; 01021004; 01022009; 01031005; 01040003; 02004001; 02004002; 02008004; 02008052; 03003005; 03014002; 03019003; 03030007; 03039004; 03089001; 03089003; 03109003; 04044001; 05013003; 05018004; 05019001; 05019005; 70006108; 70202108; 70202110; 70203201; 70901109; 80000022,回荆州；十八扯；白良关；芦花河；白马坡；别妻；玉玲珑；打刀；晴雯撕扇；馒头庵；龙凤呈祥；龙凤呈祥；战潼台；九龙峪；黑风帕
全量,T0411,家庭亲情|宗教祥瑞,家庭亲情 + 宗教祥瑞,2,4|11,4,11,30,11,宗教祥瑞,宗教祥瑞:22|家庭亲情:8,亲属关系,亲属关系:25|冲突关系:3|权力关系:2,神怪戏:19|家庭戏:8|公案戏:2|历史戏:1,0.7208,0.1044,24.9467,01003013; 01009012; 01009018; 01011013; 01016009; 01024005; 01035003; 01035008; 01037002; 01040001; 02001003; 02001005; 02001009; 02001013; 02006034; 02007028; 02007029; 02007030; 02007033; 02008060; 03013003; 03060005; 04011003; 13004005; 14002009; 70201107; 70902134; 70904207; 90000002; 90000021,滑油山；青石山；失印救火；赵颜借寿；大锯缸；思凡；宝玉出家；麻姑献寿；嫦娥奔月；阎瑞生；福禄寿荣；风调雨顺；八仙庆寿；文王卜卦；邪魔侵正
全量,T0410,家庭亲情|礼教品格,家庭亲情 + 礼教品格,2,4|10,4,10,29,12,家庭亲情,家庭亲情:22|礼教品格:7,亲属关系,亲属关系:29,家庭戏:23|江湖戏:3|历史戏:2|神怪戏:1,0.8883,0.0489,27.071,01001003; 01002010; 01003014; 01006016; 01011009; 01013018; 01018004; 01023001; 01025005; 01028010; 01030009; 01035004; 01038005; 02001023; 02007027; 03002005; 03014001; 03020001; 03057004; 03060003; 03074004; 04010004; 05004001; 05004002; 05004004; 08005006; 14001006; 70005118; 70901101,三娘教子；钓金龟；富春楼；探亲相骂；拿高登；老黄请医；望儿楼；宏碧缘；老西嫖院；背凳；贾政训子；新三娘教子；三世修；孝感天；廉锦枫
全量,T0405,家庭亲情|公案冤狱,家庭亲情 + 公案冤狱,2,4|5,4,5,28,13,公案冤狱,公案冤狱:24|家庭亲情:4,审判与恩怨关系,审判与恩怨关系:23|亲属关系:5,公案戏:19|神怪戏:3|历史戏:2|家庭戏:2|江湖戏:2,0.6943,0.1824,38.6607,01002001; 01002006; 01003009; 01007003; 01013017; 01016017; 01026004; 01026005; 01030008; 01035001; 02006049; 03034005; 03055001; 03055007; 03103002; 04004001; 04026002; 05011002; 09002002; 14001001; 14016006; 70001101; 70002201; 70201202; 70203104; 70402101; 70402102; 70901130,李陵碑；探阴山；打龙袍；铡美案；药茶计；郿邬县；黑驴告状；胭脂判；串珠记；狸猫换太子；五凤楼；钓金龟；打潘豹；红岐山；四进士
全量,T0204,政治权力|家庭亲情,政治权力 + 家庭亲情,2,2|4,2,4,25,14,政治权力,政治权力:25,权力关系,权力关系:25,历史戏:18|家庭戏:3|公案戏:2|江湖戏:1|神怪戏:1,0.7962,0.2633,31.2712,01004004; 01010002; 01014021; 01017010; 01018001; 01019001; 01025003; 01026002; 02006047; 02008021; 03007002; 03013008; 03103001; 04011001; 04017003; 05004012; 05021001; 09001002; 14002004; 14002005; 14016005; 70001311; 70005102; 80000010; 90000005,盗宗卷；宫门带；恶虎庄；张良辞朝；朝歌恨；进妲己；洗耳记；受禅台；五凤楼；打龙篷；纪母骂刘邦；打窦瑶；十老安刘；宇宙锋；二进宫
全量,T0205,政治权力|公案冤狱,政治权力 + 公案冤狱,2,2|5,2,5,23,15,公案冤狱,公案冤狱:17|政治权力:6,审判与恩怨关系,审判与恩怨关系:18|权力关系:5,公案戏:17|历史戏:5|神怪戏:1,0.8363,0.1955,32.8483,01001017; 01003008; 01005015; 01006017; 01012005; 01013002; 01033001; 01033004; 02003003; 03053001; 03053002; 03053003; 03053004; 03055006; 03109004; 04017002; 04034002; 14002006; 14002007; 70002205; 80000003; 80000006; 80000016,清官册；断太后；审李七；双包案；打銮驾；审刺客；狸猫换太子；贺后骂殿；捉放曹；打銮驾；铡包勉；遇皇后；打龙袍；夜审潘洪；贺后骂殿
全量,T0312,婚恋姻缘|文人世情,婚恋姻缘 + 文人世情,2,3|12,3,12,23,16,婚恋姻缘,婚恋姻缘:17|文人世情:6,婚恋关系,婚恋关系:23,家庭戏:16|江湖戏:4|公案戏:3,0.8783,0.1532,30.4039,01001020; 01003001; 01004014; 01011010; 01012006; 01020009; 01023008; 01029001; 01031002; 03002003; 03022001; 04025003; 10002046; 70005106; 70203101; 70203109; 70801119; 70902115; 70902144; 70902156; 80000023; 90000003; 90000006,宋江闹院；琼林宴；遗翠花；明月珠；少华山；采花赶府；乔醋；花田错；牢狱鸳鸯；荷珠配；风尘三侠；打面缸；坐楼杀惜；马前泼水；花田错
全量,T020304,政治权力|婚恋姻缘|家庭亲情,政治权力 + 婚恋姻缘 + 家庭亲情,3,2|3|4,2,4,20,17,家庭亲情,家庭亲情:11|婚恋姻缘:7|政治权力:2,亲属关系,亲属关系:9|婚恋关系:7|权力关系:3|同盟关系:1,家庭戏:15|公案戏:2|江湖戏:1|神怪戏:1|历史戏:1,0.8335,0.0975,30.1595,01005012; 01006012; 01008005; 01016015; 01018008; 01021006; 01023004; 01035005; 01036006; 02006045; 02006062; 03021002; 03039005; 03092004; 05018001; 14001007; 70001103; 70202102; 70802106; 70805102,海潮珠；梵王宫；算粮登殿；背娃入府；盘山；天宝图；三击掌；慈孝图；平贵别窑；五凤楼；渡银河；彩楼配；雪杯圆；秦罗敷；五彩舆
全量,T010207,忠义家国|政治权力|战争武略,忠义家国 + 政治权力 + 战争武略,3,1|2|7,1,7,18,18,战争武略,战争武略:8|政治权力:6|忠义家国:4,权力关系,权力关系:10|冲突关系:7|同盟关系:1,历史戏:16|家庭戏:1|江湖戏:1,0.8153,0.1126,32.4794,01002011; 01018005; 01024004; 02010018; 02011012; 03003004; 03016002; 03026001; 03027005; 03042003; 03046002; 03047001; 03090007; 03100004; 05010001; 05014002; 70004102; 70005109,梅龙镇；排王赞；游武庙；雄州关；采石矶；锁五龙；双带箭；坛山谷；骂王朗；明末遗恨；御果园；好鹤失政；战北原；薛仁贵救驾；焚烟墩
全量,T0102,忠义家国|政治权力,忠义家国 + 政治权力,2,1|2,1,2,17,19,政治权力,政治权力:11|忠义家国:6,权力关系,权力关系:17,历史戏:15|公案戏:2,0.7875,0.121,31.0924,01004008; 01005007; 01011002; 01016005; 02002034; 02008017; 03003001; 03028006; 03079003; 03108007; 05011001; 05021002; 09006001; 14001002; 14001009; 70001102; 70005115,大保国；二进宫；请宋灵；未央宫；汉忠烈；梅花妆；双尽忠；请宋灵；输财救国；疯僧扫秦；游武庙；喜封侯；打严嵩；二进宫；大保国
全量,T0511,公案冤狱|宗教祥瑞,公案冤狱 + 宗教祥瑞,2,5|11,5,11,17,20,宗教祥瑞,宗教祥瑞:9|公案冤狱:8,审判与恩怨关系,审判与恩怨关系:9|婚恋关系:7|冲突关系:1,神怪戏:7|公案戏:4|家庭戏:4|历史戏:2,0.402,0.0745,32.6535,01001004; 02005006; 02005007; 02005008; 02005010; 02005011; 02005012; 02005013; 02005014; 02005015; 02007032; 03053005; 03053006; 03053007; 03091006; 70006109; 80000007,乌盆计；九莲灯；九莲灯；九莲灯；九莲灯；九莲灯；九莲灯；九莲灯；九莲灯；九莲灯；目莲记；闹东京；双包案；神虎报；乌盆记
全量,T020708,政治权力|战争武略|恩怨报偿,政治权力 + 战争武略 + 恩怨报偿,3,2|7|8,2,8,17,21,战争武略,战争武略:11|恩怨报偿:5|政治权力:1,冲突关系,冲突关系:8|权力关系:6|审判与恩怨关系:3,历史戏:13|神怪戏:2|公案戏:1|江湖戏:1,0.8032,0.2158,36.8424,01003011; 01006001; 01018006; 01022004; 02005028; 02005031; 03008002; 03047003; 03051004; 03075007; 03106004; 04013002; 05007006; 70001108; 70005116; 70201203; 80000011,斩黄袍；连营寨；煤山恨；明末遗恨；报信；四平山；珍珠烈火旗；哭秦庭；马陵道；斩于吉；窃兵符；千里走单骑；斩黄袍；徐策跑城；煤山恨
全量,T030410,婚恋姻缘|家庭亲情|礼教品格,婚恋姻缘 + 家庭亲情 + 礼教品格,3,3|4|10,3,10,16,22,婚恋姻缘,婚恋姻缘:8|家庭亲情:4|礼教品格:4,婚恋关系,婚恋关系:10|亲属关系:5|同盟关系:1,家庭戏:14|公案戏:2,0.9268,0.1188,30.4937,01003003; 01008003; 01008011; 01010006; 01015010; 01018002; 01030010; 02012045; 03004004; 03031005; 03057007; 04021003; 70202106; 70202112; 70805101; 70902121,桑园会；汾河湾；双钉记；忠孝图；紫荆树；孝妇羹；十二红；弓砚缘；南天门；双摇会；晴雯补裘；小放牛；碧玉簪；锁麟囊；锁麟囊
全量,T0609,除暴侠义|善恶转化,除暴侠义 + 善恶转化,2,6|9,6,9,15,23,除暴侠义,除暴侠义:13|善恶转化:2,同盟关系,同盟关系:4|亲属关系:4|冲突关系:4|婚恋关系:2|权力关系:1,江湖戏:8|家庭戏:3|神怪戏:2|历史戏:2,0.5307,0.0858,26.4793,01014009; 01015014; 01018012; 01028006; 01029005; 02006035; 02009026; 02012013; 02012020; 04011005; 04023002; 13001007; 70402104; 70901105; 70901115,除三害；赵家楼；戏叔；蜈蚣岭；普球山；花魔寨；林冲夜奔；丁彪投宿；莲花湖；清风寨；武松打虎；敲骨求金；除三害；义侠记·打虎；宝剑记·夜奔
全量,T020709,政治权力|战争武略|善恶转化,政治权力 + 战争武略 + 善恶转化,3,2|7|9,2,9,14,24,战争武略,战争武略:8|政治权力:4|善恶转化:2,权力关系,权力关系:7|冲突关系:6|同盟关系:1,历史戏:13|家庭戏:1,0.6268,0.1751,32.9143,01013015; 02003004; 03001002; 03006003; 03007005; 03021004; 03021012; 03021013; 03041003; 03042004; 05002003; 70002101; 70402105; 70601104,玉门关；捉放曹；平陆浑；白门楼；十道本；投军降马；银空山；大登殿；玉门关；史可法；陈桥兵变；群英会·借东风；断密涧；赤壁鏖兵
全量,T0210,政治权力|礼教品格,政治权力 + 礼教品格,2,2|10,2,10,13,25,礼教品格,礼教品格:9|政治权力:4,权力关系,权力关系:11|亲属关系:1|冲突关系:1,历史戏:9|家庭戏:2|神怪戏:2,0.8925,0.1561,29.2254,01001005; 01010005; 01028009; 02003021; 02008026; 03054006; 04042002; 05014005; 08005002; 70006103; 70902133; 70902142; 94000002,打鼓骂曹；忠孝牌；沙桥饯别；骂曹饯行；洒金桥；徐母骂曹；击鼓骂曹；左慈骂曹；击鼓骂曹；击鼓骂曹；长生殿·弹词；四声猿·骂曹；海瑞上疏
全量,T020712,政治权力|战争武略|文人世情,政治权力 + 战争武略 + 文人世情,3,2|7|12,2,12,13,26,战争武略,战争武略:6|政治权力:6|文人世情:1,权力关系,权力关系:9|冲突关系:2|同盟关系:2,历史戏:12|江湖戏:1,0.7882,0.0856,33.2769,01001015; 01009016; 02001046; 02005032; 02006009; 02012041; 03041002; 04003001; 70001107; 70004107; 70901132; 70902129; 80000027,战北原；进蛮诗；装疯；晋阳宫；御果园；弓砚缘；投笔封侯；三顾茅庐；萧何月下追韩信；未央宫斩韩信；桃花扇·争座；长生殿·惊变；三顾茅庐
全量,T0911,善恶转化|宗教祥瑞,善恶转化 + 宗教祥瑞,2,9|11,9,11,12,27,宗教祥瑞,宗教祥瑞:12,亲属关系,亲属关系:5|权力关系:4|冲突关系:2|婚恋关系:1,神怪戏:12,0.6912,0.2309,24.7183,01002018; 02001001; 02001002; 02001004; 02001008; 02006025; 02006026; 02006033; 02007031; 03099002; 04049001; 13004003,目莲救母；天官赐福；三多九如；遐龄永祝；财源辐辏；安天会；观音院；闻仁驱邪；目莲记；流沙河；无底洞；安天会·偷桃
全量,T020607,政治权力|除暴侠义|战争武略,政治权力 + 除暴侠义 + 战争武略,3,2|6|7,2,7,12,28,战争武略,战争武略:6|除暴侠义:5|政治权力:1,权力关系,权力关系:10|冲突关系:2,历史戏:8|江湖戏:2|公案戏:2,0.8375,0.1361,30.5925,01007001; 01017003; 01027010; 01038001; 02001028; 02002030; 02005033; 02012033; 03092002; 05003001; 70401104; 70901118,卖马；假金牌；晋阳宫；珠帘寨；米注山；太行山；晋阳宫；五里碑；湘江会；临潼会；青梅煮酒论英雄；麒麟阁·三挡
全量,T0608,除暴侠义|恩怨报偿,除暴侠义 + 恩怨报偿,2,6|8,6,8,11,29,除暴侠义,除暴侠义:10|恩怨报偿:1,审判与恩怨关系,审判与恩怨关系:6|亲属关系:3|冲突关系:1|婚恋关系:1,江湖戏:8|历史戏:2|公案戏:1,0.553,0.3551,39.2418,01006009; 01012004; 01018013; 01022005; 02009041; 02012003; 02012024; 03071001; 04023001; 04024004; 80000013,连环套；莲花湖；迷人馆；青风寨；百花庄；常云观；霸王庄；野猪林；武松；一箭仇；野猪林
全量,T0412,家庭亲情|文人世情,家庭亲情 + 文人世情,2,4|12,4,12,10,30,文人世情,文人世情:10,亲属关系,亲属关系:8|权力关系:2,家庭戏:9|神怪戏:1,0.8538,0.1697,28.527,01002005; 01006005; 01011014; 03031004; 04026001; 05011003; 13003008; 70203103; 70902109; 94000005,落花园；状元谱；洛阳桥；顶花砖；游园惊梦；三进士；画兰；元宵谜；牡丹亭·游园；诗文会
全量,T020710,政治权力|战争武略|礼教品格,政治权力 + 战争武略 + 礼教品格,3,2|7|10,2,10,10,31,战争武略,战争武略:5|礼教品格:5,权力关系,权力关系:8|冲突关系:2,历史戏:8|神怪戏:2,0.8574,0.169,25.268,01012016; 01022006; 02006008; 02006073; 02006074; 03027006; 05014004; 14002003; 70901107; 70902131,双观星；太平桥；秦王吊孝；太平桥；太平桥；骂杨广；张松骂曹；打鼓骂曹；千金记·别姬；长生殿·闻铃
全量,T040608,家庭亲情|除暴侠义|恩怨报偿,家庭亲情 + 除暴侠义 + 恩怨报偿,3,4|6|8,4,8,10,32,除暴侠义,除暴侠义:5|家庭亲情:3|恩怨报偿:2,亲属关系,亲属关系:6|审判与恩怨关系:3|冲突关系:1,江湖戏:4|公案戏:4|历史戏:1|家庭戏:1,0.7146,0.3662,41.478,01019009; 01024002; 01030004; 02012034; 02012035; 02012036; 03006006; 11001001; 70001201; 70805901,曾头市；宏碧缘；三雅园；东昌府；东昌府；东昌府；打登州；连环套；打渔杀家；李逵探母
全量,T040711,家庭亲情|战争武略|宗教祥瑞,家庭亲情 + 战争武略 + 宗教祥瑞,3,4|7|11,4,11,10,33,宗教祥瑞,宗教祥瑞:7|战争武略:3,冲突关系,冲突关系:7|亲属关系:2|同盟关系:1,神怪戏:6|家庭戏:2|历史戏:1|公案戏:1,0.6639,0.3154,26.169,01001002; 01007014; 01010011; 01021005; 01037006; 02001049; 02001050; 02008061; 02010037; 03048001,洪羊洞；五雷阵；人才驸马；泗州城；碧游宫；五雷阵；五雷阵；双沙河；鬼辩；打城隍
全量,T010204,忠义家国|政治权力|家庭亲情,忠义家国 + 政治权力 + 家庭亲情,3,1|2|4,1,4,9,34,忠义家国,忠义家国:7|政治权力:2,冲突关系,冲突关系:4|权力关系:4|亲属关系:1,历史戏:5|神怪戏:2|公案戏:1|家庭戏:1,0.27,0.0361,32.3744,02008007; 02008008; 02008009; 02008010; 02008011; 02008012; 03031001; 03084004; 70002103,双尽忠；双尽忠；双尽忠；双尽忠；双尽忠；双尽忠；扫地挂画；四红图；十老安刘
全量,T020405,政治权力|家庭亲情|公案冤狱,政治权力 + 家庭亲情 + 公案冤狱,3,2|4|5,2,5,9,35,公案冤狱,公案冤狱:4|家庭亲情:4|政治权力:1,亲属关系,亲属关系:4|审判与恩怨关系:3|权力关系:2,公案戏:5|历史戏:3|家庭戏:1,0.8481,0.0704,27.3078,01004012; 01005008; 01006014; 01009011; 01039004; 02008044; 03034006; 03055004; 70201201,女起解；玉堂春；金水桥；雁门关；太君辞朝；百箭会；太君辞朝；告御状；女起解
全量,T020408,政治权力|家庭亲情|恩怨报偿,政治权力 + 家庭亲情 + 恩怨报偿,3,2|4|8,2,8,9,36,政治权力,政治权力:5|家庭亲情:3|恩怨报偿:1,权力关系,权力关系:4|亲属关系:3|审判与恩怨关系:1|冲突关系:1,历史戏:5|公案戏:2|家庭戏:1|江湖戏:1,0.9667,0.0593,31.1478,01032012; 02012043; 03097003; 05003002; 14002010; 70006102; 70204106; 70401107; 80000019,浣纱溪；弓砚缘；长亭会；楚宫恨；宇宙锋；捉放曹；渔夫恨；打龙棚；打严嵩
全量,T041012,家庭亲情|礼教品格|文人世情,家庭亲情 + 礼教品格 + 文人世情,3,4|10|12,4,12,9,37,家庭亲情,家庭亲情:7|文人世情:2,亲属关系,亲属关系:9,家庭戏:8|江湖戏:1,0.9556,0.0401,24.9078,01003018; 01010001; 01020010; 02007023; 03012001; 03057002; 70902120; 70902123; 70902145,丑表功；马鞍山；青楼梦；翠凤楼；望儿楼；黛玉伤春；玉簪记·问病；狮吼记·跪池；琵琶记·卖发
全量,T040607,家庭亲情|除暴侠义|战争武略,家庭亲情 + 除暴侠义 + 战争武略,3,4|6|7,4,7,9,38,战争武略,战争武略:4|除暴侠义:4|家庭亲情:1,冲突关系,冲突关系:7|亲属关系:2,历史戏:5|江湖戏:3|神怪戏:1,0.4778,0.3602,36.38,01005002; 02001019; 02001034; 02006052; 02010002; 03058004; 05010002; 15013001; 70805105,浣纱记；攻潼关；搜孤救孤；黄草山；夺锦标；青峰岭；青草坡；虎符救赵；响马传
全量,T040710,家庭亲情|战争武略|礼教品格,家庭亲情 + 战争武略 + 礼教品格,3,4|7|10,4,10,9,39,战争武略,战争武略:5|礼教品格:3|家庭亲情:1,亲属关系,亲属关系:7|冲突关系:1|婚恋关系:1,历史戏:7|家庭戏:2,0.7611,0.2156,29.0722,01003005; 01011012; 01016003; 01027011; 01035002; 02001021; 02003030; 03054003; 05004005,拾黄金；摩天岭；单刀赴会；战潼台；徐母骂曹；孝感天；徐母骂曹；马跳潭溪；袁吕结亲
全量,T040708,家庭亲情|战争武略|恩怨报偿,家庭亲情 + 战争武略 + 恩怨报偿,3,4|7|8,4,8,9,40,战争武略,战争武略:5|恩怨报偿:2|家庭亲情:2,冲突关系,冲突关系:4|亲属关系:3|同盟关系:2,历史戏:6|家庭戏:2|公案戏:1,0.7926,0.2185,31.1544,01009013; 01015002; 02012037; 03016004; 03039002; 03042001; 03042002; 70006101; 80000008,长亭会；古城相会；弓砚缘；白龙关；一捧雪；父子圆；卧虎山；搜孤救孤；哭灵牌
全量,T0106,忠义家国|除暴侠义,忠义家国 + 除暴侠义,2,1|6,1,6,8,41,除暴侠义,除暴侠义:6|忠义家国:2,亲属关系,亲属关系:4|权力关系:2|审判与恩怨关系:1|冲突关系:1,江湖戏:7|历史戏:1,0.8187,0.1639,32.1238,01014006; 01019011; 02009035; 02012001; 02012002; 02012012; 04009002; 14001005,丁甲山；九龙杯；快活林；忠义图；忠义图；九龙杯；岳母刺字；丁甲山
全量,T020410,政治权力|家庭亲情|礼教品格,政治权力 + 家庭亲情 + 礼教品格,3,2|4|10,2,10,8,42,政治权力,政治权力:5|家庭亲情:3,权力关系,权力关系:4|亲属关系:3|同盟关系:1,家庭戏:4|公案戏:2|江湖戏:1|历史戏:1,0.9583,0.125,24.6975,01002014; 01021008; 03012002; 03021003; 03056002; 70201101; 70902172; 70902177,宇宙锋；双合印；背楼；三击掌；时迁偷鸡；宇宙锋；艳云亭·痴诉；铁冠图·分宫
全量,T041112,家庭亲情|宗教祥瑞|文人世情,家庭亲情 + 宗教祥瑞 + 文人世情,3,4|11|12,4,12,8,43,家庭亲情,家庭亲情:5|文人世情:2|宗教祥瑞:1,亲属关系,亲属关系:8,神怪戏:4|家庭戏:2|公案戏:1|历史戏:1,0.5752,0.2073,34.4838,01036005; 03012003; 03048005; 04022004; 70002202; 70201105; 70902110; 70902111,天女散花；乾坤福寿镜；瞎子逛灯；劈山救母；胭脂宝褶；天女散花；牡丹亭·惊梦；牡丹亭·寻梦
全量,T070809,战争武略|恩怨报偿|善恶转化,战争武略 + 恩怨报偿 + 善恶转化,3,7|8|9,7,9,8,44,战争武略,战争武略:6|善恶转化:1|恩怨报偿:1,冲突关系,冲突关系:4|审判与恩怨关系:4,历史戏:8,0.7465,0.1615,36.21,01001019; 01035006; 02008013; 03019004; 03042005; 03100001; 70006107; 70601105,柴桑口；道州城；破华州；取金陵；明末孤忠；虹霓关；珠帘寨；赤壁鏖兵
全量,T0212,政治权力|文人世情,政治权力 + 文人世情,2,2|12,2,12,7,45,文人世情,文人世情:7,权力关系,权力关系:6|审判与恩怨关系:1,公案戏:2|历史戏:2|家庭戏:2|神怪戏:1,0.9524,0.0714,29.0014,01015012; 03068001; 04022002; 70902127; 70902128; 70902158; 90000010,一捧雪；新莽闱；描容上路；长生殿·酒楼；长生殿·絮阁；牡丹亭·硬拷；红梅阁
全量,T0408,家庭亲情|恩怨报偿,家庭亲情 + 恩怨报偿,2,4|8,4,8,7,46,家庭亲情,家庭亲情:6|恩怨报偿:1,亲属关系,亲属关系:6|婚恋关系:1,历史戏:4|江湖戏:2|家庭戏:1,1.1621,0.1398,30.1086,01011004; 02012039; 03034003; 04008002; 05024008; 70002203; 94000001,烧绵山；弓砚缘；漂母饭信；十三妹；曹营见母；二堂舍子；别宫祭江
全量,T020411,政治权力|家庭亲情|宗教祥瑞,政治权力 + 家庭亲情 + 宗教祥瑞,3,2|4|11,2,11,7,47,家庭亲情,家庭亲情:3|宗教祥瑞:3|政治权力:1,权力关系,权力关系:3|亲属关系:3|冲突关系:1,家庭戏:3|神怪戏:2|江湖戏:1|历史戏:1,0.5857,0.0619,24.1829,03052005; 03076002; 04012001; 70902132; 70904115; 70904208; 70904214,朝金顶；秦淮河；二堂舍子；长生殿·哭像；西游记·胖姑学舌；西游记·胖姑学舌；九莲灯·焚宫烧狱
全量,T020506,政治权力|公案冤狱|除暴侠义,政治权力 + 公案冤狱 + 除暴侠义,3,2|5|6,2,6,7,48,政治权力,政治权力:6|公案冤狱:1,权力关系,权力关系:6|审判与恩怨关系:1,江湖戏:5|公案戏:2,0.3302,0.0333,28.3471,01013020; 01027005; 02012007; 02012008; 02012009; 02012010; 02012011,花蝴蝶；三门街；九龙杯；九龙杯；九龙杯；九龙杯；九龙杯
全量,T020507,政治权力|公案冤狱|战争武略,政治权力 + 公案冤狱 + 战争武略,3,2|5|7,2,7,7,49,战争武略,战争武略:3|政治权力:2|公案冤狱:2,权力关系,权力关系:3|审判与恩怨关系:3|冲突关系:1,历史戏:6|公案戏:1,0.898,0.2313,36.3043,01024007; 03008001; 03008003; 03055002; 03055005; 05002001; 05024001,挡幽王；风雪夺昆仑；反延安；双龙会；永平安；斩彭越；鞭打督邮
全量,T030405,婚恋姻缘|家庭亲情|公案冤狱,婚恋姻缘 + 家庭亲情 + 公案冤狱,3,3|4|5,3,5,7,50,家庭亲情,家庭亲情:6|公案冤狱:1,亲属关系,亲属关系:6|审判与恩怨关系:1,公案戏:5|家庭戏:1|神怪戏:1,0.7247,0.3127,41.8071,01024006; 01039001; 03020002; 03040001; 03040002; 03043003; 70902138,雪杯圆；贩马记；游湖阴配；双玉镯；法门寺；涿州判；奇双会·写状
全量,T030708,婚恋姻缘|战争武略|恩怨报偿,婚恋姻缘 + 战争武略 + 恩怨报偿,3,3|7|8,3,8,7,51,恩怨报偿,恩怨报偿:3|婚恋姻缘:3|战争武略:1,婚恋关系,婚恋关系:4|审判与恩怨关系:2|冲突关系:1,历史戏:6|神怪戏:1,0.9374,0.0905,30.3414,01008006; 01040006; 02008054; 02011047; 03004001; 05012001; 70902178,虹霓关；金光阵；双挂印；刺虎；别宫祭江；吴越春秋；铁冠图·刺虎
全量,T040709,家庭亲情|战争武略|善恶转化,家庭亲情 + 战争武略 + 善恶转化,3,4|7|9,4,9,7,52,家庭亲情,家庭亲情:4|战争武略:2|善恶转化:1,亲属关系,亲属关系:5|冲突关系:2,历史戏:4|家庭戏:1|神怪戏:1|江湖戏:1,0.8092,0.1463,28.9571,01001008; 01022010; 03013005; 03021005; 03030005; 70901136; 94000003,取成都；飞叉阵；反五侯；平贵别窑；雁门关；升平宝筏·激猴；打孟良
全量,T02040708,政治权力|家庭亲情|战争武略|恩怨报偿,政治权力 + 家庭亲情 + 战争武略 + 恩怨报偿,4,2|4|7|8,2,8,7,53,政治权力,政治权力:4|家庭亲情:1|战争武略:1|恩怨报偿:1,权力关系,权力关系:6|亲属关系:1,历史戏:5|家庭戏:1|公案戏:1,0.6075,0.3128,43.3586,01015011; 01025010; 02001026; 03038003; 03072001; 14009005; 70002105,庆阳图；东宫扫雪；米注山；秋生造律；春秋笔；香妃恨；赵氏孤儿
全量,T1112,宗教祥瑞|文人世情,宗教祥瑞 + 文人世情,2,11|12,11,12,6,54,宗教祥瑞,宗教祥瑞:4|文人世情:2,亲属关系,亲属关系:2|权力关系:2|冲突关系:1|婚恋关系:1,神怪戏:3|家庭戏:2|历史戏:1,0.6667,0.0,19.5567,01027007; 03040003; 03060004; 04037003; 70902112; 70902113,戏牡丹；刘瑾逛花园；花亭射妖；钟馗嫁妹；牡丹亭·拾画；牡丹亭·叫画
全量,T0310,婚恋姻缘|礼教品格,婚恋姻缘 + 礼教品格,2,3|10,3,10,6,55,婚恋姻缘,婚恋姻缘:5|礼教品格:1,婚恋关系,婚恋关系:5|冲突关系:1,家庭戏:4|历史戏:1|江湖戏:1,1.0,0.0,26.215,03002002; 03021010; 03093002; 04010005; 70006106; 80000004,小上坟；武家坡；鹦鹉洲；三岔口；武家坡；武家坡
全量,T0506,公案冤狱|除暴侠义,公案冤狱 + 除暴侠义,2,5|6,5,6,6,56,除暴侠义,除暴侠义:6,审判与恩怨关系,审判与恩怨关系:5|冲突关系:1,江湖戏:5|公案戏:1,0.5019,0.1824,42.5533,01006010; 01012002; 01013010; 01024001; 03071003; 04010006,落马湖；闹江州；八蜡庙；宏碧缘；浔阳楼；通天犀
全量,T010407,忠义家国|家庭亲情|战争武略,忠义家国 + 家庭亲情 + 战争武略,3,1|4|7,1,7,6,57,家庭亲情,家庭亲情:3|忠义家国:2|战争武略:1,亲属关系,亲属关系:5|冲突关系:1,历史戏:5|家庭戏:1,0.7143,0.2,35.0133,01017008; 02011041; 03100006; 04014002; 05004008; 70801109,斩貂蝉；宁武关；锁阳关；岳家庄；月下赞貂婵；江汉渔歌
全量,T020312,政治权力|婚恋姻缘|文人世情,政治权力 + 婚恋姻缘 + 文人世情,3,2|3|12,2,12,6,58,文人世情,文人世情:4|婚恋姻缘:2,权力关系,权力关系:3|婚恋关系:3,家庭戏:5|公案戏:1,0.8556,0.1833,28.55,01010007; 01019005; 03021001; 70001205; 70006112; 70902159,打面缸；马前泼水；花园赠金；义责王魁；御碑亭；金雀记·乔醋
全量,T030411,婚恋姻缘|家庭亲情|宗教祥瑞,婚恋姻缘 + 家庭亲情 + 宗教祥瑞,3,3|4|11,3,11,6,59,婚恋姻缘,婚恋姻缘:4|宗教祥瑞:1|家庭亲情:1,婚恋关系,婚恋关系:5|亲属关系:1,神怪戏:3|家庭戏:3,0.7028,0.2397,27.0183,01003015; 01022008; 01027012; 01027013; 01028005; 01031012,阴阳河；喂药；看香头；长生乐；磨房产子；瑶池会
全量,T02030412,政治权力|婚恋姻缘|家庭亲情|文人世情,政治权力 + 婚恋姻缘 + 家庭亲情 + 文人世情,4,2|3|4|12,2,12,6,60,文人世情,文人世情:3|婚恋姻缘:1|家庭亲情:1|政治权力:1,权力关系,权力关系:3|婚恋关系:2|亲属关系:1,家庭戏:4|公案戏:1|历史戏:1,0.8115,0.2603,43.745,02002016; 03077001; 03079001; 03097001; 04010001; 80000021,卓文君；赵五娘；卓文君；斩伍奢；彩楼配；文姬归汉
全量,T010212,忠义家国|政治权力|文人世情,忠义家国 + 政治权力 + 文人世情,3,1|2|12,1,12,5,61,政治权力,政治权力:4|文人世情:1,权力关系,权力关系:4|冲突关系:1,历史戏:5,0.9718,0.0333,31.53,01016001; 02006056; 03028005; 70902126; 80000026,骂杨广；醉写；汤怀自刎；千忠戮·惨睹；桃花扇
全量,T021012,政治权力|礼教品格|文人世情,政治权力 + 礼教品格 + 文人世情,3,2|10|12,2,12,5,62,文人世情,文人世情:2|政治权力:2|礼教品格:1,权力关系,权力关系:5,历史戏:4|神怪戏:1,0.5795,0.0242,32.294,01024003; 02006059; 03021008; 03078003; 70204107,金马门；骂门；鸿雁捎书；孟尝君；桃花扇
全量,T020307,政治权力|婚恋姻缘|战争武略,政治权力 + 婚恋姻缘 + 战争武略,3,2|3|7,2,7,5,63,战争武略,战争武略:4|政治权力:1,婚恋关系,婚恋关系:3|权力关系:1|冲突关系:1,历史戏:5,0.8921,0.1578,31.766,01005005; 05016002; 70003107; 70901145; 90000008,沙陀国；敬德装疯；赐袍赠马；列国传·棋盘会；双阳公主
全量,T030406,婚恋姻缘|家庭亲情|除暴侠义,婚恋姻缘 + 家庭亲情 + 除暴侠义,3,3|4|6,3,6,5,64,家庭亲情,家庭亲情:4|婚恋姻缘:1,亲属关系,亲属关系:4|婚恋关系:1,江湖戏:3|公案戏:1|家庭戏:1,0.9419,0.0914,35.666,01040004; 03014003; 03022003; 14007006; 80000032,倒厅门；得意缘；古押衙；翠屏山；千里送京娘
全量,T040911,家庭亲情|善恶转化|宗教祥瑞,家庭亲情 + 善恶转化 + 宗教祥瑞,3,4|9|11,4,11,5,65,宗教祥瑞,宗教祥瑞:2|善恶转化:2|家庭亲情:1,亲属关系,亲属关系:5,神怪戏:4|家庭戏:1,0.1889,0.2226,29.458,01015009; 01031006; 02006031; 03099003; 03109001,盗魂铃；莲花塘；五庄观；莲花洞；河伯娶妇
全量,T070811,战争武略|恩怨报偿|宗教祥瑞,战争武略 + 恩怨报偿 + 宗教祥瑞,3,7|8|11,7,11,5,66,战争武略,战争武略:4|宗教祥瑞:1,冲突关系,冲突关系:4|审判与恩怨关系:1,神怪戏:3|家庭戏:1|历史戏:1,0.58,0.0333,26.21,01019010; 02001048; 02011021; 03027001; 03075004,佘塘关；五雷阵；飞坡岛；五雷阵；神亭岭
全量,T070911,战争武略|善恶转化|宗教祥瑞,战争武略 + 善恶转化 + 宗教祥瑞,3,7|9|11,7,11,5,67,善恶转化,善恶转化:2|宗教祥瑞:2|战争武略:1,冲突关系,冲突关系:3|权力关系:2,神怪戏:5,0.5333,0.2,27.262,02006027; 02006038; 05025002; 13004004; 70901134,黑风山；莲花洞；大闹蛇盘山鹰愁涧；安天会·大战；升平宝筏·擒猴
全量,T02030407,政治权力|婚恋姻缘|家庭亲情|战争武略,政治权力 + 婚恋姻缘 + 家庭亲情 + 战争武略,4,2|3|4|7,2,7,5,68,婚恋姻缘,婚恋姻缘:2|战争武略:2|政治权力:1,婚恋关系,婚恋关系:3|权力关系:2,历史戏:3|家庭戏:2,0.6542,0.1813,41.484,01011003; 02008040; 03051005; 05016001; 80000005,回龙阁；五台山；马陵道；双义节；火牛阵
全量,T02040710,政治权力|家庭亲情|战争武略|礼教品格,政治权力 + 家庭亲情 + 战争武略 + 礼教品格,4,2|4|7|10,2,10,5,69,家庭亲情,家庭亲情:3|战争武略:2,亲属关系,亲属关系:5,历史戏:5,0.9333,0.0467,32.574,01004009; 01025008; 03004002; 03013001; 03054008,忠孝全；刘秀走国；胭脂虎；渭水河；一请诸葛
全量,T03040709,婚恋姻缘|家庭亲情|战争武略|善恶转化,婚恋姻缘 + 家庭亲情 + 战争武略 + 善恶转化,4,3|4|7|9,3,9,5,70,战争武略,战争武略:2|婚恋姻缘:2|善恶转化:1,婚恋关系,婚恋关系:3|亲属关系:1|冲突关系:1,历史戏:3|家庭戏:1|神怪戏:1,0.9333,0.1333,37.718,01011008; 02006036; 03005001; 03008004; 05014008,马上缘；救儒逃洞；合欢图；通海沟；截江夺斗
全量,T0811,恩怨报偿|宗教祥瑞,恩怨报偿 + 宗教祥瑞,2,8|11,8,11,4,71,宗教祥瑞,宗教祥瑞:4,婚恋关系,婚恋关系:2|审判与恩怨关系:1|权力关系:1,神怪戏:4,0.6961,0.3942,32.8275,01006015; 01027006; 01033002; 02008016,罗成托梦；怒斩于神仙；水漫金山寺；因果报
全量,T010710,忠义家国|战争武略|礼教品格,忠义家国 + 战争武略 + 礼教品格,3,1|7|10,1,10,4,72,战争武略,战争武略:4,冲突关系,冲突关系:3|同盟关系:1,历史戏:4,0.9833,0.025,22.94,01003010; 01023007; 70005111; 70902130,战蒲关；百凉楼；马嵬驿；长生殿·埋玉
全量,T020711,政治权力|战争武略|宗教祥瑞,政治权力 + 战争武略 + 宗教祥瑞,3,2|7|11,2,11,4,73,战争武略,战争武略:4,冲突关系,冲突关系:3|权力关系:1,神怪戏:3|历史戏:1,0.8417,0.375,31.0725,01036007; 01039007; 02001047; 02008027,刀劈三关；斩妲己；五雷阵；输华山
全量,T040512,家庭亲情|公案冤狱|文人世情,家庭亲情 + 公案冤狱 + 文人世情,3,4|5|12,4,12,4,74,公案冤狱,公案冤狱:3|家庭亲情:1,审判与恩怨关系,审判与恩怨关系:3|亲属关系:1,公案戏:4,0.7974,0.2619,37.9125,03041007; 03091008; 04034001; 70202105,双合印；马房释放；双合印；窦娥冤
全量,T040712,家庭亲情|战争武略|文人世情,家庭亲情 + 战争武略 + 文人世情,3,4|7|12,4,12,4,75,战争武略,战争武略:2|家庭亲情:1|文人世情:1,亲属关系,亲属关系:2|冲突关系:1|同盟关系:1,历史戏:3|家庭戏:1,0.9,0.1667,27.7275,01037003; 03027004; 03054004; 70003102,三字经；徐庶劝友；水镜庄；桃园结义
全量,T040812,家庭亲情|恩怨报偿|文人世情,家庭亲情 + 恩怨报偿 + 文人世情,3,4|8|12,4,12,4,76,恩怨报偿,恩怨报偿:2|文人世情:1|家庭亲情:1,审判与恩怨关系,审判与恩怨关系:2|亲属关系:2,神怪戏:2|公案戏:1|家庭戏:1,0.75,0.0,25.3575,01002020; 03037001; 03074005; 13004002,白状元祭塔；金瓶女；马鞍山；洛阳桥·下海
全量,T040809,家庭亲情|恩怨报偿|善恶转化,家庭亲情 + 恩怨报偿 + 善恶转化,3,4|8|9,4,9,4,77,善恶转化,善恶转化:2|家庭亲情:2,冲突关系,冲突关系:2|亲属关系:2,江湖戏:2|家庭戏:1|历史戏:1,0.7,0.0833,29.4725,01002016; 01020002; 03033007; 80000002,打渔杀家；戏迷传；打龙棚；打渔杀家
全量,T02040709,政治权力|家庭亲情|战争武略|善恶转化,政治权力 + 家庭亲情 + 战争武略 + 善恶转化,4,2|4|7|9,2,9,4,78,战争武略,战争武略:2|家庭亲情:1|善恶转化:1,权力关系,权力关系:2|亲属关系:1|冲突关系:1,历史戏:3|神怪戏:1,0.6477,0.1227,34.0925,01004010; 03060002; 03079002; 03098002,双投唐；洒金桥；苏武牧羊；广泰庄
全量,T02070911,政治权力|战争武略|善恶转化|宗教祥瑞,政治权力 + 战争武略 + 善恶转化 + 宗教祥瑞,4,2|7|9|11,2,11,4,79,善恶转化,善恶转化:3|政治权力:1,权力关系,权力关系:3|冲突关系:1,神怪戏:3|历史戏:1,0.7917,0.3333,34.575,02001017; 02006069; 70005112; 70805104,太师托梦；祥梅寺；刀劈三关；大闹天宫
全量,T03040607,婚恋姻缘|家庭亲情|除暴侠义|战争武略,婚恋姻缘 + 家庭亲情 + 除暴侠义 + 战争武略,4,3|4|6|7,3,7,4,80,除暴侠义,除暴侠义:2|家庭亲情:1|战争武略:1,婚恋关系,婚恋关系:2|冲突关系:1|亲属关系:1,江湖戏:3|历史戏:1,0.552,0.3354,41.885,01002008; 01010010; 01028002; 01029004,八义图；锁云囊；九阳钟；九阳钟
全量,T03040608,婚恋姻缘|家庭亲情|除暴侠义|恩怨报偿,婚恋姻缘 + 家庭亲情 + 除暴侠义 + 恩怨报偿,4,3|4|6|8,3,8,4,81,除暴侠义,除暴侠义:2|家庭亲情:1|恩怨报偿:1,亲属关系,亲属关系:2|婚恋关系:1|冲突关系:1,江湖戏:2|历史戏:1|家庭戏:1,1.0,0.0,45.84,01004015; 02002007; 03050003; 03084001,新安驿；韩信；铁丘坟；送京娘
全量,T1012,礼教品格|文人世情,礼教品格 + 文人世情,2,10|12,10,12,3,82,文人世情,文人世情:2|礼教品格:1,亲属关系,亲属关系:2|冲突关系:1,家庭戏:3,0.903,0.0778,26.8967,04022003; 04037001; 70902119,扫松下书；玉簪记；玉簪记·琴挑
全量,T0308,婚恋姻缘|恩怨报偿,婚恋姻缘 + 恩怨报偿,2,3|8,3,8,3,83,婚恋姻缘,婚恋姻缘:3,婚恋关系,婚恋关系:3,家庭戏:1|江湖戏:1|神怪戏:1,0.6667,0.0,20.8867,01002003; 01034006; 70901106,祭长江；镔铁剑；一种情·冥勘
全量,T0508,公案冤狱|恩怨报偿,公案冤狱 + 恩怨报偿,2,5|8,5,8,3,84,恩怨报偿,恩怨报偿:2|公案冤狱:1,审判与恩怨关系,审判与恩怨关系:3,家庭戏:1|历史戏:1|神怪戏:1,0.9333,0.1111,26.9067,01023003; 04045004; 80000018,举鼎观画；举鼎观画；奇冤报
全量,T010308,忠义家国|婚恋姻缘|恩怨报偿,忠义家国 + 婚恋姻缘 + 恩怨报偿,3,1|3|8,1,8,3,85,婚恋姻缘,婚恋姻缘:3,婚恋关系,婚恋关系:3,家庭戏:3,0.3985,0.539,44.0,04027001; 09007001; 70201110,生死恨；生死恨；生死恨
全量,T010708,忠义家国|战争武略|恩怨报偿,忠义家国 + 战争武略 + 恩怨报偿,3,1|7|8,1,8,3,86,战争武略,战争武略:2|恩怨报偿:1,冲突关系,冲突关系:2|审判与恩怨关系:1,历史戏:2|神怪戏:1,0.5,0.2222,25.6267,01013011; 03041006; 05009002,伐东吴；小显；雄州关
全量,T020412,政治权力|家庭亲情|文人世情,政治权力 + 家庭亲情 + 文人世情,3,2|4|12,2,12,3,87,政治权力,政治权力:2|文人世情:1,权力关系,权力关系:3,历史戏:3,0.3333,0.0,24.65,01010003; 02006048; 05004007,渭水河；五凤楼；七步吟
全量,T020911,政治权力|善恶转化|宗教祥瑞,政治权力 + 善恶转化 + 宗教祥瑞,3,2|9|11,2,11,3,88,宗教祥瑞,宗教祥瑞:3,权力关系,权力关系:3,神怪戏:3,0.7965,0.1889,37.5367,01016018; 01036003; 05025001,妙善出家；大香山；大闹御马监
全量,T031112,婚恋姻缘|宗教祥瑞|文人世情,婚恋姻缘 + 宗教祥瑞 + 文人世情,3,3|11|12,3,12,3,89,文人世情,文人世情:2|婚恋姻缘:1,婚恋关系,婚恋关系:3,家庭戏:2|神怪戏:1,0.8571,0.2,30.1333,01013014; 01020011; 01040005,金钱豹；送花楼会；万花船
全量,T030408,婚恋姻缘|家庭亲情|恩怨报偿,婚恋姻缘 + 家庭亲情 + 恩怨报偿,3,3|4|8,3,8,3,90,家庭亲情,家庭亲情:3,亲属关系,亲属关系:3,江湖戏:1|家庭戏:1|公案戏:1,0.8254,0.2444,27.9367,01013013; 01032006; 03039007,刺巴杰；芙蓉诔；祭雪艳
全量,T030508,婚恋姻缘|公案冤狱|恩怨报偿,婚恋姻缘 + 公案冤狱 + 恩怨报偿,3,3|5|8,3,8,3,91,婚恋姻缘,婚恋姻缘:2|公案冤狱:1,婚恋关系,婚恋关系:2|审判与恩怨关系:1,公案戏:2|神怪戏:1,0.9,0.1667,28.4367,01012015; 01013006; 70001202,一捧雪；奇冤报；审头刺汤
全量,T040910,家庭亲情|善恶转化|礼教品格,家庭亲情 + 善恶转化 + 礼教品格,3,4|9|10,4,10,3,92,家庭亲情,家庭亲情:2|礼教品格:1,亲属关系,亲属关系:2|权力关系:1,家庭戏:2|神怪戏:1,0.6667,0.0,21.1667,02001056; 03034001; 04016002,幻化；孟母断机；拾玉镯
全量,T050708,公案冤狱|战争武略|恩怨报偿,公案冤狱 + 战争武略 + 恩怨报偿,3,5|7|8,5,8,3,93,恩怨报偿,恩怨报偿:2|公案冤狱:1,审判与恩怨关系,审判与恩怨关系:3,历史戏:2|家庭戏:1,0.5556,0.1667,28.8633,01001018; 03009002; 03086003,双狮图；耒阳县；擒乌龙
全量,T01020407,忠义家国|政治权力|家庭亲情|战争武略,忠义家国 + 政治权力 + 家庭亲情 + 战争武略,4,1|2|4|7,1,7,3,94,家庭亲情,家庭亲情:1|忠义家国:1|政治权力:1,权力关系,权力关系:2|亲属关系:1,历史戏:2|家庭戏:1,0.8889,0.2222,35.3967,01017012; 01022002; 05022001,连环计；哭祖庙；龙凤帕
全量,T02030405,政治权力|婚恋姻缘|家庭亲情|公案冤狱,政治权力 + 婚恋姻缘 + 家庭亲情 + 公案冤狱,4,2|3|4|5,2,5,3,95,婚恋姻缘,婚恋姻缘:2|公案冤狱:1,婚恋关系,婚恋关系:2|审判与恩怨关系:1,公案戏:2|家庭戏:1,0.7381,0.5244,37.74,01010004; 03016005; 70203108,法场换子；赛太岁；勘玉钏
全量,T02070812,政治权力|战争武略|恩怨报偿|文人世情,政治权力 + 战争武略 + 恩怨报偿 + 文人世情,4,2|7|8|12,2,12,3,96,政治权力,政治权力:2|恩怨报偿:1,权力关系,权力关系:2|审判与恩怨关系:1,历史戏:2|神怪戏:1,1.0,0.0,38.96,03018002; 03051007; 03091001,海潮珠；马陵道；功臣泪
全量,T03041112,婚恋姻缘|家庭亲情|宗教祥瑞|文人世情,婚恋姻缘 + 家庭亲情 + 宗教祥瑞 + 文人世情,4,3|4|11|12,3,12,3,97,婚恋姻缘,婚恋姻缘:2|家庭亲情:1,婚恋关系,婚恋关系:2|亲属关系:1,家庭戏:3,0.7305,0.3472,40.3367,02010032; 70203105; 70203203,狮吼记；钗头凤；绣襦记
全量,T03040710,婚恋姻缘|家庭亲情|战争武略|礼教品格,婚恋姻缘 + 家庭亲情 + 战争武略 + 礼教品格,4,3|4|7|10,3,10,3,98,婚恋姻缘,婚恋姻缘:2|家庭亲情:1,婚恋关系,婚恋关系:2|亲属关系:1,家庭戏:2|神怪戏:1,0.4667,0.3333,40.17,02001022; 03034002; 03066002,孝感天；孝感天；庚娘
全量,T04050608,家庭亲情|公案冤狱|除暴侠义|恩怨报偿,家庭亲情 + 公案冤狱 + 除暴侠义 + 恩怨报偿,4,4|5|6|8,4,8,3,99,恩怨报偿,恩怨报偿:2|公案冤狱:1,审判与恩怨关系,审判与恩怨关系:3,江湖戏:2|公案戏:1,0.713,0.2328,39.4333,01013007; 01025001; 70902171,恶虎村；宏碧缘；白罗衫·看状
全量,T04060712,家庭亲情|除暴侠义|战争武略|文人世情,家庭亲情 + 除暴侠义 + 战争武略 + 文人世情,4,4|6|7|12,4,12,3,100,家庭亲情,家庭亲情:1|除暴侠义:1|战争武略:1,亲属关系,亲属关系:2|冲突关系:1,公案戏:1|江湖戏:1|家庭戏:1,0.6222,0.0667,43.5967,01014003; 03059004; 03105002,浔阳楼；风流双枪将；绿珠坠楼
全量,T0108,忠义家国|恩怨报偿,忠义家国 + 恩怨报偿,2,1|8,1,8,2,101,忠义家国,忠义家国:2,审判与恩怨关系,审判与恩怨关系:1|冲突关系:1,历史戏:2,0.8,0.15,26.19,14001003; 70005104,八大锤；博浪锥
全量,T010203,忠义家国|政治权力|婚恋姻缘,忠义家国 + 政治权力 + 婚恋姻缘,3,1|2|3,1,3,2,102,忠义家国,忠义家国:2,权力关系,权力关系:1|同盟关系:1,家庭戏:1|神怪戏:1,0.85,0.25,27.28,02012038; 10002001,弓砚缘；南天门
全量,T010205,忠义家国|政治权力|公案冤狱,忠义家国 + 政治权力 + 公案冤狱,3,1|2|5,1,5,2,103,忠义家国,忠义家国:1|公案冤狱:1,审判与恩怨关系,审判与恩怨关系:1|权力关系:1,江湖戏:1|历史戏:1,0.8667,0.1667,26.34,01018011; 80000024,五人义；贺后骂殿
全量,T010408,忠义家国|家庭亲情|恩怨报偿,忠义家国 + 家庭亲情 + 恩怨报偿,3,1|4|8,1,8,2,104,恩怨报偿,恩怨报偿:2,审判与恩怨关系,审判与恩怨关系:2,历史戏:2,0.8762,0.2,47.75,01038009; 05012002,湘江会；吴越春秋
全量,T010607,忠义家国|除暴侠义|战争武略,忠义家国 + 除暴侠义 + 战争武略,3,1|6|7,1,7,2,105,战争武略,战争武略:2,冲突关系,冲突关系:2,历史戏:2,1.0,0.0,26.73,03080005; 04001002,月下斩貂蝉；樊江关
全量,T010709,忠义家国|战争武略|善恶转化,忠义家国 + 战争武略 + 善恶转化,3,1|7|9,1,9,2,106,忠义家国,忠义家国:1|战争武略:1,亲属关系,亲属关系:1|冲突关系:1,历史戏:2,0.881,0.1667,48.195,02010024; 03084002,洞庭湖；南界关
全量,T020310,政治权力|婚恋姻缘|礼教品格,政治权力 + 婚恋姻缘 + 礼教品格,3,2|3|10,2,10,2,107,婚恋姻缘,婚恋姻缘:2,婚恋关系,婚恋关系:2,家庭戏:2,0.5,0.0,28.2,01005001; 01036004,武家坡；翠花宫
全量,T031012,婚恋姻缘|礼教品格|文人世情,婚恋姻缘 + 礼教品格 + 文人世情,3,3|10|12,3,12,2,108,婚恋姻缘,婚恋姻缘:1|文人世情:1,婚恋关系,婚恋关系:2,家庭戏:1|公案戏:1,0.9333,0.1,33.555,01005013; 03022002,双摇会；沙叱利
全量,T030409,婚恋姻缘|家庭亲情|善恶转化,婚恋姻缘 + 家庭亲情 + 善恶转化,3,3|4|9,3,9,2,109,婚恋姻缘,婚恋姻缘:1|家庭亲情:1,婚恋关系,婚恋关系:1|亲属关系:1,家庭戏:2,0.95,0.0833,29.63,01038004; 70601110,珍珠衫；变羊记
全量,T030712,婚恋姻缘|战争武略|文人世情,婚恋姻缘 + 战争武略 + 文人世情,3,3|7|12,3,12,2,110,文人世情,文人世情:1|婚恋姻缘:1,同盟关系,同盟关系:1|婚恋关系:1,家庭戏:2,0.8333,0.3333,28.765,70001106; 70902114,乌龙院；紫钗记·折柳
全量,T041011,家庭亲情|礼教品格|宗教祥瑞,家庭亲情 + 礼教品格 + 宗教祥瑞,3,4|10|11,4,11,2,111,家庭亲情,家庭亲情:2,亲属关系,亲属关系:2,家庭戏:1|公案戏:1,0.881,0.1667,33.29,01008010; 01028001,二姐逛庙；童女斩蛇
全量,T040510,家庭亲情|公案冤狱|礼教品格,家庭亲情 + 公案冤狱 + 礼教品格,3,4|5|10,4,10,2,112,公案冤狱,公案冤狱:1|家庭亲情:1,审判与恩怨关系,审判与恩怨关系:1|亲属关系:1,公案戏:2,0.9167,0.1667,25.165,01005006; 01027008,六月雪；打沙锅
全量,T040511,家庭亲情|公案冤狱|宗教祥瑞,家庭亲情 + 公案冤狱 + 宗教祥瑞,3,4|5|11,4,11,2,113,宗教祥瑞,宗教祥瑞:1|家庭亲情:1,审判与恩怨关系,审判与恩怨关系:1|同盟关系:1,家庭戏:1|历史戏:1,0.6801,0.3271,31.375,01010017; 01026008,烟鬼叹；三结义
全量,T040506,家庭亲情|公案冤狱|除暴侠义,家庭亲情 + 公案冤狱 + 除暴侠义,3,4|5|6,4,6,2,114,除暴侠义,除暴侠义:2,亲属关系,亲属关系:2,江湖戏:2,0.6737,0.1871,46.725,01027003; 03063001,三门街；酒丐
全量,T040507,家庭亲情|公案冤狱|战争武略,家庭亲情 + 公案冤狱 + 战争武略,3,4|5|7,4,7,2,115,公案冤狱,公案冤狱:1|家庭亲情:1,审判与恩怨关系,审判与恩怨关系:1|亲属关系:1,家庭戏:1|历史戏:1,0.8125,0.1771,44.625,02009020; 70002104,路遥知马力；串龙珠
全量,T040811,家庭亲情|恩怨报偿|宗教祥瑞,家庭亲情 + 恩怨报偿 + 宗教祥瑞,3,4|8|11,4,11,2,116,恩怨报偿,恩怨报偿:1|家庭亲情:1,审判与恩怨关系,审判与恩怨关系:1|亲属关系:1,家庭戏:1|公案戏:1,0.8333,0.5,26.645,01028003; 03048006,行路哭灵；定计化缘
全量,T050709,公案冤狱|战争武略|善恶转化,公案冤狱 + 战争武略 + 善恶转化,3,5|7|9,5,9,2,117,公案冤狱,公案冤狱:1|战争武略:1,审判与恩怨关系,审判与恩怨关系:1|冲突关系:1,神怪戏:1|历史戏:1,0.4286,0.1,26.515,02006037; 04017001,法场明冤；战太平
全量,T060710,除暴侠义|战争武略|礼教品格,除暴侠义 + 战争武略 + 礼教品格,3,6|7|10,6,10,2,118,除暴侠义,除暴侠义:2,冲突关系,冲突关系:2,家庭戏:1|江湖戏:1,0.5,0.0,24.395,01010014; 90000001,卖饽饽；红线盗盒
全量,T060711,除暴侠义|战争武略|宗教祥瑞,除暴侠义 + 战争武略 + 宗教祥瑞,3,6|7|11,6,11,2,119,战争武略,战争武略:2,冲突关系,冲突关系:2,神怪戏:1|历史戏:1,0.8667,0.2,32.8,02010034; 70901103,大悲楼；昊天塔·激良
全量,T060708,除暴侠义|战争武略|恩怨报偿,除暴侠义 + 战争武略 + 恩怨报偿,3,6|7|8,6,8,2,120,除暴侠义,除暴侠义:1|战争武略:1,审判与恩怨关系,审判与恩怨关系:1|冲突关系:1,历史戏:2,1.0,0.0,50.335,03071002; 05015002,小鳌山；恶虎关
全量,T070812,战争武略|恩怨报偿|文人世情,战争武略 + 恩怨报偿 + 文人世情,3,7|8|12,7,12,2,121,战争武略,战争武略:2,冲突关系,冲突关系:2,历史戏:2,0.9167,0.1667,27.085,01001011; 80000031,文昭关；文昭关
全量,T070910,战争武略|善恶转化|礼教品格,战争武略 + 善恶转化 + 礼教品格,3,7|9|10,7,10,2,122,战争武略,战争武略:1|善恶转化:1,同盟关系,同盟关系:1|冲突关系:1,历史戏:2,1.0,0.0,25.465,01010015; 70902108,荐诸葛；牧羊记·望乡
全量,T081112,恩怨报偿|宗教祥瑞|文人世情,恩怨报偿 + 宗教祥瑞 + 文人世情,3,8|11|12,8,12,2,123,宗教祥瑞,宗教祥瑞:1|文人世情:1,审判与恩怨关系,审判与恩怨关系:2,神怪戏:1|家庭戏:1,0.25,0.6667,22.82,01018003; 70902162,骂阎罗；疗妒羹·题曲
全量,T01020607,忠义家国|政治权力|除暴侠义|战争武略,忠义家国 + 政治权力 + 除暴侠义 + 战争武略,4,1|2|6|7,1,7,2,124,战争武略,战争武略:2,冲突关系,冲突关系:1|权力关系:1,江湖戏:1|历史戏:1,0.9286,0.0952,41.59,03059002; 03085003,请关胜；汉津口
全量,T01020708,忠义家国|政治权力|战争武略|恩怨报偿,忠义家国 + 政治权力 + 战争武略 + 恩怨报偿,4,1|2|7|8,1,8,2,125,恩怨报偿,恩怨报偿:1|政治权力:1,审判与恩怨关系,审判与恩怨关系:1|权力关系:1,历史戏:2,0.7019,0.322,57.595,02001044; 70001310,西施；明末遗恨
全量,T02030408,政治权力|婚恋姻缘|家庭亲情|恩怨报偿,政治权力 + 婚恋姻缘 + 家庭亲情 + 恩怨报偿,4,2|3|4|8,2,8,2,126,政治权力,政治权力:2,权力关系,权力关系:2,历史戏:1|家庭戏:1,0.7641,0.2538,58.01,01040007; 03050001,郑恩做亲；闹花灯
全量,T02030712,政治权力|婚恋姻缘|战争武略|文人世情,政治权力 + 婚恋姻缘 + 战争武略 + 文人世情,4,2|3|7|12,2,12,2,127,政治权力,政治权力:1|战争武略:1,权力关系,权力关系:1|冲突关系:1,家庭戏:1|神怪戏:1,1.0,0.0,31.485,70802107; 80000025,王宝钏；春闺梦
全量,T02040512,政治权力|家庭亲情|公案冤狱|文人世情,政治权力 + 家庭亲情 + 公案冤狱 + 文人世情,4,2|4|5|12,2,12,2,128,公案冤狱,公案冤狱:2,审判与恩怨关系,审判与恩怨关系:2,公案戏:2,0.8,0.1806,28.905,01005017; 14001004,柳林池；九更天
全量,T02040610,政治权力|家庭亲情|除暴侠义|礼教品格,政治权力 + 家庭亲情 + 除暴侠义 + 礼教品格,4,2|4|6|10,2,10,2,129,家庭亲情,家庭亲情:2,亲属关系,亲属关系:2,历史戏:1|江湖戏:1,0.9667,0.05,25.515,01004011; 01014016,飞虎山；董家山
全量,T02040608,政治权力|家庭亲情|除暴侠义|恩怨报偿,政治权力 + 家庭亲情 + 除暴侠义 + 恩怨报偿,4,2|4|6|8,2,8,2,130,除暴侠义,除暴侠义:2,权力关系,权力关系:2,江湖戏:2,0.314,0.2606,62.57,01022012; 01025002,天宝图；宏碧缘
全量,T02040712,政治权力|家庭亲情|战争武略|文人世情,政治权力 + 家庭亲情 + 战争武略 + 文人世情,4,2|4|7|12,2,12,2,131,政治权力,政治权力:2,权力关系,权力关系:2,家庭戏:1|历史戏:1,0.5,0.0,36.485,01032005; 70202107,新四十八扯；梅妃
全量,T02060708,政治权力|除暴侠义|战争武略|恩怨报偿,政治权力 + 除暴侠义 + 战争武略 + 恩怨报偿,4,2|6|7|8,2,8,2,132,政治权力,政治权力:1|恩怨报偿:1,权力关系,权力关系:1|审判与恩怨关系:1,历史戏:2,0.375,0.1905,38.175,01015017; 70401101,临潼山；荆轲传
全量,T02060709,政治权力|除暴侠义|战争武略|善恶转化,政治权力 + 除暴侠义 + 战争武略 + 善恶转化,4,2|6|7|9,2,9,2,133,政治权力,政治权力:1|善恶转化:1,权力关系,权力关系:2,历史戏:2,0.8273,0.2111,52.265,01021001; 02010009,许田射鹿；龙虎玉
全量,T02070811,政治权力|战争武略|恩怨报偿|宗教祥瑞,政治权力 + 战争武略 + 恩怨报偿 + 宗教祥瑞,4,2|7|8|11,2,11,2,134,战争武略,战争武略:1|宗教祥瑞:1,权力关系,权力关系:2,家庭戏:1|历史戏:1,0.95,0.0833,32.385,01029002; 03051002,关王庙；马陵道
全量,T02070809,政治权力|战争武略|恩怨报偿|善恶转化,政治权力 + 战争武略 + 恩怨报偿 + 善恶转化,4,2|7|8|9,2,9,2,135,恩怨报偿,恩怨报偿:1|战争武略:1,权力关系,权力关系:2,历史戏:2,0.8667,0.2,35.46,02012046; 03068005,弓砚缘；白蟒台
全量,T03041012,婚恋姻缘|家庭亲情|礼教品格|文人世情,婚恋姻缘 + 家庭亲情 + 礼教品格 + 文人世情,4,3|4|10|12,3,12,2,136,家庭亲情,家庭亲情:2,亲属关系,亲属关系:2,家庭戏:2,0.8056,0.25,34.37,01005010; 01006019,御碑亭；三疑计
全量,T03040510,婚恋姻缘|家庭亲情|公案冤狱|礼教品格,婚恋姻缘 + 家庭亲情 + 公案冤狱 + 礼教品格,4,3|4|5|10,3,10,2,137,礼教品格,礼教品格:1|公案冤狱:1,婚恋关系,婚恋关系:1|审判与恩怨关系:1,家庭戏:1|公案戏:1,0.8333,0.3333,24.49,01004016; 70902170,小上坟；白罗衫·游园
全量,T03040507,婚恋姻缘|家庭亲情|公案冤狱|战争武略,婚恋姻缘 + 家庭亲情 + 公案冤狱 + 战争武略,4,3|4|5|7,3,7,2,138,公案冤狱,公案冤狱:1|战争武略:1,审判与恩怨关系,审判与恩怨关系:2,公案戏:2,0.65,0.5833,49.97,05018003; 05019002,五彩舆；五彩舆
全量,T03040508,婚恋姻缘|家庭亲情|公案冤狱|恩怨报偿,婚恋姻缘 + 家庭亲情 + 公案冤狱 + 恩怨报偿,4,3|4|5|8,3,8,2,139,公案冤狱,公案冤狱:2,审判与恩怨关系,审判与恩怨关系:2,家庭戏:1|公案戏:1,0.9,0.1667,53.05,03050002; 94000006,九焰山；春草闯堂
全量,T03040708,婚恋姻缘|家庭亲情|战争武略|恩怨报偿,婚恋姻缘 + 家庭亲情 + 战争武略 + 恩怨报偿,4,3|4|7|8,3,8,2,140,婚恋姻缘,婚恋姻缘:1|战争武略:1,婚恋关系,婚恋关系:1|冲突关系:1,家庭戏:1|历史戏:1,0.7193,0.2206,37.695,01007011; 08005004,蝴蝶杯；鹦鹉洲
全量,T04060708,家庭亲情|除暴侠义|战争武略|恩怨报偿,家庭亲情 + 除暴侠义 + 战争武略 + 恩怨报偿,4,4|6|7|8,4,8,2,141,家庭亲情,家庭亲情:2,亲属关系,亲属关系:1|冲突关系:1,江湖戏:1|历史戏:1,0.7857,0.1905,31.615,01014022; 02001033,四杰村；搜孤救孤
全量,T04070911,家庭亲情|战争武略|善恶转化|宗教祥瑞,家庭亲情 + 战争武略 + 善恶转化 + 宗教祥瑞,4,4|7|9|11,4,11,2,142,战争武略,战争武略:1|宗教祥瑞:1,权力关系,权力关系:1|亲属关系:1,神怪戏:2,0.85,0.25,37.855,01038003; 02006043,芭蕉扇；九节山
全量,T0809,恩怨报偿|善恶转化,恩怨报偿 + 善恶转化,2,8|9,8,9,1,143,恩怨报偿,恩怨报偿:1,权力关系,权力关系:1,家庭戏:1,0.0,0.0,22.07,01032008,白傅遣姬
全量,T010210,忠义家国|政治权力|礼教品格,忠义家国 + 政治权力 + 礼教品格,3,1|2|10,1,10,1,144,政治权力,政治权力:1,权力关系,权力关系:1,历史戏:1,0.8,0.3333,26.44,70901147,奏朝草诏
全量,T010206,忠义家国|政治权力|除暴侠义,忠义家国 + 政治权力 + 除暴侠义,3,1|2|6,1,6,1,145,忠义家国,忠义家国:1,权力关系,权力关系:1,公案戏:1,0.3333,0.5,41.55,02002032,汉忠烈
全量,T010306,忠义家国|婚恋姻缘|除暴侠义,忠义家国 + 婚恋姻缘 + 除暴侠义,3,1|3|6,1,6,1,146,除暴侠义,除暴侠义:1,婚恋关系,婚恋关系:1,神怪戏:1,0.8333,0.3333,23.35,01014020,红梅阁
全量,T010307,忠义家国|婚恋姻缘|战争武略,忠义家国 + 婚恋姻缘 + 战争武略,3,1|3|7,1,7,1,147,忠义家国,忠义家国:1,婚恋关系,婚恋关系:1,历史戏:1,0.7778,0.2857,35.77,04034003,牛皋招亲
全量,T010406,忠义家国|家庭亲情|除暴侠义,忠义家国 + 家庭亲情 + 除暴侠义,3,1|4|6,1,6,1,148,忠义家国,忠义家国:1,亲属关系,亲属关系:1,公案戏:1,1.0,0.0,34.74,02002035,汉忠烈
全量,T010510,忠义家国|公案冤狱|礼教品格,忠义家国 + 公案冤狱 + 礼教品格,3,1|5|10,1,10,1,149,忠义家国,忠义家国:1,审判与恩怨关系,审判与恩怨关系:1,公案戏:1,0.0,0.0,47.62,02002033,汉忠烈
全量,T010506,忠义家国|公案冤狱|除暴侠义,忠义家国 + 公案冤狱 + 除暴侠义,3,1|5|6,1,6,1,150,除暴侠义,除暴侠义:1,权力关系,权力关系:1,历史戏:1,0.8132,0.1282,36.34,70901117,清忠谱·五人义
全量,T010608,忠义家国|除暴侠义|恩怨报偿,忠义家国 + 除暴侠义 + 恩怨报偿,3,1|6|8,1,8,1,151,恩怨报偿,恩怨报偿:1,审判与恩怨关系,审判与恩怨关系:1,历史戏:1,1.0,0.0,23.98,01031003,博浪锥
全量,T010712,忠义家国|战争武略|文人世情,忠义家国 + 战争武略 + 文人世情,3,1|7|12,1,12,1,152,战争武略,战争武略:1,权力关系,权力关系:1,历史戏:1,1.0,0.0,34.01,03054009,三顾茅庐
全量,T021112,政治权力|宗教祥瑞|文人世情,政治权力 + 宗教祥瑞 + 文人世情,3,2|11|12,2,12,1,153,文人世情,文人世情:1,权力关系,权力关系:1,公案戏:1,0.7333,0.4,30.29,01032007,党人碑
全量,T020511,政治权力|公案冤狱|宗教祥瑞,政治权力 + 公案冤狱 + 宗教祥瑞,3,2|5|11,2,11,1,154,宗教祥瑞,宗教祥瑞:1,权力关系,权力关系:1,江湖戏:1,0.6667,0.6667,24.23,02009029,灵官殿
全量,T020512,政治权力|公案冤狱|文人世情,政治权力 + 公案冤狱 + 文人世情,3,2|5|12,2,12,1,155,文人世情,文人世情:1,审判与恩怨关系,审判与恩怨关系:1,公案戏:1,1.0,0.0,32.23,80000017,打面缸
全量,T020508,政治权力|公案冤狱|恩怨报偿,政治权力 + 公案冤狱 + 恩怨报偿,3,2|5|8,2,8,1,156,公案冤狱,公案冤狱:1,审判与恩怨关系,审判与恩怨关系:1,历史戏:1,1.0,0.0,27.31,02003022,打吉平
全量,T020912,政治权力|善恶转化|文人世情,政治权力 + 善恶转化 + 文人世情,3,2|9|12,2,12,1,157,文人世情,文人世情:1,审判与恩怨关系,审判与恩怨关系:1,公案戏:1,1.0,0.0,32.33,03031006,打面缸
全量,T030511,婚恋姻缘|公案冤狱|宗教祥瑞,婚恋姻缘 + 公案冤狱 + 宗教祥瑞,3,3|5|11,3,11,1,158,宗教祥瑞,宗教祥瑞:1,婚恋关系,婚恋关系:1,家庭戏:1,0.0,0.0,34.04,02005009,九莲灯
全量,T030506,婚恋姻缘|公案冤狱|除暴侠义,婚恋姻缘 + 公案冤狱 + 除暴侠义,3,3|5|6,3,6,1,159,除暴侠义,除暴侠义:1,婚恋关系,婚恋关系:1,江湖戏:1,0.5897,0.2879,31.93,01020005,义旗令
全量,T030612,婚恋姻缘|除暴侠义|文人世情,婚恋姻缘 + 除暴侠义 + 文人世情,3,3|6|12,3,12,1,160,婚恋姻缘,婚恋姻缘:1,婚恋关系,婚恋关系:1,江湖戏:1,0.8333,0.3333,38.66,70202101,红拂传
全量,T030607,婚恋姻缘|除暴侠义|战争武略,婚恋姻缘 + 除暴侠义 + 战争武略,3,3|6|7,3,7,1,161,除暴侠义,除暴侠义:1,婚恋关系,婚恋关系:1,江湖戏:1,1.0,0.0,22.11,02003001,斩熊虎
全量,T030709,婚恋姻缘|战争武略|善恶转化,婚恋姻缘 + 战争武略 + 善恶转化,3,3|7|9,3,9,1,162,战争武略,战争武略:1,婚恋关系,婚恋关系:1,公案戏:1,0.6,0.6667,54.74,05019003,五彩舆
全量,T030812,婚恋姻缘|恩怨报偿|文人世情,婚恋姻缘 + 恩怨报偿 + 文人世情,3,3|8|12,3,12,1,163,婚恋姻缘,婚恋姻缘:1,婚恋关系,婚恋关系:1,家庭戏:1,1.0,0.0,20.63,01014008,雪杯圆
全量,T030912,婚恋姻缘|善恶转化|文人世情,婚恋姻缘 + 善恶转化 + 文人世情,3,3|9|12,3,12,1,164,文人世情,文人世情:1,婚恋关系,婚恋关系:1,家庭戏:1,0.8571,0.2,40.74,70203106,杜十娘
全量,T040508,家庭亲情|公案冤狱|恩怨报偿,家庭亲情 + 公案冤狱 + 恩怨报偿,3,4|5|8,4,8,1,165,公案冤狱,公案冤狱:1,审判与恩怨关系,审判与恩怨关系:1,公案戏:1,1.0,0.0,44.97,03098001,反徐州
全量,T040610,家庭亲情|除暴侠义|礼教品格,家庭亲情 + 除暴侠义 + 礼教品格,3,4|6|10,4,10,1,166,家庭亲情,家庭亲情:1,亲属关系,亲属关系:1,家庭戏:1,1.0,0.0,31.34,02012044,弓砚缘
全量,T040611,家庭亲情|除暴侠义|宗教祥瑞,家庭亲情 + 除暴侠义 + 宗教祥瑞,3,4|6|11,4,11,1,167,家庭亲情,家庭亲情:1,亲属关系,亲属关系:1,神怪戏:1,1.0,0.0,24.21,01014013,度白俭
全量,T040612,家庭亲情|除暴侠义|文人世情,家庭亲情 + 除暴侠义 + 文人世情,3,4|6|12,4,12,1,168,文人世情,文人世情:1,亲属关系,亲属关系:1,家庭戏:1,1.0,0.0,22.35,01011016,送银灯
全量,T050607,公案冤狱|除暴侠义|战争武略,公案冤狱 + 除暴侠义 + 战争武略,3,5|6|7,5,7,1,169,除暴侠义,除暴侠义:1,冲突关系,冲突关系:1,江湖戏:1,0.0,0.0,74.6,03109005,玉麟图
全量,T050911,公案冤狱|善恶转化|宗教祥瑞,公案冤狱 + 善恶转化 + 宗教祥瑞,3,5|9|11,5,11,1,170,善恶转化,善恶转化:1,审判与恩怨关系,审判与恩怨关系:1,神怪戏:1,1.0,0.0,19.77,70902157,焚香记·阳告
全量,T060709,除暴侠义|战争武略|善恶转化,除暴侠义 + 战争武略 + 善恶转化,3,6|7|9,6,9,1,171,战争武略,战争武略:1,冲突关系,冲突关系:1,江湖戏:1,1.0,0.0,22.05,03033006,枣阳山
全量,T060811,除暴侠义|恩怨报偿|宗教祥瑞,除暴侠义 + 恩怨报偿 + 宗教祥瑞,3,6|8|11,6,11,1,172,宗教祥瑞,宗教祥瑞:1,冲突关系,冲突关系:1,公案戏:1,0.9,0.1667,28.35,01023005,洗浮山
全量,T070912,战争武略|善恶转化|文人世情,战争武略 + 善恶转化 + 文人世情,3,7|9|12,7,12,1,173,战争武略,战争武略:1,冲突关系,冲突关系:1,历史戏:1,0.6,0.6667,35.92,03084003,战寿州
全量,T081011,恩怨报偿|礼教品格|宗教祥瑞,恩怨报偿 + 礼教品格 + 宗教祥瑞,3,8|10|11,8,11,1,174,宗教祥瑞,宗教祥瑞:1,冲突关系,冲突关系:1,神怪戏:1,1.0,0.0,20.78,01010013,双断桥
全量,T01020310,忠义家国|政治权力|婚恋姻缘|礼教品格,忠义家国 + 政治权力 + 婚恋姻缘 + 礼教品格,4,1|2|3|10,1,10,1,175,政治权力,政治权力:1,婚恋关系,婚恋关系:1,历史戏:1,1.0,0.0,22.16,05024003,骂董卓
全量,T01020304,忠义家国|政治权力|婚恋姻缘|家庭亲情,忠义家国 + 政治权力 + 婚恋姻缘 + 家庭亲情,4,1|2|3|4,1,4,1,176,忠义家国,忠义家国:1,权力关系,权力关系:1,家庭戏:1,1.0,0.0,24.52,02006046,五凤楼
全量,T01020405,忠义家国|政治权力|家庭亲情|公案冤狱,忠义家国 + 政治权力 + 家庭亲情 + 公案冤狱,4,1|2|4|5,1,5,1,177,忠义家国,忠义家国:1,亲属关系,亲属关系:1,神怪戏:1,1.0,0.0,25.65,70902102,东窗事犯·扫秦
全量,T01020512,忠义家国|政治权力|公案冤狱|文人世情,忠义家国 + 政治权力 + 公案冤狱 + 文人世情,4,1|2|5|12,1,12,1,178,忠义家国,忠义家国:1,审判与恩怨关系,审判与恩怨关系:1,公案戏:1,0.5238,0.4333,28.76,01006004,九更天
全量,T01020507,忠义家国|政治权力|公案冤狱|战争武略,忠义家国 + 政治权力 + 公案冤狱 + 战争武略,4,1|2|5|7,1,7,1,179,忠义家国,忠义家国:1,权力关系,权力关系:1,历史戏:1,0.3263,0.5146,56.32,01017001,风波亭
全量,T01020612,忠义家国|政治权力|除暴侠义|文人世情,忠义家国 + 政治权力 + 除暴侠义 + 文人世情,4,1|2|6|12,1,12,1,180,除暴侠义,除暴侠义:1,权力关系,权力关系:1,江湖戏:1,0.9333,0.1,32.98,04014003,艳阳楼
全量,T01020710,忠义家国|政治权力|战争武略|礼教品格,忠义家国 + 政治权力 + 战争武略 + 礼教品格,4,1|2|7|10,1,10,1,181,忠义家国,忠义家国:1,权力关系,权力关系:1,神怪戏:1,0.4167,0.4286,37.34,01012001,泥马渡康王
全量,T01020712,忠义家国|政治权力|战争武略|文人世情,忠义家国 + 政治权力 + 战争武略 + 文人世情,4,1|2|7|12,1,12,1,182,政治权力,政治权力:1,权力关系,权力关系:1,历史戏:1,1.0,0.0,36.31,70004105,闹朝击犬
全量,T01020709,忠义家国|政治权力|战争武略|善恶转化,忠义家国 + 政治权力 + 战争武略 + 善恶转化,4,1|2|7|9,1,9,1,183,善恶转化,善恶转化:1,冲突关系,冲突关系:1,历史戏:1,0.6667,0.6667,26.03,03093008,哭祖庙
全量,T01030407,忠义家国|婚恋姻缘|家庭亲情|战争武略,忠义家国 + 婚恋姻缘 + 家庭亲情 + 战争武略,4,1|3|4|7,1,7,1,184,忠义家国,忠义家国:1,亲属关系,亲属关系:1,家庭戏:1,1.0,0.0,31.3,01001016,牧羊卷
全量,T01030710,忠义家国|婚恋姻缘|战争武略|礼教品格,忠义家国 + 婚恋姻缘 + 战争武略 + 礼教品格,4,1|3|7|10,1,10,1,185,忠义家国,忠义家国:1,婚恋关系,婚恋关系:1,历史戏:1,0.5556,0.5556,28.86,01020004,别母乱箭
全量,T01041112,忠义家国|家庭亲情|宗教祥瑞|文人世情,忠义家国 + 家庭亲情 + 宗教祥瑞 + 文人世情,4,1|4|11|12,1,12,1,186,家庭亲情,家庭亲情:1,亲属关系,亲属关系:1,神怪戏:1,0.4667,0.8,30.27,70005114,骂阎罗
全量,T01040708,忠义家国|家庭亲情|战争武略|恩怨报偿,忠义家国 + 家庭亲情 + 战争武略 + 恩怨报偿,4,1|4|7|8,1,8,1,187,战争武略,战争武略:1,同盟关系,同盟关系:1,历史戏:1,0.4066,0.6923,33.82,02006004,锁五龙
全量,T01060708,忠义家国|除暴侠义|战争武略|恩怨报偿,忠义家国 + 除暴侠义 + 战争武略 + 恩怨报偿,4,1|6|7|8,1,8,1,188,除暴侠义,除暴侠义:1,同盟关系,同盟关系:1,历史戏:1,1.0,0.0,20.31,01014011,锁五龙
全量,T01080910,忠义家国|恩怨报偿|善恶转化|礼教品格,忠义家国 + 恩怨报偿 + 善恶转化 + 礼教品格,4,1|8|9|10,1,10,1,189,恩怨报偿,恩怨报偿:1,审判与恩怨关系,审判与恩怨关系:1,历史戏:1,1.0,0.0,20.54,01015001,马嵬坡
全量,T02030710,政治权力|婚恋姻缘|战争武略|礼教品格,政治权力 + 婚恋姻缘 + 战争武略 + 礼教品格,4,2|3|7|10,2,10,1,190,婚恋姻缘,婚恋姻缘:1,婚恋关系,婚恋关系:1,家庭戏:1,1.0,0.0,25.5,03021011,算军粮
全量,T02030708,政治权力|婚恋姻缘|战争武略|恩怨报偿,政治权力 + 婚恋姻缘 + 战争武略 + 恩怨报偿,4,2|3|7|8,2,8,1,191,恩怨报偿,恩怨报偿:1,审判与恩怨关系,审判与恩怨关系:1,历史戏:1,1.0,0.0,23.41,01009003,凤仪亭
全量,T02041112,政治权力|家庭亲情|宗教祥瑞|文人世情,政治权力 + 家庭亲情 + 宗教祥瑞 + 文人世情,4,2|4|11|12,2,12,1,192,家庭亲情,家庭亲情:1,亲属关系,亲属关系:1,历史戏:1,1.0,0.0,28.93,01008009,遇龙封官
全量,T02040506,政治权力|家庭亲情|公案冤狱|除暴侠义,政治权力 + 家庭亲情 + 公案冤狱 + 除暴侠义,4,2|4|5|6,2,6,1,193,除暴侠义,除暴侠义:1,审判与恩怨关系,审判与恩怨关系:1,历史戏:1,0.6029,0.45,51.46,70801120,谢瑶环
全量,T02040509,政治权力|家庭亲情|公案冤狱|善恶转化,政治权力 + 家庭亲情 + 公案冤狱 + 善恶转化,4,2|4|5|9,2,9,1,194,公案冤狱,公案冤狱:1,审判与恩怨关系,审判与恩怨关系:1,历史戏:1,0.6667,0.5,31.07,01001006,捉放曹
全量,T02040711,政治权力|家庭亲情|战争武略|宗教祥瑞,政治权力 + 家庭亲情 + 战争武略 + 宗教祥瑞,4,2|4|7|11,2,11,1,195,宗教祥瑞,宗教祥瑞:1,权力关系,权力关系:1,历史戏:1,1.0,0.0,42.2,03051001,马陵道
全量,T02040809,政治权力|家庭亲情|恩怨报偿|善恶转化,政治权力 + 家庭亲情 + 恩怨报偿 + 善恶转化,4,2|4|8|9,2,9,1,196,善恶转化,善恶转化:1,权力关系,权力关系:1,公案戏:1,0.9333,0.1,48.07,03004003,官庄堡
全量,T02040912,政治权力|家庭亲情|善恶转化|文人世情,政治权力 + 家庭亲情 + 善恶转化 + 文人世情,4,2|4|9|12,2,12,1,197,政治权力,政治权力:1,权力关系,权力关系:1,家庭戏:1,1.0,0.0,36.65,04026004,连升店
全量,T02050712,政治权力|公案冤狱|战争武略|文人世情,政治权力 + 公案冤狱 + 战争武略 + 文人世情,4,2|5|7|12,2,12,1,198,政治权力,政治权力:1,权力关系,权力关系:1,家庭戏:1,1.0,0.0,22.39,02006044,五凤楼
全量,T02050709,政治权力|公案冤狱|战争武略|善恶转化,政治权力 + 公案冤狱 + 战争武略 + 善恶转化,4,2|5|7|9,2,9,1,199,政治权力,政治权力:1,权力关系,权力关系:1,神怪戏:1,1.0,0.0,47.37,03051003,马陵道
全量,T02060712,政治权力|除暴侠义|战争武略|文人世情,政治权力 + 除暴侠义 + 战争武略 + 文人世情,4,2|6|7|12,2,12,1,200,战争武略,战争武略:1,冲突关系,冲突关系:1,神怪戏:1,0.8,0.3333,33.9,02005034,千金闸
全量,T02070810,政治权力|战争武略|恩怨报偿|礼教品格,政治权力 + 战争武略 + 恩怨报偿 + 礼教品格,4,2|7|8|10,2,10,1,201,恩怨报偿,恩怨报偿:1,权力关系,权力关系:1,历史戏:1,1.0,0.0,24.28,01014018,云台观
全量,T02081011,政治权力|恩怨报偿|礼教品格|宗教祥瑞,政治权力 + 恩怨报偿 + 礼教品格 + 宗教祥瑞,4,2|8|10|11,2,11,1,202,礼教品格,礼教品格:1,权力关系,权力关系:1,神怪戏:1,0.6667,0.6667,22.82,01006013,孝义节
全量,T02080912,政治权力|恩怨报偿|善恶转化|文人世情,政治权力 + 恩怨报偿 + 善恶转化 + 文人世情,4,2|8|9|12,2,12,1,203,善恶转化,善恶转化:1,权力关系,权力关系:1,历史戏:1,1.0,0.0,25.84,03098007,搜山打车
全量,T03041011,婚恋姻缘|家庭亲情|礼教品格|宗教祥瑞,婚恋姻缘 + 家庭亲情 + 礼教品格 + 宗教祥瑞,4,3|4|10|11,3,11,1,204,家庭亲情,家庭亲情:1,亲属关系,亲属关系:1,神怪戏:1,1.0,0.0,18.49,01005009,孝感天
全量,T03040512,婚恋姻缘|家庭亲情|公案冤狱|文人世情,婚恋姻缘 + 家庭亲情 + 公案冤狱 + 文人世情,4,3|4|5|12,3,12,1,205,公案冤狱,公案冤狱:1,审判与恩怨关系,审判与恩怨关系:1,公案戏:1,0.0,0.0,50.46,70203202,玉堂春
全量,T03040609,婚恋姻缘|家庭亲情|除暴侠义|善恶转化,婚恋姻缘 + 家庭亲情 + 除暴侠义 + 善恶转化,4,3|4|6|9,3,9,1,206,家庭亲情,家庭亲情:1,亲属关系,亲属关系:1,家庭戏:1,1.0,0.0,27.65,03059005,双卖艺
全量,T03040711,婚恋姻缘|家庭亲情|战争武略|宗教祥瑞,婚恋姻缘 + 家庭亲情 + 战争武略 + 宗教祥瑞,4,3|4|7|11,3,11,1,207,家庭亲情,家庭亲情:1,亲属关系,亲属关系:1,历史戏:1,0.7143,0.4,44.07,03041004,周瑜
全量,T03040712,婚恋姻缘|家庭亲情|战争武略|文人世情,婚恋姻缘 + 家庭亲情 + 战争武略 + 文人世情,4,3|4|7|12,3,12,1,208,文人世情,文人世情:1,婚恋关系,婚恋关系:1,历史戏:1,1.0,0.0,100.0,70801115,琵琶行
全量,T03040811,婚恋姻缘|家庭亲情|恩怨报偿|宗教祥瑞,婚恋姻缘 + 家庭亲情 + 恩怨报偿 + 宗教祥瑞,4,3|4|8|11,3,11,1,209,家庭亲情,家庭亲情:1,亲属关系,亲属关系:1,家庭戏:1,0.9,0.1667,29.75,01006008,宝莲灯
全量,T03040812,婚恋姻缘|家庭亲情|恩怨报偿|文人世情,婚恋姻缘 + 家庭亲情 + 恩怨报偿 + 文人世情,4,3|4|8|12,3,12,1,210,文人世情,文人世情:1,权力关系,权力关系:1,家庭戏:1,1.0,0.0,42.27,04014001,临江驿
全量,T03040912,婚恋姻缘|家庭亲情|善恶转化|文人世情,婚恋姻缘 + 家庭亲情 + 善恶转化 + 文人世情,4,3|4|9|12,3,12,1,211,婚恋姻缘,婚恋姻缘:1,婚恋关系,婚恋关系:1,家庭戏:1,0.9,0.1667,39.64,03064003,梨花簪
全量,T03050611,婚恋姻缘|公案冤狱|除暴侠义|宗教祥瑞,婚恋姻缘 + 公案冤狱 + 除暴侠义 + 宗教祥瑞,4,3|5|6|11,3,11,1,212,公案冤狱,公案冤狱:1,审判与恩怨关系,审判与恩怨关系:1,神怪戏:1,0.6389,0.3036,31.5,01014019,五花洞
全量,T03050608,婚恋姻缘|公案冤狱|除暴侠义|恩怨报偿,婚恋姻缘 + 公案冤狱 + 除暴侠义 + 恩怨报偿,4,3|5|6|8,3,8,1,213,恩怨报偿,恩怨报偿:1,审判与恩怨关系,审判与恩怨关系:1,江湖戏:1,0.1618,0.3125,39.06,01027004,三门街
全量,T03050710,婚恋姻缘|公案冤狱|战争武略|礼教品格,婚恋姻缘 + 公案冤狱 + 战争武略 + 礼教品格,4,3|5|7|10,3,10,1,214,婚恋姻缘,婚恋姻缘:1,婚恋关系,婚恋关系:1,公案戏:1,0.5714,0.381,51.38,05018005,五彩舆
全量,T03050810,婚恋姻缘|公案冤狱|恩怨报偿|礼教品格,婚恋姻缘 + 公案冤狱 + 恩怨报偿 + 礼教品格,4,3|5|8|10,3,10,1,215,礼教品格,礼教品格:1,审判与恩怨关系,审判与恩怨关系:1,公案戏:1,0.7333,0.4,39.11,70202104,青霜剑
全量,T04051012,家庭亲情|公案冤狱|礼教品格|文人世情,家庭亲情 + 公案冤狱 + 礼教品格 + 文人世情,4,4|5|10|12,4,12,1,216,公案冤狱,公案冤狱:1,审判与恩怨关系,审判与恩怨关系:1,公案戏:1,0.8,0.3,28.71,01012014,血手印
全量,T04051112,家庭亲情|公案冤狱|宗教祥瑞|文人世情,家庭亲情 + 公案冤狱 + 宗教祥瑞 + 文人世情,4,4|5|11|12,4,12,1,217,文人世情,文人世情:1,亲属关系,亲属关系:1,家庭戏:1,0.6667,1.0,45.5,02011049,玉堂春
全量,T04050607,家庭亲情|公案冤狱|除暴侠义|战争武略,家庭亲情 + 公案冤狱 + 除暴侠义 + 战争武略,4,4|5|6|7,4,7,1,218,公案冤狱,公案冤狱:1,审判与恩怨关系,审判与恩怨关系:1,历史戏:1,0.8667,0.2,32.59,70003101,斩熊虎
全量,T04050711,家庭亲情|公案冤狱|战争武略|宗教祥瑞,家庭亲情 + 公案冤狱 + 战争武略 + 宗教祥瑞,4,4|5|7|11,4,11,1,219,家庭亲情,家庭亲情:1,亲属关系,亲属关系:1,神怪戏:1,0.7,0.5,25.91,03055003,托兆碰碑
全量,T04050809,家庭亲情|公案冤狱|恩怨报偿|善恶转化,家庭亲情 + 公案冤狱 + 恩怨报偿 + 善恶转化,4,4|5|8|9,4,9,1,220,家庭亲情,家庭亲情:1,亲属关系,亲属关系:1,公案戏:1,0.8,0.3,62.68,03029001,春秋配
全量,T04050912,家庭亲情|公案冤狱|善恶转化|文人世情,家庭亲情 + 公案冤狱 + 善恶转化 + 文人世情,4,4|5|9|12,4,12,1,221,善恶转化,善恶转化:1,亲属关系,亲属关系:1,公案戏:1,0.9,0.1667,25.64,01014010,错杀奸
全量,T04060812,家庭亲情|除暴侠义|恩怨报偿|文人世情,家庭亲情 + 除暴侠义 + 恩怨报偿 + 文人世情,4,4|6|8|12,4,12,1,222,家庭亲情,家庭亲情:1,亲属关系,亲属关系:1,江湖戏:1,1.0,0.0,40.43,02012005,武文华
全量,T04060809,家庭亲情|除暴侠义|恩怨报偿|善恶转化,家庭亲情 + 除暴侠义 + 恩怨报偿 + 善恶转化,4,4|6|8|9,4,9,1,223,善恶转化,善恶转化:1,冲突关系,冲突关系:1,江湖戏:1,0.8,0.3333,33.45,14002002,打渔杀家
全量,T04070812,家庭亲情|战争武略|恩怨报偿|文人世情,家庭亲情 + 战争武略 + 恩怨报偿 + 文人世情,4,4|7|8|12,4,12,1,224,恩怨报偿,恩怨报偿:1,亲属关系,亲属关系:1,家庭戏:1,0.25,0.4762,43.94,01024008,佛门点元
全量,T04070912,家庭亲情|战争武略|善恶转化|文人世情,家庭亲情 + 战争武略 + 善恶转化 + 文人世情,4,4|7|9|12,4,12,1,225,战争武略,战争武略:1,同盟关系,同盟关系:1,历史戏:1,1.0,0.0,23.05,70402103,锁五龙
全量,T04081011,家庭亲情|恩怨报偿|礼教品格|宗教祥瑞,家庭亲情 + 恩怨报偿 + 礼教品格 + 宗教祥瑞,4,4|8|10|11,4,11,1,226,宗教祥瑞,宗教祥瑞:1,亲属关系,亲属关系:1,家庭戏:1,0.7143,0.4,33.47,01038007,五雷报
全量,T04091012,家庭亲情|善恶转化|礼教品格|文人世情,家庭亲情 + 善恶转化 + 礼教品格 + 文人世情,4,4|9|10|12,4,12,1,227,家庭亲情,家庭亲情:1,亲属关系,亲属关系:1,家庭戏:1,1.0,0.0,21.59,01013019,黛玉葬花
全量,T05061112,公案冤狱|除暴侠义|宗教祥瑞|文人世情,公案冤狱 + 除暴侠义 + 宗教祥瑞 + 文人世情,4,5|6|11|12,5,12,1,228,公案冤狱,公案冤狱:1,审判与恩怨关系,审判与恩怨关系:1,公案戏:1,1.0,0.0,26.41,01017014,鄚州庙
全量,T05070911,公案冤狱|战争武略|善恶转化|宗教祥瑞,公案冤狱 + 战争武略 + 善恶转化 + 宗教祥瑞,4,5|7|9|11,5,11,1,229,善恶转化,善恶转化:1,亲属关系,亲属关系:1,神怪戏:1,0.0,0.0,26.51,02006032,五庄观
全量,T07081012,战争武略|恩怨报偿|礼教品格|文人世情,战争武略 + 恩怨报偿 + 礼教品格 + 文人世情,4,7|8|10|12,7,12,1,230,礼教品格,礼教品格:1,同盟关系,同盟关系:1,历史戏:1,0.7727,0.2727,28.91,09003003,卧龙吊孝
