组合ID,主题组合,主题组合显示,主题数量,主题序号集合,x起点序号,x终点序号,剧本数量,核心主题分布,主要核心主题,剧目类别分布,角色关系覆盖,剧本ID列表,代表剧目列表,平均内容量权重,平均网络密度,平均度中心化,平均核心主题置信度
combo-b8241900,政治权力|战争武略,政治权力 + 战争武略,2,2|7,2,7,153,战争武略:111|政治权力:42,战争武略,历史戏:153,权力关系:147|冲突关系:103|亲属关系:75|同盟关系:36|婚恋关系:9|审判与恩怨关系:1,01001001; 01001012; 01001013; 01001014; 01002012; 01002015; 01004001; 01004007; 01006006; 01007013; 01009002; 01009006; 01009014; 01011001; 01011005; 01012007; 01012011; 01013003; 01013005; 01014002; 01014012; 01014015; 01016002; 01016010; 01016011; 01017002; 01017013; 01019002; 01021007; 01022001; 01024009; 01029006; 01030006; 01031009; 01031010; 01032009; 01034003; 01037005; 02001016; 02001030; 02001032; 02002005; 02002017; 02004047; 02004053; 02005029; 02006021; 02006060; 02008006; 02008036; 02012042; 03001004; 03001005; 03001006; 03003002; 03007003; 03007004; 03013002; 03013006; 03016001; 03016003; 03017001; 03017002; 03021009; 03027002; 03033005; 03037003; 03038002; 03041001; 03044003; 03046004; 03046005; 03051006; 03051008; 03054002; 03060001; 03060009; 03065001; 03068004; 03070003; 03075001; 03075008; 03080002; 03080008; 03084006; 03085001; 03090001; 03090002; 03090003; 03090005; 03090006; 03093001; 03093005; 03093007; 03096002; 03096006; 03098005; 03106001; 03106002; 03106003; 03106005; 03109002; 04001001; 04003002; 04009003; 04011002; 04016003; 04020002; 04022001; 05002005; 05006006; 05007005; 05014003; 05017001; 05024013; 14003003; 14014002; 14016004; 70001203; 70003105; 70003106; 70003108; 70003109; 70003110; 70003111; 70003112; 70003113; 70003118; 70003120; 70003121; 70003123; 70003125; 70003126; 70004103; 70004104; 70004111; 70005101; 70005108; 70006105; 70006111; 70601101; 70601108; 70803102; 70901133; 70901135; 70902101; 70902136; 70902141; 70902176; 70903102; 70904110; 80000009; 80000015,空城计；黄鹤楼；天水关；七星灯；白门楼；取帅印；逍遥津；取荥阳；叹皇陵；刺王僚；斩马谡；长坂坡,32.06,0.2136,0.3626,0.4865
combo-29f389dd,家庭亲情|战争武略,家庭亲情 + 战争武略,2,4|7,4,7,73,战争武略:44|家庭亲情:29,战争武略,历史戏:61|家庭戏:12,亲属关系:71|权力关系:58|冲突关系:50|同盟关系:15,01001007; 01002009; 01002017; 01003017; 01007005; 01007015; 01012003; 01013004; 01015006; 01017004; 01018007; 01019003; 01019006; 01020001; 01021002; 01023010; 01023012; 01028007; 01037007; 02005026; 02008043; 02008056; 02011040; 03006007; 03013007; 03018001; 03023001; 03026002; 03030001; 03030002; 03030003; 03030004; 03030006; 03031008; 03034004; 03041005; 03046003; 03054001; 03054007; 03054010; 03065005; 03068002; 03068003; 03074002; 03075003; 03088001; 03090004; 03090008; 03091005; 03097002; 03097005; 03101001; 03101003; 03101004; 03104004; 04002003; 04012003; 04016001; 05014009; 07002001; 09006002; 70001204; 70003104; 70003117; 70003124; 70004101; 70004109; 70201106; 70202109; 70805106; 70901104; 80000029; 80000038,桑园寄子；鱼肠剑；黑风帕；独木关；凤鸣关；铁莲花；高平关；借赵云；英杰烈；襄阳宴；龙凤呈祥；三顾茅庐,34.52,0.2186,0.3689,0.4418
combo-a95186b5,婚恋姻缘|家庭亲情,婚恋姻缘 + 家庭亲情,2,3|4,3,4,56,婚恋姻缘:30|家庭亲情:26,婚恋姻缘,家庭戏:52|历史戏:3|江湖戏:1,亲属关系:56|婚恋关系:37|权力关系:22|同盟关系:5|冲突关系:3|审判与恩怨关系:1,01001009; 01002004; 01002007; 01002019; 01003006; 01005003; 01007004; 01007016; 01013008; 01014005; 01014014; 01015008; 01015016; 01016016; 01017006; 01020003; 01020012; 01023009; 01025006; 01030001; 01034004; 01034007; 01034008; 01039005; 01039006; 02005002; 02008048; 03002001; 03002004; 03009001; 03021007; 03031002; 03031007; 03057005; 03057006; 03057008; 03058001; 03077002; 03091004; 04010002; 04010003; 04040002; 05013002; 05013004; 05018002; 13003007; 70202103; 70203102; 70203107; 70902103; 70902105; 70902146; 80000001; 80000014; 80000028; 90000004,硃砂痣；探寒窑；打金枝；红鸾禧；辕门斩子；天雷报；五台山；纺棉花；皮匠杀妻；打樱桃；罗锅子抢亲；疯僧扫秦,29.0,0.3547,0.3776,0.4751
combo-140aa311,忠义家国|战争武略,忠义家国 + 战争武略,2,1|7,1,7,47,战争武略:33|忠义家国:14,战争武略,历史戏:46|家庭戏:1,冲突关系:46|权力关系:31|亲属关系:27|同盟关系:19|婚恋关系:2,01006002; 01006007; 01007002; 01007006; 01009005; 01014001; 01015003; 01015007; 01015015; 01017009; 01019012; 01020007; 01027009; 01035007; 01037004; 02003005; 02010016; 03006005; 03026004; 03028001; 03028002; 03028003; 03044004; 03074006; 03093003; 03096003; 03096005; 03098004; 03108005; 04001003; 04003003; 04013001; 04018003; 04021002; 04025001; 05014006; 05016003; 09004003; 70001111; 70003119; 70003122; 70006104; 70201109; 70401110; 70804101; 70901144; 90000007,战长沙；定军山；八大锤；罗成叫关；岳家庄；鲁肃求计；潞安州；南屏山；三气周瑜；金雁桥；镇潭州；凤凰山,34.77,0.1851,0.3564,0.4899
combo-d8ac3995,除暴侠义|战争武略,除暴侠义 + 战争武略,2,6|7,6,7,44,除暴侠义:25|战争武略:19,除暴侠义,历史戏:30|江湖戏:14,亲属关系:38|冲突关系:33|权力关系:28|同盟关系:23|审判与恩怨关系:1,01003002; 01009001; 01012012; 01013009; 01013016; 01014004; 01014007; 01017011; 01019013; 01020006; 01020008; 01032002; 01032003; 01038010; 02003013; 02004018; 02004020; 02005025; 02009040; 02010003; 02010010; 02012004; 03006002; 03019002; 03021006; 03046006; 03059003; 03065007; 03075005; 03080001; 03096001; 04004003; 04025002; 04027002; 05024002; 07004002; 09008002; 10001032; 11001003; 70003103; 70003114; 70003116; 70901102; 80000036,群英会；失街亭；南阳关；罗四虎；贾家楼；秦淮河；淮安府；景阳岗；磐河战；穆柯寨；燕青打擂；连环套【头、二本】,31.12,0.2067,0.3406,0.4869
combo-e50e2916,政治权力|家庭亲情|战争武略,政治权力 + 家庭亲情 + 战争武略,3,2|4|7,2,7,44,战争武略:21|家庭亲情:12|政治权力:11,战争武略,历史戏:40|家庭戏:4,权力关系:43|亲属关系:41|冲突关系:23|同盟关系:4|审判与恩怨关系:1|婚恋关系:1,01001010; 01005014; 01006003; 01006018; 01009010; 01010012; 01013001; 01029007; 01036002; 02001027; 02004052; 02006064; 02008018; 02008019; 02008022; 02008023; 03001001; 03001003; 03003003; 03006001; 03009004; 03011003; 03039006; 03044002; 03046001; 03074001; 03074003; 03079004; 03089002; 03091002; 03092001; 04017004; 05004009; 05004010; 05004011; 05020001; 08002005; 14001008; 14002008; 70002102; 70004106; 70005110; 70201204; 90000009,黄金台；胭脂虎；草桥关；上天台；伐子都；查头关；司马逼宫；吴汉杀妻；双龙会；米注山【三本】；定中原；贵寿图,34.62,0.2196,0.3386,0.3212
combo-a8ac4946,战争武略|善恶转化,战争武略 + 善恶转化,2,7|9,7,9,37,战争武略:33|善恶转化:4,战争武略,历史戏:37,冲突关系:33|亲属关系:25|权力关系:25|同盟关系:18|婚恋关系:2,01013012; 01018014; 01019004; 01020013; 01025009; 01031008; 01038002; 01039002; 02003033; 02004004; 02006002; 03007006; 03009003; 03017005; 03019005; 03026003; 03033001; 03033004; 03054005; 03065002; 03065006; 03075002; 03093006; 03096004; 03101002; 03104001; 04004002; 05019004; 70003115; 70003127; 70004108; 70006110; 70202111; 70401106; 70601102; 70601103; 80000020,战太平；冀州城；舌战群儒；铁公鸡【头、二、三本】；取洛阳；桂阳城；取南郡【头、二本】；玉门关【前本】；汉阳院；取西川；千秋岭；选元戎,36.14,0.1814,0.3785,0.4873
combo-d474f03d,战争武略|恩怨报偿,战争武略 + 恩怨报偿,2,7|8,7,8,37,战争武略:25|恩怨报偿:12,战争武略,历史戏:36|家庭戏:1,冲突关系:32|权力关系:31|亲属关系:25|同盟关系:12|婚恋关系:2|审判与恩怨关系:2,01002013; 01004006; 01007008; 01008004; 01009015; 01010016; 01016006; 01016014; 01026003; 01026007; 01039003; 02003006; 02004008; 02004028; 02004029; 03017003; 03017004; 03038001; 03046007; 03047002; 03047004; 03065003; 03097004; 03097007; 03107003; 04011004; 04012002; 04026003; 04032002; 05006004; 05006005; 05024012; 70005103; 70601106; 70601107; 80000012; 80000030,华容道；辕门射戟；别宫；阳平关；战樊城；风云会；取南郡；破洪州；兴赵灭屠；滚鼓山；取南郡【三、四本】；虎牢关,31.63,0.2112,0.3461,0.4765
combo-fbfd4b9a,婚恋姻缘|家庭亲情|战争武略,婚恋姻缘 + 家庭亲情 + 战争武略,3,3|4|7,3,7,33,婚恋姻缘:15|战争武略:12|家庭亲情:6,婚恋姻缘,历史戏:24|家庭戏:9,亲属关系:32|权力关系:18|冲突关系:17|婚恋关系:14|同盟关系:4,01005011; 01009004; 01009008; 01011007; 01011011; 01017007; 01021004; 01022009; 01031005; 01040003; 02004001; 02004002; 02008004; 02008052; 03003005; 03014002; 03019003; 03030007; 03039004; 03089001; 03089003; 03109003; 04044001; 05013003; 05018004; 05019001; 05019005; 70006108; 70202108; 70202110; 70203201; 70901109; 80000022,回荆州；十八扯；白良关；芦花河；白马坡；别妻；玉玲珑；打刀；晴雯撕扇；馒头庵；龙凤呈祥【头本】；龙凤呈祥【二本】,34.14,0.2369,0.3201,0.3182
combo-d1914412,婚恋姻缘|家庭亲情|文人世情,婚恋姻缘 + 家庭亲情 + 文人世情,3,3|4|12,3,12,33,家庭亲情:12|文人世情:11|婚恋姻缘:10,家庭亲情,家庭戏:32|历史戏:1,亲属关系:33|婚恋关系:16|权力关系:12|冲突关系:2|同盟关系:2,01003012; 01003016; 01005016; 01006011; 01008008; 01009009; 01012008; 01015004; 01016007; 01016008; 01027002; 01031004; 01031011; 01037008; 03019001; 03029002; 03029003; 03037002; 03039001; 03057001; 03057003; 03061002; 03094001; 04029002; 05013005; 05025003; 70201104; 70203111; 70203112; 70203204; 70902104; 70902122; 94000004,彩楼配；打花鼓；大劈棺；花田错【前本】；杜十娘；卖绒花；春秋配；扫松下书；春香闹学；拾玉镯；三门街【三、四本】；闺房戏,33.73,0.318,0.3514,0.3087
combo-f02c3a74,家庭亲情|宗教祥瑞,家庭亲情 + 宗教祥瑞,2,4|11,4,11,30,宗教祥瑞:22|家庭亲情:8,宗教祥瑞,神怪戏:16|家庭戏:8|历史戏:6,亲属关系:30|权力关系:15|同盟关系:5|冲突关系:3|婚恋关系:3|审判与恩怨关系:1,01003013; 01009012; 01009018; 01011013; 01016009; 01024005; 01035003; 01035008; 01037002; 01040001; 02001003; 02001005; 02001009; 02001013; 02006034; 02007028; 02007029; 02007030; 02007033; 02008060; 03013003; 03060005; 04011003; 13004005; 14002009; 70201107; 70902134; 70904207; 90000002; 90000021,滑油山；青石山；失印救火；赵颜借寿；大锯缸；思凡；宝玉出家；麻姑献寿；嫦娥奔月；阎瑞生【头本】；福禄寿荣；风调雨顺,24.95,0.2941,0.2947,0.5333
combo-6bfa251f,家庭亲情|礼教品格,家庭亲情 + 礼教品格,2,4|10,4,10,29,家庭亲情:22|礼教品格:7,家庭亲情,家庭戏:27|神怪戏:1|历史戏:1,亲属关系:29|权力关系:11|同盟关系:4|冲突关系:3|婚恋关系:1,01001003; 01002010; 01003014; 01006016; 01011009; 01013018; 01018004; 01023001; 01025005; 01028010; 01030009; 01035004; 01038005; 02001023; 02007027; 03002005; 03014001; 03020001; 03057004; 03060003; 03074004; 04010004; 05004001; 05004002; 05004004; 08005006; 14001006; 70005118; 70901101,三娘教子；钓金龟；富春楼；探亲相骂；拿高登；老黄请医；望儿楼；宏碧缘【头本】；老西嫖院；背凳；贾政训子；新三娘教子,27.07,0.3887,0.4199,0.5096
combo-26510932,家庭亲情|公案冤狱,家庭亲情 + 公案冤狱,2,4|5,4,5,28,公案冤狱:24|家庭亲情:4,公案冤狱,家庭戏:13|公案戏:13|历史戏:2,亲属关系:28|权力关系:17|审判与恩怨关系:14|婚恋关系:6|同盟关系:4|冲突关系:1,01002001; 01002006; 01003009; 01007003; 01013017; 01016017; 01026004; 01026005; 01030008; 01035001; 02006049; 03034005; 03055001; 03055007; 03103002; 04004001; 04026002; 05011002; 09002002; 14001001; 14016006; 70001101; 70002201; 70201202; 70203104; 70402101; 70402102; 70901130,李陵碑；探阴山；打龙袍；铡美案；药茶计；郿邬县；黑驴告状；胭脂判；串珠记；狸猫换太子【三本】；五凤楼【六本】；钓金龟,38.66,0.2016,0.3523,0.5039
combo-ef44c7e3,政治权力|家庭亲情,政治权力 + 家庭亲情,2,2|4,2,4,25,政治权力:25,政治权力,历史戏:21|家庭戏:4,权力关系:25|亲属关系:19|冲突关系:3|审判与恩怨关系:1,01004004; 01010002; 01014021; 01017010; 01018001; 01019001; 01025003; 01026002; 02006047; 02008021; 03007002; 03013008; 03103001; 04011001; 04017003; 05004012; 05021001; 09001002; 14002004; 14002005; 14016005; 70001311; 70005102; 80000010; 90000005,盗宗卷；宫门带；恶虎庄；张良辞朝；朝歌恨【全本】；进妲己【全本】；洗耳记；受禅台；五凤楼【四本】；打龙篷；纪母骂刘邦；打窦瑶,31.27,0.2911,0.3082,0.477
combo-00a071b5,婚恋姻缘|文人世情,婚恋姻缘 + 文人世情,2,3|12,3,12,23,婚恋姻缘:17|文人世情:6,婚恋姻缘,家庭戏:13|历史戏:8|公案戏:1|江湖戏:1,亲属关系:21|婚恋关系:18|权力关系:9|冲突关系:3|审判与恩怨关系:2|同盟关系:1,01001020; 01003001; 01004014; 01011010; 01012006; 01020009; 01023008; 01029001; 01031002; 03002003; 03022001; 04025003; 10002046; 70005106; 70203101; 70203109; 70801119; 70902115; 70902144; 70902156; 80000023; 90000003; 90000006,宋江闹院；琼林宴【前本】；遗翠花；明月珠；少华山；采花赶府；乔醋；花田错【后本】；牢狱鸳鸯【头、二本】；荷珠配；风尘三侠；打面缸,30.4,0.3676,0.3814,0.4451
combo-7e87b6dc,政治权力|公案冤狱,政治权力 + 公案冤狱,2,2|5,2,5,23,公案冤狱:17|政治权力:6,公案冤狱,历史戏:12|公案戏:10|江湖戏:1,权力关系:23|亲属关系:16|审判与恩怨关系:4|婚恋关系:3|冲突关系:1,01001017; 01003008; 01005015; 01006017; 01012005; 01013002; 01033001; 01033004; 02003003; 03053001; 03053002; 03053003; 03053004; 03055006; 03109004; 04017002; 04034002; 14002006; 14002007; 70002205; 80000003; 80000006; 80000016,清官册；断太后；审李七；双包案；打銮驾；审刺客；狸猫换太子【头本】；贺后骂殿；捉放曹【头本】；打銮驾；铡包勉；遇皇后,32.85,0.2595,0.4655,0.6004
combo-903bda67,政治权力|婚恋姻缘|家庭亲情,政治权力 + 婚恋姻缘 + 家庭亲情,3,2|3|4,2,4,20,家庭亲情:11|婚恋姻缘:7|政治权力:2,家庭亲情,家庭戏:14|历史戏:6,亲属关系:20|权力关系:19|婚恋关系:13|同盟关系:1,01005012; 01006012; 01008005; 01016015; 01018008; 01021006; 01023004; 01035005; 01036006; 02006045; 02006062; 03021002; 03039005; 03092004; 05018001; 14001007; 70001103; 70202102; 70802106; 70805102,海潮珠；梵王宫；算粮登殿；背娃入府；盘山；天宝图【头、二、三、四、五、六、七本】；三击掌；慈孝图；平贵别窑；五凤楼【二本】；渡银河；彩楼配,30.16,0.3421,0.3339,0.3207
combo-7453faeb,忠义家国|政治权力|战争武略,忠义家国 + 政治权力 + 战争武略,3,1|2|7,1,7,18,战争武略:8|政治权力:6|忠义家国:4,战争武略,历史戏:18,权力关系:17|冲突关系:11|亲属关系:8|同盟关系:7,01002011; 01018005; 01024004; 02010018; 02011012; 03003004; 03016002; 03026001; 03027005; 03042003; 03046002; 03047001; 03090007; 03100004; 05010001; 05014002; 70004102; 70005109,梅龙镇；排王赞；游武庙；雄州关；采石矶；锁五龙；双带箭；坛山谷；骂王朗；明末遗恨；御果园；好鹤失政,32.48,0.2403,0.3658,0.3048
combo-d79bb21d,公案冤狱|宗教祥瑞,公案冤狱 + 宗教祥瑞,2,5|11,5,11,17,宗教祥瑞:9|公案冤狱:8,宗教祥瑞,神怪戏:11|公案戏:5|历史戏:1,亲属关系:16|权力关系:15|婚恋关系:9|审判与恩怨关系:5|冲突关系:1|同盟关系:1,01001004; 02005006; 02005007; 02005008; 02005010; 02005011; 02005012; 02005013; 02005014; 02005015; 02007032; 03053005; 03053006; 03053007; 03091006; 70006109; 80000007,乌盆计【后本】；九莲灯【头本】；九莲灯【二本】；九莲灯【三本】；九莲灯【五本】；九莲灯【六本】；九莲灯【七本】；九莲灯【八本】；九莲灯【九本】；九莲灯【十本】；目莲记【五本】；闹东京,32.65,0.1807,0.301,0.4711
combo-55f83682,忠义家国|政治权力,忠义家国 + 政治权力,2,1|2,1,2,17,政治权力:11|忠义家国:6,政治权力,历史戏:15|家庭戏:2,权力关系:17|亲属关系:9|冲突关系:5|同盟关系:2,01004008; 01005007; 01011002; 01016005; 02002034; 02008017; 03003001; 03028006; 03079003; 03108007; 05011001; 05021002; 09006001; 14001002; 14001009; 70001102; 70005115,大保国；二进宫；请宋灵；未央宫；汉忠烈【三本】；梅花妆；双尽忠；请宋灵；输财救国；疯僧扫秦；游武庙；喜封侯,31.09,0.2721,0.3378,0.4735
combo-1886bc15,政治权力|战争武略|恩怨报偿,政治权力 + 战争武略 + 恩怨报偿,3,2|7|8,2,8,17,战争武略:11|恩怨报偿:5|政治权力:1,战争武略,历史戏:16|家庭戏:1,权力关系:17|亲属关系:16|冲突关系:11|同盟关系:2|审判与恩怨关系:1,01003011; 01006001; 01018006; 01022004; 02005028; 02005031; 03008002; 03047003; 03051004; 03075007; 03106004; 04013002; 05007006; 70001108; 70005116; 70201203; 80000011,斩黄袍；连营寨；煤山恨；明末遗恨；报信；四平山；珍珠烈火旗；哭秦庭；马陵道【四本】；斩于吉；窃兵符【四本】；千里走单骑,36.84,0.1636,0.3793,0.3167
combo-7242ceb9,婚恋姻缘|家庭亲情|礼教品格,婚恋姻缘 + 家庭亲情 + 礼教品格,3,3|4|10,3,10,16,婚恋姻缘:8|家庭亲情:4|礼教品格:4,婚恋姻缘,家庭戏:16,亲属关系:16|婚恋关系:10|权力关系:3|冲突关系:2|同盟关系:1,01003003; 01008003; 01008011; 01010006; 01015010; 01018002; 01030010; 02012045; 03004004; 03031005; 03057007; 04021003; 70202106; 70202112; 70805101; 70902121,桑园会；汾河湾；双钉记；忠孝图；紫荆树；孝妇羹；十二红【头本】；弓砚缘【九本】；南天门；双摇会；晴雯补裘；小放牛,30.49,0.3245,0.3037,0.3133
combo-d8f4758f,除暴侠义|善恶转化,除暴侠义 + 善恶转化,2,6|9,6,9,15,除暴侠义:13|善恶转化:2,除暴侠义,江湖戏:12|历史戏:2|家庭戏:1,亲属关系:15|同盟关系:9|权力关系:6|冲突关系:4|婚恋关系:2|审判与恩怨关系:1,01014009; 01015014; 01018012; 01028006; 01029005; 02006035; 02009026; 02012013; 02012020; 04011005; 04023002; 13001007; 70402104; 70901105; 70901115,除三害；赵家楼；戏叔；蜈蚣岭；普球山；花魔寨；林冲夜奔；丁彪投宿；莲花湖；清风寨；武松打虎；敲骨求金,26.48,0.3152,0.2922,0.5917
combo-a0cff0f6,政治权力|战争武略|善恶转化,政治权力 + 战争武略 + 善恶转化,3,2|7|9,2,9,14,战争武略:8|政治权力:4|善恶转化:2,战争武略,历史戏:14,权力关系:12|冲突关系:9|亲属关系:8|同盟关系:6|婚恋关系:1,01013015; 02003004; 03001002; 03006003; 03007005; 03021004; 03021012; 03021013; 03041003; 03042004; 05002003; 70002101; 70402105; 70601104,玉门关；捉放曹【二本】；平陆浑；白门楼；十道本；投军降马；银空山；大登殿；玉门关；史可法；陈桥兵变；群英会·借东风,32.91,0.2039,0.3441,0.3107
combo-b014fe84,政治权力|礼教品格,政治权力 + 礼教品格,2,2|10,2,10,13,礼教品格:9|政治权力:4,礼教品格,历史戏:10|家庭戏:3,权力关系:13|冲突关系:8|亲属关系:7|同盟关系:3,01001005; 01010005; 01028009; 02003021; 02008026; 03054006; 04042002; 05014005; 08005002; 70006103; 70902133; 70902142; 94000002,打鼓骂曹；忠孝牌；沙桥饯别；骂曹饯行；洒金桥；徐母骂曹；击鼓骂曹；左慈骂曹；击鼓骂曹；击鼓骂曹；长生殿·弹词；四声猿·骂曹,29.23,0.318,0.3123,0.4786
combo-b648ebb9,政治权力|战争武略|文人世情,政治权力 + 战争武略 + 文人世情,3,2|7|12,2,12,13,战争武略:6|政治权力:6|文人世情:1,战争武略,历史戏:12|家庭戏:1,权力关系:12|亲属关系:9|冲突关系:6|同盟关系:4|婚恋关系:1|审判与恩怨关系:1,01001015; 01009016; 02001046; 02005032; 02006009; 02012041; 03041002; 04003001; 70001107; 70004107; 70901132; 70902129; 80000027,战北原；进蛮诗；装疯；晋阳宫【头本】；御果园；弓砚缘【五本】；投笔封侯；三顾茅庐；萧何月下追韩信；未央宫斩韩信；桃花扇·争座；长生殿·惊变,33.28,0.2288,0.3955,0.3334
combo-42616e65,善恶转化|宗教祥瑞,善恶转化 + 宗教祥瑞,2,9|11,9,11,12,宗教祥瑞:12,宗教祥瑞,神怪戏:11|历史戏:1,权力关系:11|亲属关系:8|冲突关系:3|同盟关系:2|婚恋关系:1,01002018; 02001001; 02001002; 02001004; 02001008; 02006025; 02006026; 02006033; 02007031; 03099002; 04049001; 13004003,目莲救母；天官赐福；三多九如；遐龄永祝；财源辐辏；安天会；观音院；闻仁驱邪；目莲记【四本】；流沙河；无底洞；安天会·偷桃,24.72,0.2935,0.3225,0.6093
combo-faca3e93,政治权力|除暴侠义|战争武略,政治权力 + 除暴侠义 + 战争武略,3,2|6|7,2,7,12,战争武略:6|除暴侠义:5|政治权力:1,战争武略,历史戏:10|江湖戏:2,权力关系:11|亲属关系:9|冲突关系:6|同盟关系:4,01007001; 01017003; 01027010; 01038001; 02001028; 02002030; 02005033; 02012033; 03092002; 05003001; 70401104; 70901118,卖马；假金牌；晋阳宫；珠帘寨；米注山【四本】；太行山；晋阳宫【二本】；五里碑；湘江会；临潼会；青梅煮酒论英雄；麒麟阁·三挡,30.59,0.2621,0.3585,0.3158
combo-e4da1a41,除暴侠义|恩怨报偿,除暴侠义 + 恩怨报偿,2,6|8,6,8,11,除暴侠义:10|恩怨报偿:1,除暴侠义,江湖戏:9|家庭戏:2,亲属关系:11|冲突关系:6|权力关系:4|同盟关系:4,01006009; 01012004; 01018013; 01022005; 02009041; 02012003; 02012024; 03071001; 04023001; 04024004; 80000013,连环套【三本】；莲花湖；迷人馆；青风寨；百花庄；常云观；霸王庄；野猪林；武松；一箭仇；野猪林,39.24,0.1321,0.3157,0.5421
combo-1fb89352,家庭亲情|文人世情,家庭亲情 + 文人世情,2,4|12,4,12,10,文人世情:10,文人世情,家庭戏:10,亲属关系:10|婚恋关系:6|权力关系:4|同盟关系:1,01002005; 01006005; 01011014; 03031004; 04026001; 05011003; 13003008; 70203103; 70902109; 94000005,落花园；状元谱；洛阳桥；顶花砖；游园惊梦；三进士；画兰；元宵谜；牡丹亭·游园；诗文会,28.53,0.3655,0.3673,0.4627
combo-e68fac5d,家庭亲情|战争武略|宗教祥瑞,家庭亲情 + 战争武略 + 宗教祥瑞,3,4|7|11,4,11,10,宗教祥瑞:7|战争武略:3,宗教祥瑞,历史戏:7|神怪戏:2|家庭戏:1,亲属关系:10|权力关系:7|冲突关系:6|同盟关系:5,01001002; 01007014; 01010011; 01021005; 01037006; 02001049; 02001050; 02008061; 02010037; 03048001,洪羊洞；五雷阵；人才驸马；泗州城；碧游宫；五雷阵【三本】；五雷阵【四本】；双沙河【二本】；鬼辩；打城隍,26.17,0.2518,0.2781,0.3054
combo-a3e9c1ba,家庭亲情|除暴侠义|恩怨报偿,家庭亲情 + 除暴侠义 + 恩怨报偿,3,4|6|8,4,8,10,除暴侠义:5|家庭亲情:3|恩怨报偿:2,除暴侠义,江湖戏:4|家庭戏:4|历史戏:2,亲属关系:10|权力关系:6|冲突关系:4|同盟关系:3|审判与恩怨关系:1,01019009; 01024002; 01030004; 02012034; 02012035; 02012036; 03006006; 11001001; 70001201; 70805901,曾头市；宏碧缘【四本】；三雅园；东昌府【头本】；东昌府【二本】；东昌府【三本】；打登州；连环套；打渔杀家；李逵探母,41.48,0.1351,0.3391,0.2963
combo-241a6232,政治权力|战争武略|礼教品格,政治权力 + 战争武略 + 礼教品格,3,2|7|10,2,10,10,战争武略:5|礼教品格:5,战争武略,历史戏:10,权力关系:10|冲突关系:7|亲属关系:7|同盟关系:3,01012016; 01022006; 02006008; 02006073; 02006074; 03027006; 05014004; 14002003; 70901107; 70902131,双观星；太平桥；秦王吊孝；太平桥【头本】；太平桥【二本】；骂杨广；张松骂曹；打鼓骂曹；千金记·别姬；长生殿·闻铃,25.27,0.2963,0.3346,0.345
combo-ee1d174d,家庭亲情|战争武略|恩怨报偿,家庭亲情 + 战争武略 + 恩怨报偿,3,4|7|8,4,8,9,战争武略:5|恩怨报偿:2|家庭亲情:2,战争武略,历史戏:5|家庭戏:4,亲属关系:9|冲突关系:7|权力关系:5|同盟关系:2|婚恋关系:1|审判与恩怨关系:1,01009013; 01015002; 02012037; 03016004; 03039002; 03042001; 03042002; 70006101; 80000008,长亭会；古城相会；弓砚缘【头本】；白龙关；一捧雪；父子圆；卧虎山；搜孤救孤；哭灵牌,31.15,0.2202,0.3767,0.3362
combo-a7dd6b69,家庭亲情|战争武略|礼教品格,家庭亲情 + 战争武略 + 礼教品格,3,4|7|10,4,10,9,战争武略:5|礼教品格:3|家庭亲情:1,战争武略,历史戏:6|家庭戏:3,亲属关系:9|权力关系:8|冲突关系:6|婚恋关系:1|同盟关系:1,01003005; 01011012; 01016003; 01027011; 01035002; 02001021; 02003030; 03054003; 05004005,拾黄金；摩天岭；单刀赴会；战潼台；徐母骂曹；孝感天【头本】；徐母骂曹；马跳潭溪；袁吕结亲,29.07,0.1906,0.3479,0.3209
combo-f9c737db,家庭亲情|礼教品格|文人世情,家庭亲情 + 礼教品格 + 文人世情,3,4|10|12,4,12,9,家庭亲情:7|文人世情:2,家庭亲情,家庭戏:8|历史戏:1,亲属关系:9|权力关系:4|同盟关系:1|冲突关系:1|婚恋关系:1,01003018; 01010001; 01020010; 02007023; 03012001; 03057002; 70902120; 70902123; 70902145,丑表功；马鞍山；青楼梦；翠凤楼；望儿楼；黛玉伤春；玉簪记·问病；狮吼记·跪池；琵琶记·卖发,24.91,0.4426,0.3613,0.299
combo-03ef7106,家庭亲情|除暴侠义|战争武略,家庭亲情 + 除暴侠义 + 战争武略,3,4|6|7,4,7,9,战争武略:4|除暴侠义:4|家庭亲情:1,战争武略,历史戏:6|江湖戏:2|家庭戏:1,亲属关系:8|冲突关系:7|同盟关系:5|权力关系:5,01005002; 02001019; 02001034; 02006052; 02010002; 03058004; 05010002; 15013001; 70805105,浣纱记；攻潼关；搜孤救孤【二本】；黄草山；夺锦标【全本】；青峰岭；青草坡；虎符救赵；响马传,36.38,0.2209,0.4058,0.2867
combo-c44bb174,忠义家国|政治权力|家庭亲情,忠义家国 + 政治权力 + 家庭亲情,3,1|2|4,1,4,9,忠义家国:7|政治权力:2,忠义家国,历史戏:6|家庭戏:3,亲属关系:9|权力关系:8|同盟关系:3|冲突关系:2|婚恋关系:1,02008007; 02008008; 02008009; 02008010; 02008011; 02008012; 03031001; 03084004; 70002103,双尽忠【头本】；双尽忠【二本】；双尽忠【三本】；双尽忠【四本】；双尽忠【五本】；双尽忠【六本】；扫地挂画；四红图；十老安刘,32.37,0.238,0.3541,0.3222
combo-c603a257,政治权力|家庭亲情|公案冤狱,政治权力 + 家庭亲情 + 公案冤狱,3,2|4|5,2,5,9,公案冤狱:4|家庭亲情:4|政治权力:1,公案冤狱,历史戏:7|家庭戏:2,亲属关系:9|权力关系:9|审判与恩怨关系:3|冲突关系:2,01004012; 01005008; 01006014; 01009011; 01039004; 02008044; 03034006; 03055004; 70201201,女起解；玉堂春；金水桥；雁门关；太君辞朝；百箭会；太君辞朝；告御状；女起解,27.31,0.299,0.4559,0.3359
combo-e71758c8,政治权力|家庭亲情|恩怨报偿,政治权力 + 家庭亲情 + 恩怨报偿,3,2|4|8,2,8,9,政治权力:5|家庭亲情:3|恩怨报偿:1,政治权力,历史戏:6|家庭戏:3,亲属关系:8|权力关系:7|冲突关系:2|同盟关系:1,01032012; 02012043; 03097003; 05003002; 14002010; 70006102; 70204106; 70401107; 80000019,浣纱溪；弓砚缘【七本】；长亭会；楚宫恨；宇宙锋；捉放曹；渔夫恨；打龙棚；打严嵩,31.15,0.2943,0.3854,0.2924
combo-29c00336,忠义家国|除暴侠义,忠义家国 + 除暴侠义,2,1|6,1,6,8,除暴侠义:6|忠义家国:2,除暴侠义,江湖戏:7|家庭戏:1,亲属关系:8|同盟关系:6|权力关系:6,01014006; 01019011; 02009035; 02012001; 02012002; 02012012; 04009002; 14001005,丁甲山；九龙杯；快活林；忠义图【头本】；忠义图【二本】；九龙杯【七本】；岳母刺字；丁甲山,32.12,0.2264,0.315,0.6032
combo-e3c555b3,家庭亲情|宗教祥瑞|文人世情,家庭亲情 + 宗教祥瑞 + 文人世情,3,4|11|12,4,12,8,家庭亲情:5|文人世情:2|宗教祥瑞:1,家庭亲情,家庭戏:7|神怪戏:1,亲属关系:8|权力关系:2|婚恋关系:2|同盟关系:2,01036005; 03012003; 03048005; 04022004; 70002202; 70201105; 70902110; 70902111,天女散花；乾坤福寿镜；瞎子逛灯；劈山救母；胭脂宝褶；天女散花；牡丹亭·惊梦；牡丹亭·寻梦,34.48,0.2743,0.2685,0.2938
combo-80097bd4,战争武略|恩怨报偿|善恶转化,战争武略 + 恩怨报偿 + 善恶转化,3,7|8|9,7,9,8,战争武略:6|善恶转化:1|恩怨报偿:1,战争武略,历史戏:8,冲突关系:8|权力关系:6|亲属关系:4|同盟关系:2|婚恋关系:1,01001019; 01035006; 02008013; 03019004; 03042005; 03100001; 70006107; 70601105,柴桑口；道州城；破华州；取金陵；明末孤忠；虹霓关；珠帘寨；赤壁鏖兵【五本】,36.21,0.1686,0.3405,0.2779
combo-bf2a650a,政治权力|家庭亲情|礼教品格,政治权力 + 家庭亲情 + 礼教品格,3,2|4|10,2,10,8,政治权力:5|家庭亲情:3,政治权力,历史戏:4|家庭戏:4,权力关系:8|亲属关系:8|同盟关系:1|冲突关系:1,01002014; 01021008; 03012002; 03021003; 03056002; 70201101; 70902172; 70902177,宇宙锋；双合印；背楼；三击掌；时迁偷鸡；宇宙锋；艳云亭·痴诉；铁冠图·分宫,24.7,0.2996,0.4071,0.3079
combo-6d3620fa,家庭亲情|恩怨报偿,家庭亲情 + 恩怨报偿,2,4|8,4,8,7,家庭亲情:6|恩怨报偿:1,家庭亲情,家庭戏:4|历史戏:3,亲属关系:7|权力关系:5|同盟关系:3|婚恋关系:1,01011004; 02012039; 03034003; 04008002; 05024008; 70002203; 94000001,烧绵山；弓砚缘【三本】；漂母饭信；十三妹；曹营见母；二堂舍子；别宫祭江,30.11,0.2359,0.3465,0.4288
combo-fa9c434c,政治权力|文人世情,政治权力 + 文人世情,2,2|12,2,12,7,文人世情:7,文人世情,历史戏:5|家庭戏:2,亲属关系:6|权力关系:6|冲突关系:1|同盟关系:1|审判与恩怨关系:1,01015012; 03068001; 04022002; 70902127; 70902128; 70902158; 90000010,一捧雪；新莽闱；描容上路；长生殿·酒楼；长生殿·絮阁；牡丹亭·硬拷；红梅阁,29.0,0.317,0.3055,0.4105
combo-aa56a19d,婚恋姻缘|家庭亲情|公案冤狱,婚恋姻缘 + 家庭亲情 + 公案冤狱,3,3|4|5,3,5,7,家庭亲情:6|公案冤狱:1,家庭亲情,家庭戏:7,亲属关系:7|权力关系:3|审判与恩怨关系:3|婚恋关系:2|同盟关系:1,01024006; 01039001; 03020002; 03040001; 03040002; 03043003; 70902138,雪杯圆【二本】；贩马记【前本】；游湖阴配；双玉镯；法门寺；涿州判；奇双会·写状,41.81,0.1845,0.344,0.3054
combo-821c9277,婚恋姻缘|战争武略|恩怨报偿,婚恋姻缘 + 战争武略 + 恩怨报偿,3,3|7|8,3,8,7,恩怨报偿:3|婚恋姻缘:3|战争武略:1,恩怨报偿,历史戏:7,亲属关系:6|冲突关系:4|婚恋关系:4|权力关系:4|审判与恩怨关系:1,01008006; 01040006; 02008054; 02011047; 03004001; 05012001; 70902178,虹霓关；金光阵；双挂印；刺虎；别宫祭江；吴越春秋【前部】；铁冠图·刺虎,30.34,0.3201,0.3264,0.3576
combo-b0986cef,家庭亲情|战争武略|善恶转化,家庭亲情 + 战争武略 + 善恶转化,3,4|7|9,4,9,7,家庭亲情:4|战争武略:2|善恶转化:1,家庭亲情,历史戏:4|家庭戏:3,亲属关系:7|权力关系:6|冲突关系:6|婚恋关系:1|同盟关系:1,01001008; 01022010; 03013005; 03021005; 03030005; 70901136; 94000003,取成都；飞叉阵；反五侯；平贵别窑；雁门关【五本】；升平宝筏·激猴；打孟良,28.96,0.2987,0.4119,0.3188
combo-caa7729e,政治权力|公案冤狱|战争武略,政治权力 + 公案冤狱 + 战争武略,3,2|5|7,2,7,7,战争武略:3|政治权力:2|公案冤狱:2,战争武略,历史戏:7,权力关系:6|亲属关系:6|冲突关系:6|同盟关系:1,01024007; 03008001; 03008003; 03055002; 03055005; 05002001; 05024001,挡幽王；风雪夺昆仑；反延安；双龙会；永平安；斩彭越；鞭打督邮,36.3,0.184,0.3243,0.3163
combo-bd34e0fa,政治权力|公案冤狱|除暴侠义,政治权力 + 公案冤狱 + 除暴侠义,3,2|5|6,2,6,7,政治权力:6|公案冤狱:1,政治权力,历史戏:3|江湖戏:3|公案戏:1,权力关系:7|亲属关系:4|同盟关系:3|婚恋关系:1|审判与恩怨关系:1,01013020; 01027005; 02012007; 02012008; 02012009; 02012010; 02012011,花蝴蝶；三门街【九、十本】；九龙杯【二本】；九龙杯【三本】；九龙杯【四本】；九龙杯【五本】；九龙杯【六本】,28.35,0.2109,0.3441,0.3588
combo-de874e80,政治权力|家庭亲情|宗教祥瑞,政治权力 + 家庭亲情 + 宗教祥瑞,3,2|4|11,2,11,7,家庭亲情:3|宗教祥瑞:3|政治权力:1,家庭亲情,神怪戏:4|历史戏:2|家庭戏:1,权力关系:7|亲属关系:6|冲突关系:1|婚恋关系:1,03052005; 03076002; 04012001; 70902132; 70904115; 70904208; 70904214,朝金顶；秦淮河；二堂舍子；长生殿·哭像；西游记·胖姑学舌；西游记·胖姑学舌；九莲灯·焚宫烧狱,24.18,0.4486,0.3315,0.3233
combo-e236d782,政治权力|家庭亲情|战争武略|恩怨报偿,政治权力 + 家庭亲情 + 战争武略 + 恩怨报偿,4,2|4|7|8,2,8,7,政治权力:4|家庭亲情:1|战争武略:1|恩怨报偿:1,政治权力,历史戏:7,权力关系:7|亲属关系:6|冲突关系:5|同盟关系:1,01015011; 01025010; 02001026; 03038003; 03072001; 14009005; 70002105,庆阳图；东宫扫雪；米注山【头、二本】；秋生造律；春秋笔；香妃恨；赵氏孤儿,43.36,0.107,0.2854,0.2571
combo-619ddc66,公案冤狱|除暴侠义,公案冤狱 + 除暴侠义,2,5|6,5,6,6,除暴侠义:6,除暴侠义,江湖戏:4|历史戏:2,亲属关系:6|权力关系:3|同盟关系:2|审判与恩怨关系:2|冲突关系:2|婚恋关系:2,01006010; 01012002; 01013010; 01024001; 03071003; 04010006,落马湖；闹江州；八蜡庙；宏碧缘【三本】；浔阳楼；通天犀,42.55,0.1399,0.3544,0.3974
combo-b941ae22,婚恋姻缘|礼教品格,婚恋姻缘 + 礼教品格,2,3|10,3,10,6,婚恋姻缘:5|礼教品格:1,婚恋姻缘,家庭戏:5|历史戏:1,亲属关系:6|婚恋关系:6|权力关系:4|同盟关系:2,03002002; 03021010; 03093002; 04010005; 70006106; 80000004,小上坟；武家坡；鹦鹉洲；三岔口；武家坡；武家坡,26.21,0.4821,0.4206,0.4909
combo-6cbdec8f,宗教祥瑞|文人世情,宗教祥瑞 + 文人世情,2,11|12,11,12,6,宗教祥瑞:4|文人世情:2,宗教祥瑞,神怪戏:4|家庭戏:1|历史戏:1,亲属关系:6|婚恋关系:2|权力关系:1|同盟关系:1|冲突关系:1,01027007; 03040003; 03060004; 04037003; 70902112; 70902113,戏牡丹；刘瑾逛花园；花亭射妖；钟馗嫁妹；牡丹亭·拾画；牡丹亭·叫画,19.56,0.3113,0.192,0.6104
combo-74dc7e8c,婚恋姻缘|家庭亲情|宗教祥瑞,婚恋姻缘 + 家庭亲情 + 宗教祥瑞,3,3|4|11,3,11,6,婚恋姻缘:4|宗教祥瑞:1|家庭亲情:1,婚恋姻缘,家庭戏:4|历史戏:1|神怪戏:1,亲属关系:6|权力关系:5|婚恋关系:4|同盟关系:1|审判与恩怨关系:1,01003015; 01022008; 01027012; 01027013; 01028005; 01031012,阴阳河；喂药；看香头；长生乐；磨房产子；瑶池会,27.02,0.3612,0.4257,0.3345
combo-3246b321,忠义家国|家庭亲情|战争武略,忠义家国 + 家庭亲情 + 战争武略,3,1|4|7,1,7,6,家庭亲情:3|忠义家国:2|战争武略:1,家庭亲情,历史戏:3|家庭戏:3,亲属关系:6|冲突关系:4|权力关系:3|婚恋关系:1|同盟关系:1,01017008; 02011041; 03100006; 04014002; 05004008; 70801109,斩貂蝉；宁武关【三、四本】；锁阳关；岳家庄；月下赞貂婵；江汉渔歌,35.01,0.2866,0.4012,0.326
combo-97084014,政治权力|婚恋姻缘|文人世情,政治权力 + 婚恋姻缘 + 文人世情,3,2|3|12,2,12,6,文人世情:4|婚恋姻缘:2,文人世情,家庭戏:6,亲属关系:6|权力关系:6|婚恋关系:4|审判与恩怨关系:1,01010007; 01019005; 03021001; 70001205; 70006112; 70902159,打面缸；马前泼水；花园赠金；义责王魁；御碑亭；金雀记·乔醋,28.55,0.2974,0.4926,0.3127
combo-56734d03,政治权力|婚恋姻缘|家庭亲情|文人世情,政治权力 + 婚恋姻缘 + 家庭亲情 + 文人世情,4,2|3|4|12,2,12,6,文人世情:3|婚恋姻缘:1|家庭亲情:1|政治权力:1,文人世情,家庭戏:3|历史戏:3,权力关系:6|亲属关系:6|婚恋关系:4,02002016; 03077001; 03079001; 03097001; 04010001; 80000021,卓文君【全本】；赵五娘；卓文君；斩伍奢；彩楼配；文姬归汉,43.74,0.127,0.3259,0.2472
combo-f435db67,婚恋姻缘|家庭亲情|除暴侠义,婚恋姻缘 + 家庭亲情 + 除暴侠义,3,3|4|6,3,6,5,家庭亲情:4|婚恋姻缘:1,家庭亲情,家庭戏:4|江湖戏:1,亲属关系:5|婚恋关系:5|权力关系:1|同盟关系:1,01040004; 03014003; 03022003; 14007006; 80000032,倒厅门；得意缘；古押衙；翠屏山；千里送京娘,35.67,0.2679,0.1911,0.3051
combo-c8717793,家庭亲情|善恶转化|宗教祥瑞,家庭亲情 + 善恶转化 + 宗教祥瑞,3,4|9|11,4,11,5,宗教祥瑞:2|善恶转化:2|家庭亲情:1,宗教祥瑞,神怪戏:3|家庭戏:2,亲属关系:5|权力关系:2|冲突关系:1,01015009; 01031006; 02006031; 03099003; 03109001,盗魂铃；莲花塘；五庄观【头本】；莲花洞；河伯娶妇,29.46,0.2001,0.3681,0.3789
combo-5bee18ce,忠义家国|政治权力|文人世情,忠义家国 + 政治权力 + 文人世情,3,1|2|12,1,12,5,政治权力:4|文人世情:1,政治权力,历史戏:5,权力关系:5|亲属关系:4|冲突关系:1|同盟关系:1,01016001; 02006056; 03028005; 70902126; 80000026,骂杨广；醉写；汤怀自刎；千忠戮·惨睹；桃花扇,31.53,0.215,0.297,0.2934
combo-ff6096a1,战争武略|善恶转化|宗教祥瑞,战争武略 + 善恶转化 + 宗教祥瑞,3,7|9|11,7,11,5,善恶转化:2|宗教祥瑞:2|战争武略:1,善恶转化,神怪戏:3|历史戏:2,权力关系:5|亲属关系:3|冲突关系:3|同盟关系:1,02006027; 02006038; 05025002; 13004004; 70901134,黑风山；莲花洞；大闹蛇盘山鹰愁涧；安天会·大战；升平宝筏·擒猴,27.26,0.2344,0.5444,0.3198
combo-0c82703a,战争武略|恩怨报偿|宗教祥瑞,战争武略 + 恩怨报偿 + 宗教祥瑞,3,7|8|11,7,11,5,战争武略:4|宗教祥瑞:1,战争武略,历史戏:4|神怪戏:1,冲突关系:4|亲属关系:4|权力关系:4|同盟关系:1,01019010; 02001048; 02011021; 03027001; 03075004,佘塘关；五雷阵【二本】；飞坡岛；五雷阵；神亭岭,26.21,0.243,0.3128,0.3545
combo-324cb07c,政治权力|婚恋姻缘|战争武略,政治权力 + 婚恋姻缘 + 战争武略,3,2|3|7,2,7,5,战争武略:4|政治权力:1,战争武略,历史戏:5,权力关系:5|亲属关系:5|冲突关系:3|婚恋关系:1|同盟关系:1,01005005; 05016002; 70003107; 70901145; 90000008,沙陀国；敬德装疯；赐袍赠马；列国传·棋盘会；双阳公主,31.77,0.2653,0.3661,0.2943
combo-c3ca3efe,政治权力|礼教品格|文人世情,政治权力 + 礼教品格 + 文人世情,3,2|10|12,2,12,5,文人世情:2|政治权力:2|礼教品格:1,文人世情,历史戏:5,权力关系:5|亲属关系:4|冲突关系:1|婚恋关系:1|同盟关系:1,01024003; 02006059; 03021008; 03078003; 70204107,金马门；骂门；鸿雁捎书；孟尝君；桃花扇,32.29,0.2118,0.3268,0.279
combo-2371bab9,婚恋姻缘|家庭亲情|战争武略|善恶转化,婚恋姻缘 + 家庭亲情 + 战争武略 + 善恶转化,4,3|4|7|9,3,9,5,战争武略:2|婚恋姻缘:2|善恶转化:1,战争武略,历史戏:3|家庭戏:2,亲属关系:5|冲突关系:3|婚恋关系:3|权力关系:3|同盟关系:1,01011008; 02006036; 03005001; 03008004; 05014008,马上缘；救儒逃洞；合欢图；通海沟；截江夺斗,37.72,0.1889,0.3367,0.2332
combo-bdad6938,政治权力|婚恋姻缘|家庭亲情|战争武略,政治权力 + 婚恋姻缘 + 家庭亲情 + 战争武略,4,2|3|4|7,2,7,5,婚恋姻缘:2|战争武略:2|政治权力:1,婚恋姻缘,历史戏:5,亲属关系:5|权力关系:5|冲突关系:2|婚恋关系:1|同盟关系:1,01011003; 02008040; 03051005; 05016001; 80000005,回龙阁；五台山；马陵道【五本】；双义节；火牛阵,41.48,0.2043,0.2874,0.216
combo-1cdee729,政治权力|家庭亲情|战争武略|礼教品格,政治权力 + 家庭亲情 + 战争武略 + 礼教品格,4,2|4|7|10,2,10,5,家庭亲情:3|战争武略:2,家庭亲情,历史戏:4|家庭戏:1,权力关系:5|亲属关系:5|冲突关系:2|同盟关系:1,01004009; 01025008; 03004002; 03013001; 03054008,忠孝全；刘秀走国；胭脂虎；渭水河；一请诸葛,32.57,0.2154,0.3324,0.2124
combo-806f22b1,恩怨报偿|宗教祥瑞,恩怨报偿 + 宗教祥瑞,2,8|11,8,11,4,宗教祥瑞:4,宗教祥瑞,历史戏:3|神怪戏:1,权力关系:4|亲属关系:4|冲突关系:2|婚恋关系:1,01006015; 01027006; 01033002; 02008016,罗成托梦；怒斩于神仙；水漫金山寺；因果报,32.83,0.2068,0.3415,0.422
combo-c3c02f8a,家庭亲情|公案冤狱|文人世情,家庭亲情 + 公案冤狱 + 文人世情,3,4|5|12,4,12,4,公案冤狱:3|家庭亲情:1,公案冤狱,公案戏:2|家庭戏:2,亲属关系:4|权力关系:3|审判与恩怨关系:2|冲突关系:1|婚恋关系:1,03041007; 03091008; 04034001; 70202105,双合印；马房释放；双合印；窦娥冤,37.91,0.2211,0.5203,0.292
combo-6e39cca7,家庭亲情|恩怨报偿|善恶转化,家庭亲情 + 恩怨报偿 + 善恶转化,3,4|8|9,4,9,4,善恶转化:2|家庭亲情:2,善恶转化,家庭戏:3|历史戏:1,亲属关系:4|冲突关系:3|权力关系:2,01002016; 01020002; 03033007; 80000002,打渔杀家；戏迷传；打龙棚；打渔杀家,29.47,0.3275,0.4476,0.3061
combo-50f90a47,家庭亲情|恩怨报偿|文人世情,家庭亲情 + 恩怨报偿 + 文人世情,3,4|8|12,4,12,4,恩怨报偿:2|文人世情:1|家庭亲情:1,恩怨报偿,家庭戏:3|历史戏:1,亲属关系:4|冲突关系:1|婚恋关系:1|权力关系:1,01002020; 03037001; 03074005; 13004002,白状元祭塔；金瓶女；马鞍山；洛阳桥·下海,25.36,0.2519,0.2646,0.3355
combo-a1535440,家庭亲情|战争武略|文人世情,家庭亲情 + 战争武略 + 文人世情,3,4|7|12,4,12,4,战争武略:2|家庭亲情:1|文人世情:1,战争武略,历史戏:4,亲属关系:4|同盟关系:4|权力关系:3,01037003; 03027004; 03054004; 70003102,三字经；徐庶劝友；水镜庄；桃园结义,27.73,0.3241,0.3979,0.2727
combo-581a7775,忠义家国|战争武略|礼教品格,忠义家国 + 战争武略 + 礼教品格,3,1|7|10,1,10,4,战争武略:4,战争武略,历史戏:4,亲属关系:3|冲突关系:3|权力关系:3|婚恋关系:1|同盟关系:1,01003010; 01023007; 70005111; 70902130,战蒲关；百凉楼；马嵬驿；长生殿·埋玉,22.94,0.3728,0.3154,0.3179
combo-04645de9,政治权力|战争武略|宗教祥瑞,政治权力 + 战争武略 + 宗教祥瑞,3,2|7|11,2,11,4,战争武略:4,战争武略,历史戏:4,权力关系:4|冲突关系:4|亲属关系:4,01036007; 01039007; 02001047; 02008027,刀劈三关；斩妲己；五雷阵【头本】；输华山,31.07,0.3072,0.4123,0.31
combo-611567e3,婚恋姻缘|家庭亲情|除暴侠义|恩怨报偿,婚恋姻缘 + 家庭亲情 + 除暴侠义 + 恩怨报偿,4,3|4|6|8,3,8,4,除暴侠义:2|家庭亲情:1|恩怨报偿:1,除暴侠义,家庭戏:4,亲属关系:4|权力关系:3|同盟关系:3|婚恋关系:2,01004015; 02002007; 03050003; 03084001,新安驿；韩信【全本】；铁丘坟；送京娘,45.84,0.2381,0.2243,0.2283
combo-a9e4454b,婚恋姻缘|家庭亲情|除暴侠义|战争武略,婚恋姻缘 + 家庭亲情 + 除暴侠义 + 战争武略,4,3|4|6|7,3,7,4,除暴侠义:2|家庭亲情:1|战争武略:1,除暴侠义,家庭戏:2|历史戏:2,亲属关系:4|婚恋关系:3|冲突关系:2|同盟关系:1|权力关系:1,01002008; 01010010; 01028002; 01029004,八义图；锁云囊；九阳钟【头本】；九阳钟【二本】,41.88,0.1743,0.3173,0.2366
combo-12edf753,政治权力|家庭亲情|战争武略|善恶转化,政治权力 + 家庭亲情 + 战争武略 + 善恶转化,4,2|4|7|9,2,9,4,战争武略:2|家庭亲情:1|善恶转化:1,战争武略,历史戏:3|家庭戏:1,权力关系:4|亲属关系:4|同盟关系:2|冲突关系:1,01004010; 03060002; 03079002; 03098002,双投唐；洒金桥；苏武牧羊；广泰庄,34.09,0.2837,0.2421,0.2119
combo-86f31bc1,政治权力|战争武略|善恶转化|宗教祥瑞,政治权力 + 战争武略 + 善恶转化 + 宗教祥瑞,4,2|7|9|11,2,11,4,善恶转化:3|政治权力:1,善恶转化,历史戏:4,权力关系:4|冲突关系:3|同盟关系:1|亲属关系:1,02001017; 02006069; 70005112; 70805104,太师托梦；祥梅寺；刀劈三关；大闹天宫,34.58,0.2431,0.4136,0.2483
combo-e95c9458,公案冤狱|恩怨报偿,公案冤狱 + 恩怨报偿,2,5|8,5,8,3,恩怨报偿:2|公案冤狱:1,恩怨报偿,历史戏:2|公案戏:1,亲属关系:3|权力关系:3|审判与恩怨关系:3,01023003; 04045004; 80000018,举鼎观画；举鼎观画；奇冤报,26.91,0.3911,0.3391,0.5237
combo-e8776579,婚恋姻缘|恩怨报偿,婚恋姻缘 + 恩怨报偿,2,3|8,3,8,3,婚恋姻缘:3,婚恋姻缘,家庭戏:2|历史戏:1,婚恋关系:3|亲属关系:2|权力关系:1|同盟关系:1|审判与恩怨关系:1,01002003; 01034006; 70901106,祭长江；镔铁剑；一种情·冥勘,20.89,0.5246,0.2973,0.5389
combo-8b2136d5,礼教品格|文人世情,礼教品格 + 文人世情,2,10|12,10,12,3,文人世情:2|礼教品格:1,文人世情,家庭戏:2|历史戏:1,亲属关系:3|婚恋关系:2|权力关系:2,04022003; 04037001; 70902119,扫松下书；玉簪记；玉簪记·琴挑,26.9,0.4852,0.118,0.4481
combo-63a7958f,公案冤狱|战争武略|恩怨报偿,公案冤狱 + 战争武略 + 恩怨报偿,3,5|7|8,5,8,3,恩怨报偿:2|公案冤狱:1,恩怨报偿,历史戏:3,权力关系:3|审判与恩怨关系:2|同盟关系:2|亲属关系:1|冲突关系:1,01001018; 03009002; 03086003,双狮图；耒阳县；擒乌龙,28.86,0.2527,0.3948,0.3225
combo-cdcc7b9f,婚恋姻缘|公案冤狱|恩怨报偿,婚恋姻缘 + 公案冤狱 + 恩怨报偿,3,3|5|8,3,8,3,婚恋姻缘:2|公案冤狱:1,婚恋姻缘,历史戏:2|公案戏:1,审判与恩怨关系:3|权力关系:3|冲突关系:1|亲属关系:1|同盟关系:1,01012015; 01013006; 70001202,一捧雪；奇冤报；审头刺汤,28.44,0.3188,0.4317,0.352
combo-a947208b,婚恋姻缘|宗教祥瑞|文人世情,婚恋姻缘 + 宗教祥瑞 + 文人世情,3,3|11|12,3,12,3,文人世情:2|婚恋姻缘:1,文人世情,家庭戏:3,亲属关系:3|婚恋关系:3,01013014; 01020011; 01040005,金钱豹；送花楼会；万花船,30.13,0.3125,0.342,0.3162
combo-2c9de544,婚恋姻缘|家庭亲情|恩怨报偿,婚恋姻缘 + 家庭亲情 + 恩怨报偿,3,3|4|8,3,8,3,家庭亲情:3,家庭亲情,家庭戏:3,亲属关系:3|权力关系:1|婚恋关系:1,01013013; 01032006; 03039007,刺巴杰；芙蓉诔；祭雪艳,27.94,0.1797,0.3392,0.267
combo-1a0342fb,家庭亲情|善恶转化|礼教品格,家庭亲情 + 善恶转化 + 礼教品格,3,4|9|10,4,10,3,家庭亲情:2|礼教品格:1,家庭亲情,家庭戏:3,亲属关系:3|权力关系:1,02001056; 03034001; 04016002,幻化；孟母断机；拾玉镯,21.17,0.6017,0.2552,0.3406
combo-184dd802,忠义家国|婚恋姻缘|恩怨报偿,忠义家国 + 婚恋姻缘 + 恩怨报偿,3,1|3|8,1,8,3,婚恋姻缘:3,婚恋姻缘,历史戏:3,婚恋关系:3|亲属关系:3|冲突关系:3,04027001; 09007001; 70201110,生死恨；生死恨；生死恨,44.0,0.0849,0.269,0.3376
combo-67e8c25a,忠义家国|战争武略|恩怨报偿,忠义家国 + 战争武略 + 恩怨报偿,3,1|7|8,1,8,3,战争武略:2|恩怨报偿:1,战争武略,历史戏:3,冲突关系:3|权力关系:3|亲属关系:1,01013011; 03041006; 05009002,伐东吴；小显；雄州关【头本】,25.63,0.1781,0.3116,0.3391
combo-6f52e464,政治权力|善恶转化|宗教祥瑞,政治权力 + 善恶转化 + 宗教祥瑞,3,2|9|11,2,11,3,宗教祥瑞:3,宗教祥瑞,历史戏:2|神怪戏:1,权力关系:3|亲属关系:3|同盟关系:1,01016018; 01036003; 05025001,妙善出家；大香山；大闹御马监,37.54,0.234,0.4448,0.3019
combo-cf756f23,政治权力|家庭亲情|文人世情,政治权力 + 家庭亲情 + 文人世情,3,2|4|12,2,12,3,政治权力:2|文人世情:1,政治权力,家庭戏:2|历史戏:1,权力关系:3|亲属关系:3|同盟关系:1,01010003; 02006048; 05004007,渭水河；五凤楼【五本】；七步吟,24.65,0.1783,0.387,0.2957
combo-03cdb023,婚恋姻缘|家庭亲情|宗教祥瑞|文人世情,婚恋姻缘 + 家庭亲情 + 宗教祥瑞 + 文人世情,4,3|4|11|12,3,12,3,婚恋姻缘:2|家庭亲情:1,婚恋姻缘,家庭戏:2|历史戏:1,亲属关系:3|婚恋关系:2|权力关系:1,02010032; 70203105; 70203203,狮吼记；钗头凤；绣襦记,40.34,0.2523,0.439,0.225
combo-62bc8592,婚恋姻缘|家庭亲情|战争武略|礼教品格,婚恋姻缘 + 家庭亲情 + 战争武略 + 礼教品格,4,3|4|7|10,3,10,3,婚恋姻缘:2|家庭亲情:1,婚恋姻缘,家庭戏:2|历史戏:1,亲属关系:3|权力关系:2|婚恋关系:1|冲突关系:1,02001022; 03034002; 03066002,孝感天【二本】；孝感天；庚娘,40.17,0.1301,0.2872,0.2563
combo-11386f65,家庭亲情|公案冤狱|除暴侠义|恩怨报偿,家庭亲情 + 公案冤狱 + 除暴侠义 + 恩怨报偿,4,4|5|6|8,4,8,3,恩怨报偿:2|公案冤狱:1,恩怨报偿,江湖戏:1|家庭戏:1|公案戏:1,亲属关系:3|权力关系:2|审判与恩怨关系:2|同盟关系:1|婚恋关系:1,01013007; 01025001; 70902171,恶虎村；宏碧缘【五本】；白罗衫·看状,39.43,0.2176,0.3442,0.2065
combo-2804f846,家庭亲情|除暴侠义|战争武略|文人世情,家庭亲情 + 除暴侠义 + 战争武略 + 文人世情,4,4|6|7|12,4,12,3,家庭亲情:1|除暴侠义:1|战争武略:1,家庭亲情,历史戏:1|江湖戏:1|家庭戏:1,亲属关系:3|同盟关系:3|权力关系:2|冲突关系:1,01014003; 03059004; 03105002,浔阳楼；风流双枪将；绿珠坠楼,43.6,0.152,0.3166,0.2557
combo-aa991d4f,忠义家国|政治权力|家庭亲情|战争武略,忠义家国 + 政治权力 + 家庭亲情 + 战争武略,4,1|2|4|7,1,7,3,家庭亲情:1|忠义家国:1|政治权力:1,家庭亲情,历史戏:3,权力关系:3|亲属关系:3|冲突关系:2,01017012; 01022002; 05022001,连环计；哭祖庙；龙凤帕【头本】,35.4,0.2589,0.1805,0.2224
combo-501a073c,政治权力|婚恋姻缘|家庭亲情|公案冤狱,政治权力 + 婚恋姻缘 + 家庭亲情 + 公案冤狱,4,2|3|4|5,2,5,3,婚恋姻缘:2|公案冤狱:1,婚恋姻缘,家庭戏:3,亲属关系:3|权力关系:3|婚恋关系:2|冲突关系:1,01010004; 03016005; 70203108,法场换子；赛太岁；勘玉钏,37.74,0.2211,0.3312,0.228
combo-6d83c11c,政治权力|战争武略|恩怨报偿|文人世情,政治权力 + 战争武略 + 恩怨报偿 + 文人世情,4,2|7|8|12,2,12,3,政治权力:2|恩怨报偿:1,政治权力,历史戏:3,权力关系:3|亲属关系:2|婚恋关系:1|冲突关系:1,03018002; 03051007; 03091001,海潮珠；马陵道【七本】；功臣泪,38.96,0.1434,0.3327,0.2307
combo-a0312da8,忠义家国|恩怨报偿,忠义家国 + 恩怨报偿,2,1|8,1,8,2,忠义家国:2,忠义家国,历史戏:2,冲突关系:2|权力关系:2|亲属关系:2,14001003; 70005104,八大锤；博浪锥,26.19,0.2172,0.3399,0.4889
combo-79a79c76,公案冤狱|战争武略|善恶转化,公案冤狱 + 战争武略 + 善恶转化,3,5|7|9,5,9,2,公案冤狱:1|战争武略:1,公案冤狱,公案戏:1|历史戏:1,亲属关系:2|权力关系:1|同盟关系:1|冲突关系:1|婚恋关系:1,02006037; 04017001,法场明冤；战太平,26.52,0.253,0.3359,0.4083
combo-55f2ac8d,婚恋姻缘|家庭亲情|善恶转化,婚恋姻缘 + 家庭亲情 + 善恶转化,3,3|4|9,3,9,2,婚恋姻缘:1|家庭亲情:1,婚恋姻缘,家庭戏:2,亲属关系:2|权力关系:2|婚恋关系:2,01038004; 70601110,珍珠衫；变羊记,29.63,0.4304,0.2734,0.2199
combo-fb224744,婚恋姻缘|战争武略|文人世情,婚恋姻缘 + 战争武略 + 文人世情,3,3|7|12,3,12,2,文人世情:1|婚恋姻缘:1,文人世情,历史戏:2,亲属关系:2|同盟关系:1|婚恋关系:1|权力关系:1,70001106; 70902114,乌龙院；紫钗记·折柳,28.77,0.2515,0.2988,0.3177
combo-a4c1dc04,婚恋姻缘|礼教品格|文人世情,婚恋姻缘 + 礼教品格 + 文人世情,3,3|10|12,3,12,2,婚恋姻缘:1|文人世情:1,婚恋姻缘,家庭戏:2,亲属关系:2|婚恋关系:2|冲突关系:1|权力关系:1,01005013; 03022002,双摇会；沙叱利,33.55,0.2378,0.296,0.256
combo-c2a1532a,家庭亲情|公案冤狱|宗教祥瑞,家庭亲情 + 公案冤狱 + 宗教祥瑞,3,4|5|11,4,11,2,宗教祥瑞:1|家庭亲情:1,宗教祥瑞,历史戏:1|家庭戏:1,亲属关系:2|同盟关系:2|冲突关系:1,01010017; 01026008,烟鬼叹；三结义,31.38,0.1375,0.2862,0.2495
combo-2dfdd341,家庭亲情|公案冤狱|战争武略,家庭亲情 + 公案冤狱 + 战争武略,3,4|5|7,4,7,2,公案冤狱:1|家庭亲情:1,公案冤狱,家庭戏:1|历史戏:1,亲属关系:2|权力关系:1|冲突关系:1,02009020; 70002104,路遥知马力；串龙珠,44.62,0.0955,0.3399,0.2974
combo-a1faf974,家庭亲情|公案冤狱|礼教品格,家庭亲情 + 公案冤狱 + 礼教品格,3,4|5|10,4,10,2,公案冤狱:1|家庭亲情:1,公案冤狱,公案戏:1|家庭戏:1,亲属关系:2|审判与恩怨关系:2|冲突关系:1,01005006; 01027008,六月雪；打沙锅,25.16,0.431,0.2922,0.3962
combo-596d1dc5,家庭亲情|公案冤狱|除暴侠义,家庭亲情 + 公案冤狱 + 除暴侠义,3,4|5|6,4,6,2,除暴侠义:2,除暴侠义,江湖戏:1|家庭戏:1,亲属关系:2|同盟关系:1|婚恋关系:1|权力关系:1,01027003; 03063001,三门街【五、六本】；酒丐,46.72,0.0714,0.2491,0.2806
combo-2f230bb3,家庭亲情|恩怨报偿|宗教祥瑞,家庭亲情 + 恩怨报偿 + 宗教祥瑞,3,4|8|11,4,11,2,恩怨报偿:1|家庭亲情:1,恩怨报偿,家庭戏:2,亲属关系:2|权力关系:1|同盟关系:1,01028003; 03048006,行路哭灵；定计化缘,26.65,0.4178,0.3876,0.3181
combo-cf998e77,家庭亲情|礼教品格|宗教祥瑞,家庭亲情 + 礼教品格 + 宗教祥瑞,3,4|10|11,4,11,2,家庭亲情:2,家庭亲情,家庭戏:2,亲属关系:2|权力关系:1|同盟关系:1,01008010; 01028001,二姐逛庙；童女斩蛇,33.29,0.3897,0.473,0.2923
combo-f348d96d,忠义家国|家庭亲情|恩怨报偿,忠义家国 + 家庭亲情 + 恩怨报偿,3,1|4|8,1,8,2,恩怨报偿:2,恩怨报偿,历史戏:1|家庭戏:1,权力关系:2|亲属关系:2|冲突关系:1|婚恋关系:1,01038009; 05012002,湘江会；吴越春秋【后部】,47.75,0.1583,0.4145,0.2741
combo-4ebe6816,忠义家国|战争武略|善恶转化,忠义家国 + 战争武略 + 善恶转化,3,1|7|9,1,9,2,忠义家国:1|战争武略:1,忠义家国,历史戏:2,冲突关系:2|亲属关系:1|同盟关系:1|权力关系:1|婚恋关系:1,02010024; 03084002,洞庭湖；南界关,48.2,0.1118,0.3738,0.3543
combo-335d101f,忠义家国|政治权力|公案冤狱,忠义家国 + 政治权力 + 公案冤狱,3,1|2|5,1,5,2,忠义家国:1|公案冤狱:1,忠义家国,历史戏:1|公案戏:1,权力关系:2|亲属关系:2|同盟关系:1,01018011; 80000024,五人义；贺后骂殿,26.34,0.2392,0.3741,0.3374
combo-5c2c8af3,忠义家国|政治权力|婚恋姻缘,忠义家国 + 政治权力 + 婚恋姻缘,3,1|2|3,1,3,2,忠义家国:2,忠义家国,家庭戏:1|历史戏:1,亲属关系:2|权力关系:2|婚恋关系:2,02012038; 10002001,弓砚缘【二本】；南天门,27.28,0.2348,0.3321,0.2389
combo-611e4440,忠义家国|除暴侠义|战争武略,忠义家国 + 除暴侠义 + 战争武略,3,1|6|7,1,7,2,战争武略:2,战争武略,历史戏:2,亲属关系:2|权力关系:2|同盟关系:1|冲突关系:1,03080005; 04001002,月下斩貂蝉；樊江关,26.73,0.4654,0.4163,0.2919
combo-633a7c2a,恩怨报偿|宗教祥瑞|文人世情,恩怨报偿 + 宗教祥瑞 + 文人世情,3,8|11|12,8,12,2,宗教祥瑞:1|文人世情:1,宗教祥瑞,家庭戏:1|神怪戏:1,亲属关系:2|权力关系:1|审判与恩怨关系:1|婚恋关系:1,01018003; 70902162,骂阎罗；疗妒羹·题曲,22.82,0.0828,0.33,0.2969
combo-bbeaf926,战争武略|善恶转化|礼教品格,战争武略 + 善恶转化 + 礼教品格,3,7|9|10,7,10,2,战争武略:1|善恶转化:1,战争武略,历史戏:2,同盟关系:2|亲属关系:2|权力关系:2,01010015; 70902108,荐诸葛；牧羊记·望乡,25.46,0.3982,0.3473,0.2774
combo-0ec2d10c,战争武略|恩怨报偿|文人世情,战争武略 + 恩怨报偿 + 文人世情,3,7|8|12,7,12,2,战争武略:2,战争武略,历史戏:2,亲属关系:2|权力关系:2|同盟关系:2,01001011; 80000031,文昭关；文昭关,27.09,0.3508,0.441,0.3508
combo-f59a9255,政治权力|婚恋姻缘|礼教品格,政治权力 + 婚恋姻缘 + 礼教品格,3,2|3|10,2,10,2,婚恋姻缘:2,婚恋姻缘,家庭戏:2,亲属关系:2|权力关系:2|婚恋关系:2,01005001; 01036004,武家坡；翠花宫,28.2,0.4999,0.3704,0.3071
combo-40d80dcd,除暴侠义|战争武略|宗教祥瑞,除暴侠义 + 战争武略 + 宗教祥瑞,3,6|7|11,6,11,2,战争武略:2,战争武略,神怪戏:1|历史戏:1,同盟关系:2|亲属关系:2|权力关系:1|冲突关系:1,02010034; 70901103,大悲楼；昊天塔·激良,32.8,0.2726,0.3001,0.3151
combo-4598fd92,除暴侠义|战争武略|恩怨报偿,除暴侠义 + 战争武略 + 恩怨报偿,3,6|7|8,6,8,2,除暴侠义:1|战争武略:1,除暴侠义,历史戏:2,亲属关系:2|权力关系:2|婚恋关系:1|冲突关系:1,03071002; 05015002,小鳌山；恶虎关,50.34,0.11,0.3691,0.2769
combo-2ecd4f06,除暴侠义|战争武略|礼教品格,除暴侠义 + 战争武略 + 礼教品格,3,6|7|10,6,10,2,除暴侠义:2,除暴侠义,历史戏:2,亲属关系:2|权力关系:2|冲突关系:1,01010014; 90000001,卖饽饽；红线盗盒,24.39,0.4325,0.3724,0.2378
combo-c861b073,婚恋姻缘|家庭亲情|公案冤狱|恩怨报偿,婚恋姻缘 + 家庭亲情 + 公案冤狱 + 恩怨报偿,4,3|4|5|8,3,8,2,公案冤狱:2,公案冤狱,历史戏:1|家庭戏:1,亲属关系:2|权力关系:1|冲突关系:1|婚恋关系:1|审判与恩怨关系:1,03050002; 94000006,九焰山；春草闯堂,53.05,0.1239,0.3266,0.21
combo-560faf29,婚恋姻缘|家庭亲情|公案冤狱|战争武略,婚恋姻缘 + 家庭亲情 + 公案冤狱 + 战争武略,4,3|4|5|7,3,7,2,公案冤狱:1|战争武略:1,公案冤狱,历史戏:1|家庭戏:1,亲属关系:2|冲突关系:2|婚恋关系:1|权力关系:1,05018003; 05019002,五彩舆【三本】；五彩舆【七本】,49.97,0.0954,0.3466,0.191
combo-d778222d,婚恋姻缘|家庭亲情|公案冤狱|礼教品格,婚恋姻缘 + 家庭亲情 + 公案冤狱 + 礼教品格,4,3|4|5|10,3,10,2,礼教品格:1|公案冤狱:1,礼教品格,家庭戏:2,亲属关系:2|权力关系:2|审判与恩怨关系:1|婚恋关系:1,01004016; 70902170,小上坟；白罗衫·游园,24.49,0.4693,0.3027,0.2743
combo-e437309e,婚恋姻缘|家庭亲情|战争武略|恩怨报偿,婚恋姻缘 + 家庭亲情 + 战争武略 + 恩怨报偿,4,3|4|7|8,3,8,2,婚恋姻缘:1|战争武略:1,婚恋姻缘,家庭戏:1|历史戏:1,亲属关系:2|审判与恩怨关系:1|冲突关系:1|婚恋关系:1|同盟关系:1,01007011; 08005004,蝴蝶杯【后本】；鹦鹉洲,37.7,0.1974,0.3611,0.2035
combo-4a592f81,婚恋姻缘|家庭亲情|礼教品格|文人世情,婚恋姻缘 + 家庭亲情 + 礼教品格 + 文人世情,4,3|4|10|12,3,12,2,家庭亲情:2,家庭亲情,家庭戏:1|历史戏:1,亲属关系:2|婚恋关系:2|冲突关系:1,01005010; 01006019,御碑亭；三疑计,34.37,0.1965,0.3029,0.2084
combo-887e77c6,家庭亲情|战争武略|善恶转化|宗教祥瑞,家庭亲情 + 战争武略 + 善恶转化 + 宗教祥瑞,4,4|7|9|11,4,11,2,战争武略:1|宗教祥瑞:1,战争武略,家庭戏:1|历史戏:1,亲属关系:2|权力关系:1|冲突关系:1,01038003; 02006043,芭蕉扇；九节山,37.86,0.1128,0.2938,0.2366
combo-db00a699,家庭亲情|除暴侠义|战争武略|恩怨报偿,家庭亲情 + 除暴侠义 + 战争武略 + 恩怨报偿,4,4|6|7|8,4,8,2,家庭亲情:2,家庭亲情,江湖戏:1|历史戏:1,亲属关系:2|同盟关系:2|冲突关系:1|权力关系:1,01014022; 02001033,四杰村；搜孤救孤【头本】,31.61,0.1406,0.2559,0.193
combo-d319f985,忠义家国|政治权力|战争武略|恩怨报偿,忠义家国 + 政治权力 + 战争武略 + 恩怨报偿,4,1|2|7|8,1,8,2,恩怨报偿:1|政治权力:1,恩怨报偿,历史戏:2,权力关系:2|亲属关系:2|冲突关系:2,02001044; 70001310,西施【全本】；明末遗恨【全本】,57.59,0.0624,0.3059,0.2205
combo-0a6bb766,忠义家国|政治权力|除暴侠义|战争武略,忠义家国 + 政治权力 + 除暴侠义 + 战争武略,4,1|2|6|7,1,7,2,战争武略:2,战争武略,历史戏:2,权力关系:2|同盟关系:2|冲突关系:2,03059002; 03085003,请关胜；汉津口,41.59,0.1019,0.3344,0.3062
combo-6aadb929,政治权力|婚恋姻缘|家庭亲情|恩怨报偿,政治权力 + 婚恋姻缘 + 家庭亲情 + 恩怨报偿,4,2|3|4|8,2,8,2,政治权力:2,政治权力,家庭戏:2,权力关系:2|亲属关系:2|婚恋关系:1,01040007; 03050001,郑恩做亲；闹花灯,58.01,0.0959,0.3674,0.2148
combo-f5e84c60,政治权力|婚恋姻缘|战争武略|文人世情,政治权力 + 婚恋姻缘 + 战争武略 + 文人世情,4,2|3|7|12,2,12,2,政治权力:1|战争武略:1,政治权力,历史戏:2,亲属关系:2|婚恋关系:2|权力关系:2,70802107; 80000025,王宝钏；春闺梦,31.48,0.3153,0.4728,0.2365
combo-019caf40,政治权力|家庭亲情|公案冤狱|文人世情,政治权力 + 家庭亲情 + 公案冤狱 + 文人世情,4,2|4|5|12,2,12,2,公案冤狱:2,公案冤狱,家庭戏:2,亲属关系:2|婚恋关系:1|权力关系:1|审判与恩怨关系:1,01005017; 14001004,柳林池；九更天,28.91,0.3722,0.137,0.2515
combo-86963a73,政治权力|家庭亲情|战争武略|文人世情,政治权力 + 家庭亲情 + 战争武略 + 文人世情,4,2|4|7|12,2,12,2,政治权力:2,政治权力,历史戏:2,权力关系:2|亲属关系:2|冲突关系:1,01032005; 70202107,新四十八扯；梅妃,36.48,0.3527,0.1368,0.1893
combo-2e2b17d1,政治权力|家庭亲情|除暴侠义|恩怨报偿,政治权力 + 家庭亲情 + 除暴侠义 + 恩怨报偿,4,2|4|6|8,2,8,2,除暴侠义:2,除暴侠义,家庭戏:2,亲属关系:2|婚恋关系:1|权力关系:1|同盟关系:1,01022012; 01025002,天宝图【八、九、十、十一、十二、十三、十四、十五、十六本】；宏碧缘【六本】,62.57,0.0616,0.2778,0.2566
combo-9da2554b,政治权力|家庭亲情|除暴侠义|礼教品格,政治权力 + 家庭亲情 + 除暴侠义 + 礼教品格,4,2|4|6|10,2,10,2,家庭亲情:2,家庭亲情,历史戏:2,亲属关系:2|权力关系:2|同盟关系:1|冲突关系:1,01004011; 01014016,飞虎山；董家山,25.52,0.3468,0.4934,0.2024
combo-baa71fba,政治权力|战争武略|恩怨报偿|善恶转化,政治权力 + 战争武略 + 恩怨报偿 + 善恶转化,4,2|7|8|9,2,9,2,恩怨报偿:1|战争武略:1,恩怨报偿,历史戏:2,权力关系:2|冲突关系:2|亲属关系:1,02012046; 03068005,弓砚缘【十本】；白蟒台,35.46,0.1371,0.2209,0.2785
combo-1d9f0d61,政治权力|战争武略|恩怨报偿|宗教祥瑞,政治权力 + 战争武略 + 恩怨报偿 + 宗教祥瑞,4,2|7|8|11,2,11,2,战争武略:1|宗教祥瑞:1,战争武略,历史戏:2,亲属关系:2|权力关系:2|婚恋关系:1|冲突关系:1,01029002; 03051002,关王庙；马陵道【二本】,32.38,0.2384,0.372,0.2071
combo-7fa6e771,政治权力|除暴侠义|战争武略|善恶转化,政治权力 + 除暴侠义 + 战争武略 + 善恶转化,4,2|6|7|9,2,9,2,政治权力:1|善恶转化:1,政治权力,历史戏:1|江湖戏:1,冲突关系:2|权力关系:2|同盟关系:1|亲属关系:1,01021001; 02010009,许田射鹿；龙虎玉,52.27,0.0737,0.2214,0.2552
combo-f818af8b,政治权力|除暴侠义|战争武略|恩怨报偿,政治权力 + 除暴侠义 + 战争武略 + 恩怨报偿,4,2|6|7|8,2,8,2,政治权力:1|恩怨报偿:1,政治权力,历史戏:2,亲属关系:2|权力关系:2|冲突关系:1|同盟关系:1,01015017; 70401101,临潼山；荆轲传,38.17,0.1425,0.4038,0.187
combo-f575eb0e,恩怨报偿|善恶转化,恩怨报偿 + 善恶转化,2,8|9,8,9,1,恩怨报偿:1,恩怨报偿,历史戏:1,权力关系:1|亲属关系:1|同盟关系:1,01032008,白傅遣姬,22.07,0.6338,0.3688,0.3342
combo-6257d7fd,公案冤狱|善恶转化|宗教祥瑞,公案冤狱 + 善恶转化 + 宗教祥瑞,3,5|9|11,5,11,1,善恶转化:1,善恶转化,神怪戏:1,审判与恩怨关系:1|权力关系:1|亲属关系:1,70902157,焚香记·阳告,19.77,0.4114,0.4358,0.2789
combo-17a73f32,公案冤狱|除暴侠义|战争武略,公案冤狱 + 除暴侠义 + 战争武略,3,5|6|7,5,7,1,除暴侠义:1,除暴侠义,江湖戏:1,权力关系:1|同盟关系:1|亲属关系:1,03109005,玉麟图,74.6,0.0511,0.1685,0.3764
combo-b88b1f84,婚恋姻缘|公案冤狱|宗教祥瑞,婚恋姻缘 + 公案冤狱 + 宗教祥瑞,3,3|5|11,3,11,1,宗教祥瑞:1,宗教祥瑞,神怪戏:1,亲属关系:1|权力关系:1|婚恋关系:1,02005009,九莲灯【四本】,34.04,0.147,0.3265,0.3401
combo-3cc436d8,婚恋姻缘|公案冤狱|除暴侠义,婚恋姻缘 + 公案冤狱 + 除暴侠义,3,3|5|6,3,6,1,除暴侠义:1,除暴侠义,江湖戏:1,亲属关系:1|婚恋关系:1|同盟关系:1,01020005,义旗令,31.93,0.1526,0.2856,0.3901
combo-3c02062d,婚恋姻缘|善恶转化|文人世情,婚恋姻缘 + 善恶转化 + 文人世情,3,3|9|12,3,12,1,文人世情:1,文人世情,家庭戏:1,亲属关系:1,70203106,杜十娘,40.74,0.2645,0.467,0.2612
combo-6f039330,婚恋姻缘|恩怨报偿|文人世情,婚恋姻缘 + 恩怨报偿 + 文人世情,3,3|8|12,3,12,1,婚恋姻缘:1,婚恋姻缘,家庭戏:1,亲属关系:1|婚恋关系:1|权力关系:1,01014008,雪杯圆,20.63,0.7197,0.2059,0.2365
combo-6823b72b,婚恋姻缘|战争武略|善恶转化,婚恋姻缘 + 战争武略 + 善恶转化,3,3|7|9,3,9,1,战争武略:1,战争武略,历史戏:1,亲属关系:1|权力关系:1|冲突关系:1,05019003,五彩舆【八本】,54.74,0.0749,0.434,0.2532
combo-9cbb6d7d,婚恋姻缘|除暴侠义|战争武略,婚恋姻缘 + 除暴侠义 + 战争武略,3,3|6|7,3,7,1,除暴侠义:1,除暴侠义,家庭戏:1,亲属关系:1|婚恋关系:1|冲突关系:1,02003001,斩熊虎,22.11,0.4717,0.2536,0.2849
combo-64ce9a04,婚恋姻缘|除暴侠义|文人世情,婚恋姻缘 + 除暴侠义 + 文人世情,3,3|6|12,3,12,1,婚恋姻缘:1,婚恋姻缘,江湖戏:1,亲属关系:1|权力关系:1|同盟关系:1,70202101,红拂传,38.66,0.1564,0.3698,0.3662
combo-1ced9812,家庭亲情|公案冤狱|恩怨报偿,家庭亲情 + 公案冤狱 + 恩怨报偿,3,4|5|8,4,8,1,公案冤狱:1,公案冤狱,家庭戏:1,亲属关系:1|权力关系:1|冲突关系:1,03098001,反徐州,44.97,0.1517,0.4403,0.2584
combo-e7534ccb,家庭亲情|除暴侠义|宗教祥瑞,家庭亲情 + 除暴侠义 + 宗教祥瑞,3,4|6|11,4,11,1,家庭亲情:1,家庭亲情,家庭戏:1,亲属关系:1|审判与恩怨关系:1|权力关系:1,01014013,度白俭,24.21,0.3658,0.5271,0.1985
combo-05e67aaa,家庭亲情|除暴侠义|文人世情,家庭亲情 + 除暴侠义 + 文人世情,3,4|6|12,4,12,1,文人世情:1,文人世情,家庭戏:1,亲属关系:1,01011016,送银灯,22.35,0.616,0.2314,0.3285
combo-4b87d903,家庭亲情|除暴侠义|礼教品格,家庭亲情 + 除暴侠义 + 礼教品格,3,4|6|10,4,10,1,家庭亲情:1,家庭亲情,家庭戏:1,亲属关系:1,02012044,弓砚缘【八本】,31.34,0.2075,0.4984,0.2649
combo-e6ac715f,忠义家国|公案冤狱|礼教品格,忠义家国 + 公案冤狱 + 礼教品格,3,1|5|10,1,10,1,忠义家国:1,忠义家国,家庭戏:1,亲属关系:1|审判与恩怨关系:1,02002033,汉忠烈【二本】,47.62,0.072,0.3437,0.2842
combo-c5aaf638,忠义家国|公案冤狱|除暴侠义,忠义家国 + 公案冤狱 + 除暴侠义,3,1|5|6,1,6,1,除暴侠义:1,除暴侠义,历史戏:1,亲属关系:1|权力关系:1|同盟关系:1,70901117,清忠谱·五人义,36.34,0.193,0.4577,0.3129
combo-a26ce21e,忠义家国|婚恋姻缘|战争武略,忠义家国 + 婚恋姻缘 + 战争武略,3,1|3|7,1,7,1,忠义家国:1,忠义家国,历史戏:1,亲属关系:1|冲突关系:1|婚恋关系:1,04034003,牛皋招亲,35.77,0.203,0.4358,0.2931
combo-7ed3ecd1,忠义家国|婚恋姻缘|除暴侠义,忠义家国 + 婚恋姻缘 + 除暴侠义,3,1|3|6,1,6,1,除暴侠义:1,除暴侠义,家庭戏:1,婚恋关系:1|亲属关系:1|冲突关系:1,01014020,红梅阁,23.35,0.3559,0.298,0.309
combo-3e89a550,忠义家国|家庭亲情|除暴侠义,忠义家国 + 家庭亲情 + 除暴侠义,3,1|4|6,1,6,1,忠义家国:1,忠义家国,家庭戏:1,亲属关系:1|权力关系:1|同盟关系:1,02002035,汉忠烈【四本】,34.74,0.1878,0.3272,0.2765
combo-07a711b2,忠义家国|战争武略|文人世情,忠义家国 + 战争武略 + 文人世情,3,1|7|12,1,12,1,战争武略:1,战争武略,历史戏:1,亲属关系:1|同盟关系:1|权力关系:1,03054009,三顾茅庐,34.01,0.1829,0.4343,0.2445
combo-820db29e,忠义家国|政治权力|礼教品格,忠义家国 + 政治权力 + 礼教品格,3,1|2|10,1,10,1,政治权力:1,政治权力,历史戏:1,权力关系:1,70901147,奏朝草诏,26.44,0.266,0.4389,0.4461
combo-6053b768,忠义家国|政治权力|除暴侠义,忠义家国 + 政治权力 + 除暴侠义,3,1|2|6,1,6,1,忠义家国:1,忠义家国,历史戏:1,权力关系:1,02002032,汉忠烈【头本】,41.55,0.0872,0.251,0.3002
combo-8e26f5c6,忠义家国|除暴侠义|恩怨报偿,忠义家国 + 除暴侠义 + 恩怨报偿,3,1|6|8,1,8,1,恩怨报偿:1,恩怨报偿,历史戏:1,权力关系:1|冲突关系:1|亲属关系:1,01031003,博浪锥,23.98,0.3149,0.2464,0.3782
combo-112cd16b,恩怨报偿|礼教品格|宗教祥瑞,恩怨报偿 + 礼教品格 + 宗教祥瑞,3,8|10|11,8,11,1,宗教祥瑞:1,宗教祥瑞,家庭戏:1,亲属关系:1|婚恋关系:1|冲突关系:1,01010013,双断桥,20.78,0.6371,0.3822,0.2444
combo-d5d226d8,战争武略|善恶转化|文人世情,战争武略 + 善恶转化 + 文人世情,3,7|9|12,7,12,1,战争武略:1,战争武略,历史戏:1,冲突关系:1|婚恋关系:1|权力关系:1,03084003,战寿州,35.92,0.1321,0.3638,0.3148
combo-a0909bd2,政治权力|公案冤狱|宗教祥瑞,政治权力 + 公案冤狱 + 宗教祥瑞,3,2|5|11,2,11,1,宗教祥瑞:1,宗教祥瑞,历史戏:1,同盟关系:1|亲属关系:1|权力关系:1,02009029,灵官殿,24.23,0.3971,0.3797,0.3035
combo-7136a552,政治权力|公案冤狱|恩怨报偿,政治权力 + 公案冤狱 + 恩怨报偿,3,2|5|8,2,8,1,公案冤狱:1,公案冤狱,历史戏:1,权力关系:1|亲属关系:1|冲突关系:1,02003022,打吉平,27.31,0.4147,0.3291,0.3599
combo-5ec9274d,政治权力|公案冤狱|文人世情,政治权力 + 公案冤狱 + 文人世情,3,2|5|12,2,12,1,文人世情:1,文人世情,公案戏:1,亲属关系:1|权力关系:1|审判与恩怨关系:1,80000017,打面缸,32.23,0.3043,0.5496,0.327
combo-5ee58ebe,政治权力|善恶转化|文人世情,政治权力 + 善恶转化 + 文人世情,3,2|9|12,2,12,1,文人世情:1,文人世情,家庭戏:1,亲属关系:1|权力关系:1,03031006,打面缸,32.33,0.2741,0.5668,0.2723
combo-75743027,政治权力|宗教祥瑞|文人世情,政治权力 + 宗教祥瑞 + 文人世情,3,2|11|12,2,12,1,文人世情:1,文人世情,历史戏:1,权力关系:1|亲属关系:1|同盟关系:1,01032007,党人碑,30.29,0.1861,0.6036,0.3426
combo-1eaaaf80,除暴侠义|恩怨报偿|宗教祥瑞,除暴侠义 + 恩怨报偿 + 宗教祥瑞,3,6|8|11,6,11,1,宗教祥瑞:1,宗教祥瑞,江湖戏:1,冲突关系:1|亲属关系:1|同盟关系:1,01023005,洗浮山,28.35,0.1974,0.2304,0.2635
combo-8f94e1b3,除暴侠义|战争武略|善恶转化,除暴侠义 + 战争武略 + 善恶转化,3,6|7|9,6,9,1,战争武略:1,战争武略,历史戏:1,权力关系:1|亲属关系:1|冲突关系:1,03033006,枣阳山,22.05,0.3202,0.3813,0.2341
combo-d9b25c49,公案冤狱|战争武略|善恶转化|宗教祥瑞,公案冤狱 + 战争武略 + 善恶转化 + 宗教祥瑞,4,5|7|9|11,5,11,1,善恶转化:1,善恶转化,历史戏:1,亲属关系:1,02006032,五庄观【二本】,26.51,0.2877,0.4563,0.2144
combo-cd5115ba,公案冤狱|除暴侠义|宗教祥瑞|文人世情,公案冤狱 + 除暴侠义 + 宗教祥瑞 + 文人世情,4,5|6|11|12,5,12,1,公案冤狱:1,公案冤狱,江湖戏:1,权力关系:1|亲属关系:1|同盟关系:1,01017014,鄚州庙,26.41,0.1823,0.3588,0.2769
combo-171685e1,婚恋姻缘|公案冤狱|恩怨报偿|礼教品格,婚恋姻缘 + 公案冤狱 + 恩怨报偿 + 礼教品格,4,3|5|8|10,3,10,1,礼教品格:1,礼教品格,家庭戏:1,亲属关系:1|权力关系:1,70202104,青霜剑,39.11,0.171,0.3171,0.225
combo-e5210acc,婚恋姻缘|公案冤狱|战争武略|礼教品格,婚恋姻缘 + 公案冤狱 + 战争武略 + 礼教品格,4,3|5|7|10,3,10,1,婚恋姻缘:1,婚恋姻缘,历史戏:1,亲属关系:1|婚恋关系:1|权力关系:1,05018005,五彩舆【五本】,51.38,0.0868,0.3011,0.1896
combo-fd6dda1a,婚恋姻缘|公案冤狱|除暴侠义|宗教祥瑞,婚恋姻缘 + 公案冤狱 + 除暴侠义 + 宗教祥瑞,4,3|5|6|11,3,11,1,公案冤狱:1,公案冤狱,家庭戏:1,审判与恩怨关系:1|亲属关系:1|婚恋关系:1,01014019,五花洞,31.5,0.1583,0.2022,0.3598
combo-7ed1b62c,婚恋姻缘|公案冤狱|除暴侠义|恩怨报偿,婚恋姻缘 + 公案冤狱 + 除暴侠义 + 恩怨报偿,4,3|5|6|8,3,8,1,恩怨报偿:1,恩怨报偿,江湖戏:1,亲属关系:1|婚恋关系:1,01027004,三门街【七、八本】,39.06,0.0488,0.1466,0.1984
combo-743f7f5d,婚恋姻缘|家庭亲情|公案冤狱|文人世情,婚恋姻缘 + 家庭亲情 + 公案冤狱 + 文人世情,4,3|4|5|12,3,12,1,公案冤狱:1,公案冤狱,家庭戏:1,亲属关系:1|权力关系:1,70203202,玉堂春,50.46,0.106,0.3701,0.2072
combo-95bf9c17,婚恋姻缘|家庭亲情|善恶转化|文人世情,婚恋姻缘 + 家庭亲情 + 善恶转化 + 文人世情,4,3|4|9|12,3,12,1,婚恋姻缘:1,婚恋姻缘,家庭戏:1,亲属关系:1|婚恋关系:1,03064003,梨花簪,39.64,0.1576,0.2729,0.2393
combo-324209bc,婚恋姻缘|家庭亲情|恩怨报偿|宗教祥瑞,婚恋姻缘 + 家庭亲情 + 恩怨报偿 + 宗教祥瑞,4,3|4|8|11,3,11,1,家庭亲情:1,家庭亲情,家庭戏:1,亲属关系:1|同盟关系:1,01006008,宝莲灯,29.75,0.249,0.4393,0.2313
combo-398bc76d,婚恋姻缘|家庭亲情|恩怨报偿|文人世情,婚恋姻缘 + 家庭亲情 + 恩怨报偿 + 文人世情,4,3|4|8|12,3,12,1,文人世情:1,文人世情,家庭戏:1,亲属关系:1|同盟关系:1,04014001,临江驿,42.27,0.1329,0.3031,0.2128
combo-20903ba3,婚恋姻缘|家庭亲情|战争武略|宗教祥瑞,婚恋姻缘 + 家庭亲情 + 战争武略 + 宗教祥瑞,4,3|4|7|11,3,11,1,家庭亲情:1,家庭亲情,家庭戏:1,亲属关系:1,03041004,周瑜,44.07,0.1191,0.3277,0.2409
combo-372098b8,婚恋姻缘|家庭亲情|战争武略|文人世情,婚恋姻缘 + 家庭亲情 + 战争武略 + 文人世情,4,3|4|7|12,3,12,1,文人世情:1,文人世情,历史戏:1,亲属关系:1|权力关系:1|婚恋关系:1,70801115,琵琶行,100.0,0.0319,0.3075,0.2093
combo-6492daf1,婚恋姻缘|家庭亲情|礼教品格|宗教祥瑞,婚恋姻缘 + 家庭亲情 + 礼教品格 + 宗教祥瑞,4,3|4|10|11,3,11,1,家庭亲情:1,家庭亲情,家庭戏:1,亲属关系:1|婚恋关系:1|权力关系:1,01005009,孝感天,18.49,0.4654,0.3139,0.2608
combo-dc6e2457,婚恋姻缘|家庭亲情|除暴侠义|善恶转化,婚恋姻缘 + 家庭亲情 + 除暴侠义 + 善恶转化,4,3|4|6|9,3,9,1,家庭亲情:1,家庭亲情,江湖戏:1,亲属关系:1|冲突关系:1|同盟关系:1,03059005,双卖艺,27.65,0.31,0.3161,0.2474
combo-c498b0e4,家庭亲情|公案冤狱|善恶转化|文人世情,家庭亲情 + 公案冤狱 + 善恶转化 + 文人世情,4,4|5|9|12,4,12,1,善恶转化:1,善恶转化,家庭戏:1,亲属关系:1|同盟关系:1,01014010,错杀奸,25.64,0.3921,0.3156,0.2898
combo-dabcc6ac,家庭亲情|公案冤狱|宗教祥瑞|文人世情,家庭亲情 + 公案冤狱 + 宗教祥瑞 + 文人世情,4,4|5|11|12,4,12,1,文人世情:1,文人世情,家庭戏:1,亲属关系:1,02011049,玉堂春【头本】,45.5,0.1079,0.2584,0.2106
combo-ea32715b,家庭亲情|公案冤狱|恩怨报偿|善恶转化,家庭亲情 + 公案冤狱 + 恩怨报偿 + 善恶转化,4,4|5|8|9,4,9,1,家庭亲情:1,家庭亲情,家庭戏:1,亲属关系:1,03029001,春秋配,62.68,0.0872,0.2673,0.2019
combo-182e7a62,家庭亲情|公案冤狱|战争武略|宗教祥瑞,家庭亲情 + 公案冤狱 + 战争武略 + 宗教祥瑞,4,4|5|7|11,4,11,1,家庭亲情:1,家庭亲情,历史戏:1,亲属关系:1|冲突关系:1|同盟关系:1,03055003,托兆碰碑,25.91,0.1603,0.3959,0.2339
combo-05eba58c,家庭亲情|公案冤狱|礼教品格|文人世情,家庭亲情 + 公案冤狱 + 礼教品格 + 文人世情,4,4|5|10|12,4,12,1,公案冤狱:1,公案冤狱,家庭戏:1,亲属关系:1|婚恋关系:1|权力关系:1,01012014,血手印,28.71,0.2607,0.3745,0.2893
combo-9fe088e8,家庭亲情|公案冤狱|除暴侠义|战争武略,家庭亲情 + 公案冤狱 + 除暴侠义 + 战争武略,4,4|5|6|7,4,7,1,公案冤狱:1,公案冤狱,家庭戏:1,亲属关系:1|同盟关系:1,70003101,斩熊虎,32.59,0.1935,0.2776,0.232
combo-b29a5cad,家庭亲情|善恶转化|礼教品格|文人世情,家庭亲情 + 善恶转化 + 礼教品格 + 文人世情,4,4|9|10|12,4,12,1,家庭亲情:1,家庭亲情,家庭戏:1,亲属关系:1|权力关系:1,01013019,黛玉葬花,21.59,0.5119,0.6627,0.2136
combo-c281cc40,家庭亲情|恩怨报偿|礼教品格|宗教祥瑞,家庭亲情 + 恩怨报偿 + 礼教品格 + 宗教祥瑞,4,4|8|10|11,4,11,1,宗教祥瑞:1,宗教祥瑞,家庭戏:1,亲属关系:1|同盟关系:1,01038007,五雷报,33.47,0.2023,0.3097,0.2602
combo-3c6c8d17,家庭亲情|战争武略|善恶转化|文人世情,家庭亲情 + 战争武略 + 善恶转化 + 文人世情,4,4|7|9|12,4,12,1,战争武略:1,战争武略,历史戏:1,同盟关系:1|亲属关系:1|冲突关系:1,70402103,锁五龙,23.05,0.3246,0.5616,0.2499
combo-b065e05d,家庭亲情|战争武略|恩怨报偿|文人世情,家庭亲情 + 战争武略 + 恩怨报偿 + 文人世情,4,4|7|8|12,4,12,1,恩怨报偿:1,恩怨报偿,历史戏:1,亲属关系:1|婚恋关系:1|冲突关系:1,01024008,佛门点元【全本】,43.94,0.0998,0.2547,0.2025
combo-b00037ce,家庭亲情|除暴侠义|恩怨报偿|善恶转化,家庭亲情 + 除暴侠义 + 恩怨报偿 + 善恶转化,4,4|6|8|9,4,9,1,善恶转化:1,善恶转化,家庭戏:1,亲属关系:1,14002002,打渔杀家,33.45,0.2576,0.423,0.2562
combo-9139acff,家庭亲情|除暴侠义|恩怨报偿|文人世情,家庭亲情 + 除暴侠义 + 恩怨报偿 + 文人世情,4,4|6|8|12,4,12,1,家庭亲情:1,家庭亲情,家庭戏:1,亲属关系:1|权力关系:1|同盟关系:1,02012005,武文华,40.43,0.0798,0.3186,0.2642
combo-1b5221d0,忠义家国|婚恋姻缘|家庭亲情|战争武略,忠义家国 + 婚恋姻缘 + 家庭亲情 + 战争武略,4,1|3|4|7,1,7,1,忠义家国:1,忠义家国,家庭戏:1,亲属关系:1|权力关系:1,01001016,牧羊卷,31.3,0.3493,0.3313,0.2799
combo-c03d00d5,忠义家国|婚恋姻缘|战争武略|礼教品格,忠义家国 + 婚恋姻缘 + 战争武略 + 礼教品格,4,1|3|7|10,1,10,1,忠义家国:1,忠义家国,家庭戏:1,亲属关系:1|冲突关系:1|婚恋关系:1,01020004,别母乱箭,28.86,0.15,0.4055,0.2521
combo-35e111b9,忠义家国|家庭亲情|宗教祥瑞|文人世情,忠义家国 + 家庭亲情 + 宗教祥瑞 + 文人世情,4,1|4|11|12,1,12,1,家庭亲情:1,家庭亲情,家庭戏:1,权力关系:1|审判与恩怨关系:1|亲属关系:1,70005114,骂阎罗,30.27,0.1947,0.6577,0.1667
combo-05c38315,忠义家国|家庭亲情|战争武略|恩怨报偿,忠义家国 + 家庭亲情 + 战争武略 + 恩怨报偿,4,1|4|7|8,1,8,1,战争武略:1,战争武略,历史戏:1,冲突关系:1|亲属关系:1|婚恋关系:1,02006004,锁五龙【全本】,33.82,0.1823,0.4484,0.2031
combo-f653081f,忠义家国|恩怨报偿|善恶转化|礼教品格,忠义家国 + 恩怨报偿 + 善恶转化 + 礼教品格,4,1|8|9|10,1,10,1,恩怨报偿:1,恩怨报偿,历史戏:1,权力关系:1|亲属关系:1,01015001,马嵬坡,20.54,0.4883,0.3197,0.1691
combo-49a774c2,忠义家国|政治权力|公案冤狱|战争武略,忠义家国 + 政治权力 + 公案冤狱 + 战争武略,4,1|2|5|7,1,7,1,忠义家国:1,忠义家国,历史戏:1,权力关系:1|冲突关系:1|同盟关系:1,01017001,风波亭【全本】,56.32,0.0521,0.4123,0.2357
combo-ff35aba0,忠义家国|政治权力|公案冤狱|文人世情,忠义家国 + 政治权力 + 公案冤狱 + 文人世情,4,1|2|5|12,1,12,1,忠义家国:1,忠义家国,家庭戏:1,亲属关系:1|同盟关系:1|审判与恩怨关系:1,01006004,九更天,28.76,0.2332,0.2761,0.2265
combo-0c1a5304,忠义家国|政治权力|婚恋姻缘|家庭亲情,忠义家国 + 政治权力 + 婚恋姻缘 + 家庭亲情,4,1|2|3|4,1,4,1,忠义家国:1,忠义家国,家庭戏:1,权力关系:1|亲属关系:1|婚恋关系:1,02006046,五凤楼【三本】,24.52,0.3459,0.4783,0.2379
combo-d5791387,忠义家国|政治权力|婚恋姻缘|礼教品格,忠义家国 + 政治权力 + 婚恋姻缘 + 礼教品格,4,1|2|3|10,1,10,1,政治权力:1,政治权力,历史戏:1,权力关系:1|婚恋关系:1|亲属关系:1,05024003,骂董卓,22.16,0.5274,0.3828,0.2622
combo-b4f73c09,忠义家国|政治权力|家庭亲情|公案冤狱,忠义家国 + 政治权力 + 家庭亲情 + 公案冤狱,4,1|2|4|5,1,5,1,忠义家国:1,忠义家国,历史戏:1,权力关系:1|亲属关系:1|冲突关系:1,70902102,东窗事犯·扫秦,25.65,0.4406,0.3276,0.3131
combo-501bd5f4,忠义家国|政治权力|战争武略|善恶转化,忠义家国 + 政治权力 + 战争武略 + 善恶转化,4,1|2|7|9,1,9,1,善恶转化:1,善恶转化,历史戏:1,权力关系:1|亲属关系:1|冲突关系:1,03093008,哭祖庙,26.03,0.1528,0.3949,0.1858
combo-761a8304,忠义家国|政治权力|战争武略|文人世情,忠义家国 + 政治权力 + 战争武略 + 文人世情,4,1|2|7|12,1,12,1,政治权力:1,政治权力,历史戏:1,权力关系:1,70004105,闹朝击犬,36.31,0.2663,0.592,0.2804
combo-4ac1ebd0,忠义家国|政治权力|战争武略|礼教品格,忠义家国 + 政治权力 + 战争武略 + 礼教品格,4,1|2|7|10,1,10,1,忠义家国:1,忠义家国,历史戏:1,权力关系:1|亲属关系:1,01012001,泥马渡康王,37.34,0.1394,0.3394,0.2153
combo-63a0fecf,忠义家国|政治权力|除暴侠义|文人世情,忠义家国 + 政治权力 + 除暴侠义 + 文人世情,4,1|2|6|12,1,12,1,除暴侠义:1,除暴侠义,家庭戏:1,亲属关系:1,04014003,艳阳楼,32.98,0.1663,0.1707,0.2732
combo-f83be50a,忠义家国|除暴侠义|战争武略|恩怨报偿,忠义家国 + 除暴侠义 + 战争武略 + 恩怨报偿,4,1|6|7|8,1,8,1,除暴侠义:1,除暴侠义,历史戏:1,同盟关系:1|冲突关系:1|权力关系:1,01014011,锁五龙,20.31,0.3046,0.4409,0.186
combo-4fa19c7f,战争武略|恩怨报偿|礼教品格|文人世情,战争武略 + 恩怨报偿 + 礼教品格 + 文人世情,4,7|8|10|12,7,12,1,礼教品格:1,礼教品格,历史戏:1,权力关系:1|同盟关系:1|婚恋关系:1,09003003,卧龙吊孝,28.91,0.1126,0.2716,0.2075
combo-af8515a3,政治权力|公案冤狱|战争武略|善恶转化,政治权力 + 公案冤狱 + 战争武略 + 善恶转化,4,2|5|7|9,2,9,1,政治权力:1,政治权力,历史戏:1,亲属关系:1|权力关系:1|同盟关系:1,03051003,马陵道【三本】,47.37,0.0883,0.287,0.1508
combo-82c9a138,政治权力|公案冤狱|战争武略|文人世情,政治权力 + 公案冤狱 + 战争武略 + 文人世情,4,2|5|7|12,2,12,1,政治权力:1,政治权力,历史戏:1,亲属关系:1|权力关系:1|冲突关系:1,02006044,五凤楼【头本】,22.39,0.2131,0.2343,0.2074
combo-421fbc18,政治权力|婚恋姻缘|战争武略|恩怨报偿,政治权力 + 婚恋姻缘 + 战争武略 + 恩怨报偿,4,2|3|7|8,2,8,1,恩怨报偿:1,恩怨报偿,家庭戏:1,婚恋关系:1|权力关系:1|同盟关系:1,01009003,凤仪亭,23.41,0.3326,0.4633,0.1985
combo-e88083df,政治权力|婚恋姻缘|战争武略|礼教品格,政治权力 + 婚恋姻缘 + 战争武略 + 礼教品格,4,2|3|7|10,2,10,1,婚恋姻缘:1,婚恋姻缘,历史戏:1,权力关系:1|亲属关系:1|婚恋关系:1,03021011,算军粮,25.5,0.2931,0.4128,0.1945
combo-528003ee,政治权力|家庭亲情|公案冤狱|善恶转化,政治权力 + 家庭亲情 + 公案冤狱 + 善恶转化,4,2|4|5|9,2,9,1,公案冤狱:1,公案冤狱,历史戏:1,权力关系:1|亲属关系:1|同盟关系:1,01001006,捉放曹,31.07,0.2104,0.4932,0.2291
combo-d9ed845e,政治权力|家庭亲情|公案冤狱|除暴侠义,政治权力 + 家庭亲情 + 公案冤狱 + 除暴侠义,4,2|4|5|6,2,6,1,除暴侠义:1,除暴侠义,历史戏:1,权力关系:1|亲属关系:1,70801120,谢瑶环,51.46,0.1403,0.4107,0.16
combo-8e7c3200,政治权力|家庭亲情|善恶转化|文人世情,政治权力 + 家庭亲情 + 善恶转化 + 文人世情,4,2|4|9|12,2,12,1,政治权力:1,政治权力,历史戏:1,亲属关系:1|权力关系:1,04026004,连升店,36.65,0.2021,0.6413,0.1995
combo-6c63857b,政治权力|家庭亲情|宗教祥瑞|文人世情,政治权力 + 家庭亲情 + 宗教祥瑞 + 文人世情,4,2|4|11|12,2,12,1,家庭亲情:1,家庭亲情,家庭戏:1,权力关系:1|亲属关系:1,01008009,遇龙封官,28.93,0.2111,0.2704,0.231
combo-85369357,政治权力|家庭亲情|恩怨报偿|善恶转化,政治权力 + 家庭亲情 + 恩怨报偿 + 善恶转化,4,2|4|8|9,2,9,1,善恶转化:1,善恶转化,历史戏:1,亲属关系:1|权力关系:1|婚恋关系:1,03004003,官庄堡,48.07,0.1079,0.3944,0.1936
combo-c1a7c6cc,政治权力|家庭亲情|战争武略|宗教祥瑞,政治权力 + 家庭亲情 + 战争武略 + 宗教祥瑞,4,2|4|7|11,2,11,1,宗教祥瑞:1,宗教祥瑞,历史戏:1,亲属关系:1|权力关系:1|冲突关系:1,03051001,马陵道【头本】,42.2,0.0704,0.1918,0.1875
combo-e59747cd,政治权力|恩怨报偿|善恶转化|文人世情,政治权力 + 恩怨报偿 + 善恶转化 + 文人世情,4,2|8|9|12,2,12,1,善恶转化:1,善恶转化,历史戏:1,权力关系:1,03098007,搜山打车,25.84,0.2858,0.214,0.3241
combo-bfc081de,政治权力|恩怨报偿|礼教品格|宗教祥瑞,政治权力 + 恩怨报偿 + 礼教品格 + 宗教祥瑞,4,2|8|10|11,2,11,1,礼教品格:1,礼教品格,历史戏:1,权力关系:1|亲属关系:1|同盟关系:1,01006013,孝义节,22.82,0.2369,0.2834,0.2504
combo-aff1a493,政治权力|战争武略|恩怨报偿|礼教品格,政治权力 + 战争武略 + 恩怨报偿 + 礼教品格,4,2|7|8|10,2,10,1,恩怨报偿:1,恩怨报偿,历史戏:1,权力关系:1|冲突关系:1|亲属关系:1,01014018,云台观,24.28,0.2162,0.4779,0.2296
combo-c59356a8,政治权力|除暴侠义|战争武略|文人世情,政治权力 + 除暴侠义 + 战争武略 + 文人世情,4,2|6|7|12,2,12,1,战争武略:1,战争武略,历史戏:1,权力关系:1|冲突关系:1|亲属关系:1,02005034,千金闸,33.9,0.1974,0.3778,0.2573
