组合ID,主题,主题序号,组合内顺序,主题组合显示,剧本数量,主要核心主题
combo-b8241900,政治权力,2,1,政治权力 + 战争武略,153,战争武略
combo-b8241900,战争武略,7,2,政治权力 + 战争武略,153,战争武略
combo-29f389dd,家庭亲情,4,1,家庭亲情 + 战争武略,73,战争武略
combo-29f389dd,战争武略,7,2,家庭亲情 + 战争武略,73,战争武略
combo-a95186b5,婚恋姻缘,3,1,婚恋姻缘 + 家庭亲情,56,婚恋姻缘
combo-a95186b5,家庭亲情,4,2,婚恋姻缘 + 家庭亲情,56,婚恋姻缘
combo-140aa311,忠义家国,1,1,忠义家国 + 战争武略,47,战争武略
combo-140aa311,战争武略,7,2,忠义家国 + 战争武略,47,战争武略
combo-d8ac3995,除暴侠义,6,1,除暴侠义 + 战争武略,44,除暴侠义
combo-d8ac3995,战争武略,7,2,除暴侠义 + 战争武略,44,除暴侠义
combo-e50e2916,政治权力,2,1,政治权力 + 家庭亲情 + 战争武略,44,战争武略
combo-e50e2916,家庭亲情,4,2,政治权力 + 家庭亲情 + 战争武略,44,战争武略
combo-e50e2916,战争武略,7,3,政治权力 + 家庭亲情 + 战争武略,44,战争武略
combo-a8ac4946,战争武略,7,1,战争武略 + 善恶转化,37,战争武略
combo-a8ac4946,善恶转化,9,2,战争武略 + 善恶转化,37,战争武略
combo-d474f03d,战争武略,7,1,战争武略 + 恩怨报偿,37,战争武略
combo-d474f03d,恩怨报偿,8,2,战争武略 + 恩怨报偿,37,战争武略
combo-fbfd4b9a,婚恋姻缘,3,1,婚恋姻缘 + 家庭亲情 + 战争武略,33,婚恋姻缘
combo-fbfd4b9a,家庭亲情,4,2,婚恋姻缘 + 家庭亲情 + 战争武略,33,婚恋姻缘
combo-fbfd4b9a,战争武略,7,3,婚恋姻缘 + 家庭亲情 + 战争武略,33,婚恋姻缘
combo-d1914412,婚恋姻缘,3,1,婚恋姻缘 + 家庭亲情 + 文人世情,33,家庭亲情
combo-d1914412,家庭亲情,4,2,婚恋姻缘 + 家庭亲情 + 文人世情,33,家庭亲情
combo-d1914412,文人世情,12,3,婚恋姻缘 + 家庭亲情 + 文人世情,33,家庭亲情
combo-f02c3a74,家庭亲情,4,1,家庭亲情 + 宗教祥瑞,30,宗教祥瑞
combo-f02c3a74,宗教祥瑞,11,2,家庭亲情 + 宗教祥瑞,30,宗教祥瑞
combo-6bfa251f,家庭亲情,4,1,家庭亲情 + 礼教品格,29,家庭亲情
combo-6bfa251f,礼教品格,10,2,家庭亲情 + 礼教品格,29,家庭亲情
combo-26510932,家庭亲情,4,1,家庭亲情 + 公案冤狱,28,公案冤狱
combo-26510932,公案冤狱,5,2,家庭亲情 + 公案冤狱,28,公案冤狱
combo-ef44c7e3,政治权力,2,1,政治权力 + 家庭亲情,25,政治权力
combo-ef44c7e3,家庭亲情,4,2,政治权力 + 家庭亲情,25,政治权力
combo-00a071b5,婚恋姻缘,3,1,婚恋姻缘 + 文人世情,23,婚恋姻缘
combo-00a071b5,文人世情,12,2,婚恋姻缘 + 文人世情,23,婚恋姻缘
combo-7e87b6dc,政治权力,2,1,政治权力 + 公案冤狱,23,公案冤狱
combo-7e87b6dc,公案冤狱,5,2,政治权力 + 公案冤狱,23,公案冤狱
combo-903bda67,政治权力,2,1,政治权力 + 婚恋姻缘 + 家庭亲情,20,家庭亲情
combo-903bda67,婚恋姻缘,3,2,政治权力 + 婚恋姻缘 + 家庭亲情,20,家庭亲情
combo-903bda67,家庭亲情,4,3,政治权力 + 婚恋姻缘 + 家庭亲情,20,家庭亲情
combo-7453faeb,忠义家国,1,1,忠义家国 + 政治权力 + 战争武略,18,战争武略
combo-7453faeb,政治权力,2,2,忠义家国 + 政治权力 + 战争武略,18,战争武略
combo-7453faeb,战争武略,7,3,忠义家国 + 政治权力 + 战争武略,18,战争武略
combo-d79bb21d,公案冤狱,5,1,公案冤狱 + 宗教祥瑞,17,宗教祥瑞
combo-d79bb21d,宗教祥瑞,11,2,公案冤狱 + 宗教祥瑞,17,宗教祥瑞
combo-55f83682,忠义家国,1,1,忠义家国 + 政治权力,17,政治权力
combo-55f83682,政治权力,2,2,忠义家国 + 政治权力,17,政治权力
combo-1886bc15,政治权力,2,1,政治权力 + 战争武略 + 恩怨报偿,17,战争武略
combo-1886bc15,战争武略,7,2,政治权力 + 战争武略 + 恩怨报偿,17,战争武略
combo-1886bc15,恩怨报偿,8,3,政治权力 + 战争武略 + 恩怨报偿,17,战争武略
combo-7242ceb9,婚恋姻缘,3,1,婚恋姻缘 + 家庭亲情 + 礼教品格,16,婚恋姻缘
combo-7242ceb9,家庭亲情,4,2,婚恋姻缘 + 家庭亲情 + 礼教品格,16,婚恋姻缘
combo-7242ceb9,礼教品格,10,3,婚恋姻缘 + 家庭亲情 + 礼教品格,16,婚恋姻缘
combo-d8f4758f,除暴侠义,6,1,除暴侠义 + 善恶转化,15,除暴侠义
combo-d8f4758f,善恶转化,9,2,除暴侠义 + 善恶转化,15,除暴侠义
combo-a0cff0f6,政治权力,2,1,政治权力 + 战争武略 + 善恶转化,14,战争武略
combo-a0cff0f6,战争武略,7,2,政治权力 + 战争武略 + 善恶转化,14,战争武略
combo-a0cff0f6,善恶转化,9,3,政治权力 + 战争武略 + 善恶转化,14,战争武略
combo-b014fe84,政治权力,2,1,政治权力 + 礼教品格,13,礼教品格
combo-b014fe84,礼教品格,10,2,政治权力 + 礼教品格,13,礼教品格
combo-b648ebb9,政治权力,2,1,政治权力 + 战争武略 + 文人世情,13,战争武略
combo-b648ebb9,战争武略,7,2,政治权力 + 战争武略 + 文人世情,13,战争武略
combo-b648ebb9,文人世情,12,3,政治权力 + 战争武略 + 文人世情,13,战争武略
combo-42616e65,善恶转化,9,1,善恶转化 + 宗教祥瑞,12,宗教祥瑞
combo-42616e65,宗教祥瑞,11,2,善恶转化 + 宗教祥瑞,12,宗教祥瑞
combo-faca3e93,政治权力,2,1,政治权力 + 除暴侠义 + 战争武略,12,战争武略
combo-faca3e93,除暴侠义,6,2,政治权力 + 除暴侠义 + 战争武略,12,战争武略
combo-faca3e93,战争武略,7,3,政治权力 + 除暴侠义 + 战争武略,12,战争武略
combo-e4da1a41,除暴侠义,6,1,除暴侠义 + 恩怨报偿,11,除暴侠义
combo-e4da1a41,恩怨报偿,8,2,除暴侠义 + 恩怨报偿,11,除暴侠义
combo-1fb89352,家庭亲情,4,1,家庭亲情 + 文人世情,10,文人世情
combo-1fb89352,文人世情,12,2,家庭亲情 + 文人世情,10,文人世情
combo-e68fac5d,家庭亲情,4,1,家庭亲情 + 战争武略 + 宗教祥瑞,10,宗教祥瑞
combo-e68fac5d,战争武略,7,2,家庭亲情 + 战争武略 + 宗教祥瑞,10,宗教祥瑞
combo-e68fac5d,宗教祥瑞,11,3,家庭亲情 + 战争武略 + 宗教祥瑞,10,宗教祥瑞
combo-a3e9c1ba,家庭亲情,4,1,家庭亲情 + 除暴侠义 + 恩怨报偿,10,除暴侠义
combo-a3e9c1ba,除暴侠义,6,2,家庭亲情 + 除暴侠义 + 恩怨报偿,10,除暴侠义
combo-a3e9c1ba,恩怨报偿,8,3,家庭亲情 + 除暴侠义 + 恩怨报偿,10,除暴侠义
combo-241a6232,政治权力,2,1,政治权力 + 战争武略 + 礼教品格,10,战争武略
combo-241a6232,战争武略,7,2,政治权力 + 战争武略 + 礼教品格,10,战争武略
combo-241a6232,礼教品格,10,3,政治权力 + 战争武略 + 礼教品格,10,战争武略
combo-ee1d174d,家庭亲情,4,1,家庭亲情 + 战争武略 + 恩怨报偿,9,战争武略
combo-ee1d174d,战争武略,7,2,家庭亲情 + 战争武略 + 恩怨报偿,9,战争武略
combo-ee1d174d,恩怨报偿,8,3,家庭亲情 + 战争武略 + 恩怨报偿,9,战争武略
combo-a7dd6b69,家庭亲情,4,1,家庭亲情 + 战争武略 + 礼教品格,9,战争武略
combo-a7dd6b69,战争武略,7,2,家庭亲情 + 战争武略 + 礼教品格,9,战争武略
combo-a7dd6b69,礼教品格,10,3,家庭亲情 + 战争武略 + 礼教品格,9,战争武略
combo-f9c737db,家庭亲情,4,1,家庭亲情 + 礼教品格 + 文人世情,9,家庭亲情
combo-f9c737db,礼教品格,10,2,家庭亲情 + 礼教品格 + 文人世情,9,家庭亲情
combo-f9c737db,文人世情,12,3,家庭亲情 + 礼教品格 + 文人世情,9,家庭亲情
combo-03ef7106,家庭亲情,4,1,家庭亲情 + 除暴侠义 + 战争武略,9,战争武略
combo-03ef7106,除暴侠义,6,2,家庭亲情 + 除暴侠义 + 战争武略,9,战争武略
combo-03ef7106,战争武略,7,3,家庭亲情 + 除暴侠义 + 战争武略,9,战争武略
combo-c44bb174,忠义家国,1,1,忠义家国 + 政治权力 + 家庭亲情,9,忠义家国
combo-c44bb174,政治权力,2,2,忠义家国 + 政治权力 + 家庭亲情,9,忠义家国
combo-c44bb174,家庭亲情,4,3,忠义家国 + 政治权力 + 家庭亲情,9,忠义家国
combo-c603a257,政治权力,2,1,政治权力 + 家庭亲情 + 公案冤狱,9,公案冤狱
combo-c603a257,家庭亲情,4,2,政治权力 + 家庭亲情 + 公案冤狱,9,公案冤狱
combo-c603a257,公案冤狱,5,3,政治权力 + 家庭亲情 + 公案冤狱,9,公案冤狱
combo-e71758c8,政治权力,2,1,政治权力 + 家庭亲情 + 恩怨报偿,9,政治权力
combo-e71758c8,家庭亲情,4,2,政治权力 + 家庭亲情 + 恩怨报偿,9,政治权力
combo-e71758c8,恩怨报偿,8,3,政治权力 + 家庭亲情 + 恩怨报偿,9,政治权力
combo-29c00336,忠义家国,1,1,忠义家国 + 除暴侠义,8,除暴侠义
combo-29c00336,除暴侠义,6,2,忠义家国 + 除暴侠义,8,除暴侠义
combo-e3c555b3,家庭亲情,4,1,家庭亲情 + 宗教祥瑞 + 文人世情,8,家庭亲情
combo-e3c555b3,宗教祥瑞,11,2,家庭亲情 + 宗教祥瑞 + 文人世情,8,家庭亲情
combo-e3c555b3,文人世情,12,3,家庭亲情 + 宗教祥瑞 + 文人世情,8,家庭亲情
combo-80097bd4,战争武略,7,1,战争武略 + 恩怨报偿 + 善恶转化,8,战争武略
combo-80097bd4,恩怨报偿,8,2,战争武略 + 恩怨报偿 + 善恶转化,8,战争武略
combo-80097bd4,善恶转化,9,3,战争武略 + 恩怨报偿 + 善恶转化,8,战争武略
combo-bf2a650a,政治权力,2,1,政治权力 + 家庭亲情 + 礼教品格,8,政治权力
combo-bf2a650a,家庭亲情,4,2,政治权力 + 家庭亲情 + 礼教品格,8,政治权力
combo-bf2a650a,礼教品格,10,3,政治权力 + 家庭亲情 + 礼教品格,8,政治权力
combo-6d3620fa,家庭亲情,4,1,家庭亲情 + 恩怨报偿,7,家庭亲情
combo-6d3620fa,恩怨报偿,8,2,家庭亲情 + 恩怨报偿,7,家庭亲情
combo-fa9c434c,政治权力,2,1,政治权力 + 文人世情,7,文人世情
combo-fa9c434c,文人世情,12,2,政治权力 + 文人世情,7,文人世情
combo-aa56a19d,婚恋姻缘,3,1,婚恋姻缘 + 家庭亲情 + 公案冤狱,7,家庭亲情
combo-aa56a19d,家庭亲情,4,2,婚恋姻缘 + 家庭亲情 + 公案冤狱,7,家庭亲情
combo-aa56a19d,公案冤狱,5,3,婚恋姻缘 + 家庭亲情 + 公案冤狱,7,家庭亲情
combo-821c9277,婚恋姻缘,3,1,婚恋姻缘 + 战争武略 + 恩怨报偿,7,恩怨报偿
combo-821c9277,战争武略,7,2,婚恋姻缘 + 战争武略 + 恩怨报偿,7,恩怨报偿
combo-821c9277,恩怨报偿,8,3,婚恋姻缘 + 战争武略 + 恩怨报偿,7,恩怨报偿
combo-b0986cef,家庭亲情,4,1,家庭亲情 + 战争武略 + 善恶转化,7,家庭亲情
combo-b0986cef,战争武略,7,2,家庭亲情 + 战争武略 + 善恶转化,7,家庭亲情
combo-b0986cef,善恶转化,9,3,家庭亲情 + 战争武略 + 善恶转化,7,家庭亲情
combo-caa7729e,政治权力,2,1,政治权力 + 公案冤狱 + 战争武略,7,战争武略
combo-caa7729e,公案冤狱,5,2,政治权力 + 公案冤狱 + 战争武略,7,战争武略
combo-caa7729e,战争武略,7,3,政治权力 + 公案冤狱 + 战争武略,7,战争武略
combo-bd34e0fa,政治权力,2,1,政治权力 + 公案冤狱 + 除暴侠义,7,政治权力
combo-bd34e0fa,公案冤狱,5,2,政治权力 + 公案冤狱 + 除暴侠义,7,政治权力
combo-bd34e0fa,除暴侠义,6,3,政治权力 + 公案冤狱 + 除暴侠义,7,政治权力
combo-de874e80,政治权力,2,1,政治权力 + 家庭亲情 + 宗教祥瑞,7,家庭亲情
combo-de874e80,家庭亲情,4,2,政治权力 + 家庭亲情 + 宗教祥瑞,7,家庭亲情
combo-de874e80,宗教祥瑞,11,3,政治权力 + 家庭亲情 + 宗教祥瑞,7,家庭亲情
combo-e236d782,政治权力,2,1,政治权力 + 家庭亲情 + 战争武略 + 恩怨报偿,7,政治权力
combo-e236d782,家庭亲情,4,2,政治权力 + 家庭亲情 + 战争武略 + 恩怨报偿,7,政治权力
combo-e236d782,战争武略,7,3,政治权力 + 家庭亲情 + 战争武略 + 恩怨报偿,7,政治权力
combo-e236d782,恩怨报偿,8,4,政治权力 + 家庭亲情 + 战争武略 + 恩怨报偿,7,政治权力
combo-619ddc66,公案冤狱,5,1,公案冤狱 + 除暴侠义,6,除暴侠义
combo-619ddc66,除暴侠义,6,2,公案冤狱 + 除暴侠义,6,除暴侠义
combo-b941ae22,婚恋姻缘,3,1,婚恋姻缘 + 礼教品格,6,婚恋姻缘
combo-b941ae22,礼教品格,10,2,婚恋姻缘 + 礼教品格,6,婚恋姻缘
combo-6cbdec8f,宗教祥瑞,11,1,宗教祥瑞 + 文人世情,6,宗教祥瑞
combo-6cbdec8f,文人世情,12,2,宗教祥瑞 + 文人世情,6,宗教祥瑞
combo-74dc7e8c,婚恋姻缘,3,1,婚恋姻缘 + 家庭亲情 + 宗教祥瑞,6,婚恋姻缘
combo-74dc7e8c,家庭亲情,4,2,婚恋姻缘 + 家庭亲情 + 宗教祥瑞,6,婚恋姻缘
combo-74dc7e8c,宗教祥瑞,11,3,婚恋姻缘 + 家庭亲情 + 宗教祥瑞,6,婚恋姻缘
combo-3246b321,忠义家国,1,1,忠义家国 + 家庭亲情 + 战争武略,6,家庭亲情
combo-3246b321,家庭亲情,4,2,忠义家国 + 家庭亲情 + 战争武略,6,家庭亲情
combo-3246b321,战争武略,7,3,忠义家国 + 家庭亲情 + 战争武略,6,家庭亲情
combo-97084014,政治权力,2,1,政治权力 + 婚恋姻缘 + 文人世情,6,文人世情
combo-97084014,婚恋姻缘,3,2,政治权力 + 婚恋姻缘 + 文人世情,6,文人世情
combo-97084014,文人世情,12,3,政治权力 + 婚恋姻缘 + 文人世情,6,文人世情
combo-56734d03,政治权力,2,1,政治权力 + 婚恋姻缘 + 家庭亲情 + 文人世情,6,文人世情
combo-56734d03,婚恋姻缘,3,2,政治权力 + 婚恋姻缘 + 家庭亲情 + 文人世情,6,文人世情
combo-56734d03,家庭亲情,4,3,政治权力 + 婚恋姻缘 + 家庭亲情 + 文人世情,6,文人世情
combo-56734d03,文人世情,12,4,政治权力 + 婚恋姻缘 + 家庭亲情 + 文人世情,6,文人世情
combo-f435db67,婚恋姻缘,3,1,婚恋姻缘 + 家庭亲情 + 除暴侠义,5,家庭亲情
combo-f435db67,家庭亲情,4,2,婚恋姻缘 + 家庭亲情 + 除暴侠义,5,家庭亲情
combo-f435db67,除暴侠义,6,3,婚恋姻缘 + 家庭亲情 + 除暴侠义,5,家庭亲情
combo-c8717793,家庭亲情,4,1,家庭亲情 + 善恶转化 + 宗教祥瑞,5,宗教祥瑞
combo-c8717793,善恶转化,9,2,家庭亲情 + 善恶转化 + 宗教祥瑞,5,宗教祥瑞
combo-c8717793,宗教祥瑞,11,3,家庭亲情 + 善恶转化 + 宗教祥瑞,5,宗教祥瑞
combo-5bee18ce,忠义家国,1,1,忠义家国 + 政治权力 + 文人世情,5,政治权力
combo-5bee18ce,政治权力,2,2,忠义家国 + 政治权力 + 文人世情,5,政治权力
combo-5bee18ce,文人世情,12,3,忠义家国 + 政治权力 + 文人世情,5,政治权力
combo-ff6096a1,战争武略,7,1,战争武略 + 善恶转化 + 宗教祥瑞,5,善恶转化
combo-ff6096a1,善恶转化,9,2,战争武略 + 善恶转化 + 宗教祥瑞,5,善恶转化
combo-ff6096a1,宗教祥瑞,11,3,战争武略 + 善恶转化 + 宗教祥瑞,5,善恶转化
combo-0c82703a,战争武略,7,1,战争武略 + 恩怨报偿 + 宗教祥瑞,5,战争武略
combo-0c82703a,恩怨报偿,8,2,战争武略 + 恩怨报偿 + 宗教祥瑞,5,战争武略
combo-0c82703a,宗教祥瑞,11,3,战争武略 + 恩怨报偿 + 宗教祥瑞,5,战争武略
combo-324cb07c,政治权力,2,1,政治权力 + 婚恋姻缘 + 战争武略,5,战争武略
combo-324cb07c,婚恋姻缘,3,2,政治权力 + 婚恋姻缘 + 战争武略,5,战争武略
combo-324cb07c,战争武略,7,3,政治权力 + 婚恋姻缘 + 战争武略,5,战争武略
combo-c3ca3efe,政治权力,2,1,政治权力 + 礼教品格 + 文人世情,5,文人世情
combo-c3ca3efe,礼教品格,10,2,政治权力 + 礼教品格 + 文人世情,5,文人世情
combo-c3ca3efe,文人世情,12,3,政治权力 + 礼教品格 + 文人世情,5,文人世情
combo-2371bab9,婚恋姻缘,3,1,婚恋姻缘 + 家庭亲情 + 战争武略 + 善恶转化,5,战争武略
combo-2371bab9,家庭亲情,4,2,婚恋姻缘 + 家庭亲情 + 战争武略 + 善恶转化,5,战争武略
combo-2371bab9,战争武略,7,3,婚恋姻缘 + 家庭亲情 + 战争武略 + 善恶转化,5,战争武略
combo-2371bab9,善恶转化,9,4,婚恋姻缘 + 家庭亲情 + 战争武略 + 善恶转化,5,战争武略
combo-bdad6938,政治权力,2,1,政治权力 + 婚恋姻缘 + 家庭亲情 + 战争武略,5,婚恋姻缘
combo-bdad6938,婚恋姻缘,3,2,政治权力 + 婚恋姻缘 + 家庭亲情 + 战争武略,5,婚恋姻缘
combo-bdad6938,家庭亲情,4,3,政治权力 + 婚恋姻缘 + 家庭亲情 + 战争武略,5,婚恋姻缘
combo-bdad6938,战争武略,7,4,政治权力 + 婚恋姻缘 + 家庭亲情 + 战争武略,5,婚恋姻缘
combo-1cdee729,政治权力,2,1,政治权力 + 家庭亲情 + 战争武略 + 礼教品格,5,家庭亲情
combo-1cdee729,家庭亲情,4,2,政治权力 + 家庭亲情 + 战争武略 + 礼教品格,5,家庭亲情
combo-1cdee729,战争武略,7,3,政治权力 + 家庭亲情 + 战争武略 + 礼教品格,5,家庭亲情
combo-1cdee729,礼教品格,10,4,政治权力 + 家庭亲情 + 战争武略 + 礼教品格,5,家庭亲情
combo-806f22b1,恩怨报偿,8,1,恩怨报偿 + 宗教祥瑞,4,宗教祥瑞
combo-806f22b1,宗教祥瑞,11,2,恩怨报偿 + 宗教祥瑞,4,宗教祥瑞
combo-c3c02f8a,家庭亲情,4,1,家庭亲情 + 公案冤狱 + 文人世情,4,公案冤狱
combo-c3c02f8a,公案冤狱,5,2,家庭亲情 + 公案冤狱 + 文人世情,4,公案冤狱
combo-c3c02f8a,文人世情,12,3,家庭亲情 + 公案冤狱 + 文人世情,4,公案冤狱
combo-6e39cca7,家庭亲情,4,1,家庭亲情 + 恩怨报偿 + 善恶转化,4,善恶转化
combo-6e39cca7,恩怨报偿,8,2,家庭亲情 + 恩怨报偿 + 善恶转化,4,善恶转化
combo-6e39cca7,善恶转化,9,3,家庭亲情 + 恩怨报偿 + 善恶转化,4,善恶转化
combo-50f90a47,家庭亲情,4,1,家庭亲情 + 恩怨报偿 + 文人世情,4,恩怨报偿
combo-50f90a47,恩怨报偿,8,2,家庭亲情 + 恩怨报偿 + 文人世情,4,恩怨报偿
combo-50f90a47,文人世情,12,3,家庭亲情 + 恩怨报偿 + 文人世情,4,恩怨报偿
combo-a1535440,家庭亲情,4,1,家庭亲情 + 战争武略 + 文人世情,4,战争武略
combo-a1535440,战争武略,7,2,家庭亲情 + 战争武略 + 文人世情,4,战争武略
combo-a1535440,文人世情,12,3,家庭亲情 + 战争武略 + 文人世情,4,战争武略
combo-581a7775,忠义家国,1,1,忠义家国 + 战争武略 + 礼教品格,4,战争武略
combo-581a7775,战争武略,7,2,忠义家国 + 战争武略 + 礼教品格,4,战争武略
combo-581a7775,礼教品格,10,3,忠义家国 + 战争武略 + 礼教品格,4,战争武略
combo-04645de9,政治权力,2,1,政治权力 + 战争武略 + 宗教祥瑞,4,战争武略
combo-04645de9,战争武略,7,2,政治权力 + 战争武略 + 宗教祥瑞,4,战争武略
combo-04645de9,宗教祥瑞,11,3,政治权力 + 战争武略 + 宗教祥瑞,4,战争武略
combo-611567e3,婚恋姻缘,3,1,婚恋姻缘 + 家庭亲情 + 除暴侠义 + 恩怨报偿,4,除暴侠义
combo-611567e3,家庭亲情,4,2,婚恋姻缘 + 家庭亲情 + 除暴侠义 + 恩怨报偿,4,除暴侠义
combo-611567e3,除暴侠义,6,3,婚恋姻缘 + 家庭亲情 + 除暴侠义 + 恩怨报偿,4,除暴侠义
combo-611567e3,恩怨报偿,8,4,婚恋姻缘 + 家庭亲情 + 除暴侠义 + 恩怨报偿,4,除暴侠义
combo-a9e4454b,婚恋姻缘,3,1,婚恋姻缘 + 家庭亲情 + 除暴侠义 + 战争武略,4,除暴侠义
combo-a9e4454b,家庭亲情,4,2,婚恋姻缘 + 家庭亲情 + 除暴侠义 + 战争武略,4,除暴侠义
combo-a9e4454b,除暴侠义,6,3,婚恋姻缘 + 家庭亲情 + 除暴侠义 + 战争武略,4,除暴侠义
combo-a9e4454b,战争武略,7,4,婚恋姻缘 + 家庭亲情 + 除暴侠义 + 战争武略,4,除暴侠义
combo-12edf753,政治权力,2,1,政治权力 + 家庭亲情 + 战争武略 + 善恶转化,4,战争武略
combo-12edf753,家庭亲情,4,2,政治权力 + 家庭亲情 + 战争武略 + 善恶转化,4,战争武略
combo-12edf753,战争武略,7,3,政治权力 + 家庭亲情 + 战争武略 + 善恶转化,4,战争武略
combo-12edf753,善恶转化,9,4,政治权力 + 家庭亲情 + 战争武略 + 善恶转化,4,战争武略
combo-86f31bc1,政治权力,2,1,政治权力 + 战争武略 + 善恶转化 + 宗教祥瑞,4,善恶转化
combo-86f31bc1,战争武略,7,2,政治权力 + 战争武略 + 善恶转化 + 宗教祥瑞,4,善恶转化
combo-86f31bc1,善恶转化,9,3,政治权力 + 战争武略 + 善恶转化 + 宗教祥瑞,4,善恶转化
combo-86f31bc1,宗教祥瑞,11,4,政治权力 + 战争武略 + 善恶转化 + 宗教祥瑞,4,善恶转化
combo-e95c9458,公案冤狱,5,1,公案冤狱 + 恩怨报偿,3,恩怨报偿
combo-e95c9458,恩怨报偿,8,2,公案冤狱 + 恩怨报偿,3,恩怨报偿
combo-e8776579,婚恋姻缘,3,1,婚恋姻缘 + 恩怨报偿,3,婚恋姻缘
combo-e8776579,恩怨报偿,8,2,婚恋姻缘 + 恩怨报偿,3,婚恋姻缘
combo-8b2136d5,礼教品格,10,1,礼教品格 + 文人世情,3,文人世情
combo-8b2136d5,文人世情,12,2,礼教品格 + 文人世情,3,文人世情
combo-63a7958f,公案冤狱,5,1,公案冤狱 + 战争武略 + 恩怨报偿,3,恩怨报偿
combo-63a7958f,战争武略,7,2,公案冤狱 + 战争武略 + 恩怨报偿,3,恩怨报偿
combo-63a7958f,恩怨报偿,8,3,公案冤狱 + 战争武略 + 恩怨报偿,3,恩怨报偿
combo-cdcc7b9f,婚恋姻缘,3,1,婚恋姻缘 + 公案冤狱 + 恩怨报偿,3,婚恋姻缘
combo-cdcc7b9f,公案冤狱,5,2,婚恋姻缘 + 公案冤狱 + 恩怨报偿,3,婚恋姻缘
combo-cdcc7b9f,恩怨报偿,8,3,婚恋姻缘 + 公案冤狱 + 恩怨报偿,3,婚恋姻缘
combo-a947208b,婚恋姻缘,3,1,婚恋姻缘 + 宗教祥瑞 + 文人世情,3,文人世情
combo-a947208b,宗教祥瑞,11,2,婚恋姻缘 + 宗教祥瑞 + 文人世情,3,文人世情
combo-a947208b,文人世情,12,3,婚恋姻缘 + 宗教祥瑞 + 文人世情,3,文人世情
combo-2c9de544,婚恋姻缘,3,1,婚恋姻缘 + 家庭亲情 + 恩怨报偿,3,家庭亲情
combo-2c9de544,家庭亲情,4,2,婚恋姻缘 + 家庭亲情 + 恩怨报偿,3,家庭亲情
combo-2c9de544,恩怨报偿,8,3,婚恋姻缘 + 家庭亲情 + 恩怨报偿,3,家庭亲情
combo-1a0342fb,家庭亲情,4,1,家庭亲情 + 善恶转化 + 礼教品格,3,家庭亲情
combo-1a0342fb,善恶转化,9,2,家庭亲情 + 善恶转化 + 礼教品格,3,家庭亲情
combo-1a0342fb,礼教品格,10,3,家庭亲情 + 善恶转化 + 礼教品格,3,家庭亲情
combo-184dd802,忠义家国,1,1,忠义家国 + 婚恋姻缘 + 恩怨报偿,3,婚恋姻缘
combo-184dd802,婚恋姻缘,3,2,忠义家国 + 婚恋姻缘 + 恩怨报偿,3,婚恋姻缘
combo-184dd802,恩怨报偿,8,3,忠义家国 + 婚恋姻缘 + 恩怨报偿,3,婚恋姻缘
combo-67e8c25a,忠义家国,1,1,忠义家国 + 战争武略 + 恩怨报偿,3,战争武略
combo-67e8c25a,战争武略,7,2,忠义家国 + 战争武略 + 恩怨报偿,3,战争武略
combo-67e8c25a,恩怨报偿,8,3,忠义家国 + 战争武略 + 恩怨报偿,3,战争武略
combo-6f52e464,政治权力,2,1,政治权力 + 善恶转化 + 宗教祥瑞,3,宗教祥瑞
combo-6f52e464,善恶转化,9,2,政治权力 + 善恶转化 + 宗教祥瑞,3,宗教祥瑞
combo-6f52e464,宗教祥瑞,11,3,政治权力 + 善恶转化 + 宗教祥瑞,3,宗教祥瑞
combo-cf756f23,政治权力,2,1,政治权力 + 家庭亲情 + 文人世情,3,政治权力
combo-cf756f23,家庭亲情,4,2,政治权力 + 家庭亲情 + 文人世情,3,政治权力
combo-cf756f23,文人世情,12,3,政治权力 + 家庭亲情 + 文人世情,3,政治权力
combo-03cdb023,婚恋姻缘,3,1,婚恋姻缘 + 家庭亲情 + 宗教祥瑞 + 文人世情,3,婚恋姻缘
combo-03cdb023,家庭亲情,4,2,婚恋姻缘 + 家庭亲情 + 宗教祥瑞 + 文人世情,3,婚恋姻缘
combo-03cdb023,宗教祥瑞,11,3,婚恋姻缘 + 家庭亲情 + 宗教祥瑞 + 文人世情,3,婚恋姻缘
combo-03cdb023,文人世情,12,4,婚恋姻缘 + 家庭亲情 + 宗教祥瑞 + 文人世情,3,婚恋姻缘
combo-62bc8592,婚恋姻缘,3,1,婚恋姻缘 + 家庭亲情 + 战争武略 + 礼教品格,3,婚恋姻缘
combo-62bc8592,家庭亲情,4,2,婚恋姻缘 + 家庭亲情 + 战争武略 + 礼教品格,3,婚恋姻缘
combo-62bc8592,战争武略,7,3,婚恋姻缘 + 家庭亲情 + 战争武略 + 礼教品格,3,婚恋姻缘
combo-62bc8592,礼教品格,10,4,婚恋姻缘 + 家庭亲情 + 战争武略 + 礼教品格,3,婚恋姻缘
combo-11386f65,家庭亲情,4,1,家庭亲情 + 公案冤狱 + 除暴侠义 + 恩怨报偿,3,恩怨报偿
combo-11386f65,公案冤狱,5,2,家庭亲情 + 公案冤狱 + 除暴侠义 + 恩怨报偿,3,恩怨报偿
combo-11386f65,除暴侠义,6,3,家庭亲情 + 公案冤狱 + 除暴侠义 + 恩怨报偿,3,恩怨报偿
combo-11386f65,恩怨报偿,8,4,家庭亲情 + 公案冤狱 + 除暴侠义 + 恩怨报偿,3,恩怨报偿
combo-2804f846,家庭亲情,4,1,家庭亲情 + 除暴侠义 + 战争武略 + 文人世情,3,家庭亲情
combo-2804f846,除暴侠义,6,2,家庭亲情 + 除暴侠义 + 战争武略 + 文人世情,3,家庭亲情
combo-2804f846,战争武略,7,3,家庭亲情 + 除暴侠义 + 战争武略 + 文人世情,3,家庭亲情
combo-2804f846,文人世情,12,4,家庭亲情 + 除暴侠义 + 战争武略 + 文人世情,3,家庭亲情
combo-aa991d4f,忠义家国,1,1,忠义家国 + 政治权力 + 家庭亲情 + 战争武略,3,家庭亲情
combo-aa991d4f,政治权力,2,2,忠义家国 + 政治权力 + 家庭亲情 + 战争武略,3,家庭亲情
combo-aa991d4f,家庭亲情,4,3,忠义家国 + 政治权力 + 家庭亲情 + 战争武略,3,家庭亲情
combo-aa991d4f,战争武略,7,4,忠义家国 + 政治权力 + 家庭亲情 + 战争武略,3,家庭亲情
combo-501a073c,政治权力,2,1,政治权力 + 婚恋姻缘 + 家庭亲情 + 公案冤狱,3,婚恋姻缘
combo-501a073c,婚恋姻缘,3,2,政治权力 + 婚恋姻缘 + 家庭亲情 + 公案冤狱,3,婚恋姻缘
combo-501a073c,家庭亲情,4,3,政治权力 + 婚恋姻缘 + 家庭亲情 + 公案冤狱,3,婚恋姻缘
combo-501a073c,公案冤狱,5,4,政治权力 + 婚恋姻缘 + 家庭亲情 + 公案冤狱,3,婚恋姻缘
combo-6d83c11c,政治权力,2,1,政治权力 + 战争武略 + 恩怨报偿 + 文人世情,3,政治权力
combo-6d83c11c,战争武略,7,2,政治权力 + 战争武略 + 恩怨报偿 + 文人世情,3,政治权力
combo-6d83c11c,恩怨报偿,8,3,政治权力 + 战争武略 + 恩怨报偿 + 文人世情,3,政治权力
combo-6d83c11c,文人世情,12,4,政治权力 + 战争武略 + 恩怨报偿 + 文人世情,3,政治权力
combo-a0312da8,忠义家国,1,1,忠义家国 + 恩怨报偿,2,忠义家国
combo-a0312da8,恩怨报偿,8,2,忠义家国 + 恩怨报偿,2,忠义家国
combo-79a79c76,公案冤狱,5,1,公案冤狱 + 战争武略 + 善恶转化,2,公案冤狱
combo-79a79c76,战争武略,7,2,公案冤狱 + 战争武略 + 善恶转化,2,公案冤狱
combo-79a79c76,善恶转化,9,3,公案冤狱 + 战争武略 + 善恶转化,2,公案冤狱
combo-55f2ac8d,婚恋姻缘,3,1,婚恋姻缘 + 家庭亲情 + 善恶转化,2,婚恋姻缘
combo-55f2ac8d,家庭亲情,4,2,婚恋姻缘 + 家庭亲情 + 善恶转化,2,婚恋姻缘
combo-55f2ac8d,善恶转化,9,3,婚恋姻缘 + 家庭亲情 + 善恶转化,2,婚恋姻缘
combo-fb224744,婚恋姻缘,3,1,婚恋姻缘 + 战争武略 + 文人世情,2,文人世情
combo-fb224744,战争武略,7,2,婚恋姻缘 + 战争武略 + 文人世情,2,文人世情
combo-fb224744,文人世情,12,3,婚恋姻缘 + 战争武略 + 文人世情,2,文人世情
combo-a4c1dc04,婚恋姻缘,3,1,婚恋姻缘 + 礼教品格 + 文人世情,2,婚恋姻缘
combo-a4c1dc04,礼教品格,10,2,婚恋姻缘 + 礼教品格 + 文人世情,2,婚恋姻缘
combo-a4c1dc04,文人世情,12,3,婚恋姻缘 + 礼教品格 + 文人世情,2,婚恋姻缘
combo-c2a1532a,家庭亲情,4,1,家庭亲情 + 公案冤狱 + 宗教祥瑞,2,宗教祥瑞
combo-c2a1532a,公案冤狱,5,2,家庭亲情 + 公案冤狱 + 宗教祥瑞,2,宗教祥瑞
combo-c2a1532a,宗教祥瑞,11,3,家庭亲情 + 公案冤狱 + 宗教祥瑞,2,宗教祥瑞
combo-2dfdd341,家庭亲情,4,1,家庭亲情 + 公案冤狱 + 战争武略,2,公案冤狱
combo-2dfdd341,公案冤狱,5,2,家庭亲情 + 公案冤狱 + 战争武略,2,公案冤狱
combo-2dfdd341,战争武略,7,3,家庭亲情 + 公案冤狱 + 战争武略,2,公案冤狱
combo-a1faf974,家庭亲情,4,1,家庭亲情 + 公案冤狱 + 礼教品格,2,公案冤狱
combo-a1faf974,公案冤狱,5,2,家庭亲情 + 公案冤狱 + 礼教品格,2,公案冤狱
combo-a1faf974,礼教品格,10,3,家庭亲情 + 公案冤狱 + 礼教品格,2,公案冤狱
combo-596d1dc5,家庭亲情,4,1,家庭亲情 + 公案冤狱 + 除暴侠义,2,除暴侠义
combo-596d1dc5,公案冤狱,5,2,家庭亲情 + 公案冤狱 + 除暴侠义,2,除暴侠义
combo-596d1dc5,除暴侠义,6,3,家庭亲情 + 公案冤狱 + 除暴侠义,2,除暴侠义
combo-2f230bb3,家庭亲情,4,1,家庭亲情 + 恩怨报偿 + 宗教祥瑞,2,恩怨报偿
combo-2f230bb3,恩怨报偿,8,2,家庭亲情 + 恩怨报偿 + 宗教祥瑞,2,恩怨报偿
combo-2f230bb3,宗教祥瑞,11,3,家庭亲情 + 恩怨报偿 + 宗教祥瑞,2,恩怨报偿
combo-cf998e77,家庭亲情,4,1,家庭亲情 + 礼教品格 + 宗教祥瑞,2,家庭亲情
combo-cf998e77,礼教品格,10,2,家庭亲情 + 礼教品格 + 宗教祥瑞,2,家庭亲情
combo-cf998e77,宗教祥瑞,11,3,家庭亲情 + 礼教品格 + 宗教祥瑞,2,家庭亲情
combo-f348d96d,忠义家国,1,1,忠义家国 + 家庭亲情 + 恩怨报偿,2,恩怨报偿
combo-f348d96d,家庭亲情,4,2,忠义家国 + 家庭亲情 + 恩怨报偿,2,恩怨报偿
combo-f348d96d,恩怨报偿,8,3,忠义家国 + 家庭亲情 + 恩怨报偿,2,恩怨报偿
combo-4ebe6816,忠义家国,1,1,忠义家国 + 战争武略 + 善恶转化,2,忠义家国
combo-4ebe6816,战争武略,7,2,忠义家国 + 战争武略 + 善恶转化,2,忠义家国
combo-4ebe6816,善恶转化,9,3,忠义家国 + 战争武略 + 善恶转化,2,忠义家国
combo-335d101f,忠义家国,1,1,忠义家国 + 政治权力 + 公案冤狱,2,忠义家国
combo-335d101f,政治权力,2,2,忠义家国 + 政治权力 + 公案冤狱,2,忠义家国
combo-335d101f,公案冤狱,5,3,忠义家国 + 政治权力 + 公案冤狱,2,忠义家国
combo-5c2c8af3,忠义家国,1,1,忠义家国 + 政治权力 + 婚恋姻缘,2,忠义家国
combo-5c2c8af3,政治权力,2,2,忠义家国 + 政治权力 + 婚恋姻缘,2,忠义家国
combo-5c2c8af3,婚恋姻缘,3,3,忠义家国 + 政治权力 + 婚恋姻缘,2,忠义家国
combo-611e4440,忠义家国,1,1,忠义家国 + 除暴侠义 + 战争武略,2,战争武略
combo-611e4440,除暴侠义,6,2,忠义家国 + 除暴侠义 + 战争武略,2,战争武略
combo-611e4440,战争武略,7,3,忠义家国 + 除暴侠义 + 战争武略,2,战争武略
combo-633a7c2a,恩怨报偿,8,1,恩怨报偿 + 宗教祥瑞 + 文人世情,2,宗教祥瑞
combo-633a7c2a,宗教祥瑞,11,2,恩怨报偿 + 宗教祥瑞 + 文人世情,2,宗教祥瑞
combo-633a7c2a,文人世情,12,3,恩怨报偿 + 宗教祥瑞 + 文人世情,2,宗教祥瑞
combo-bbeaf926,战争武略,7,1,战争武略 + 善恶转化 + 礼教品格,2,战争武略
combo-bbeaf926,善恶转化,9,2,战争武略 + 善恶转化 + 礼教品格,2,战争武略
combo-bbeaf926,礼教品格,10,3,战争武略 + 善恶转化 + 礼教品格,2,战争武略
combo-0ec2d10c,战争武略,7,1,战争武略 + 恩怨报偿 + 文人世情,2,战争武略
combo-0ec2d10c,恩怨报偿,8,2,战争武略 + 恩怨报偿 + 文人世情,2,战争武略
combo-0ec2d10c,文人世情,12,3,战争武略 + 恩怨报偿 + 文人世情,2,战争武略
combo-f59a9255,政治权力,2,1,政治权力 + 婚恋姻缘 + 礼教品格,2,婚恋姻缘
combo-f59a9255,婚恋姻缘,3,2,政治权力 + 婚恋姻缘 + 礼教品格,2,婚恋姻缘
combo-f59a9255,礼教品格,10,3,政治权力 + 婚恋姻缘 + 礼教品格,2,婚恋姻缘
combo-40d80dcd,除暴侠义,6,1,除暴侠义 + 战争武略 + 宗教祥瑞,2,战争武略
combo-40d80dcd,战争武略,7,2,除暴侠义 + 战争武略 + 宗教祥瑞,2,战争武略
combo-40d80dcd,宗教祥瑞,11,3,除暴侠义 + 战争武略 + 宗教祥瑞,2,战争武略
combo-4598fd92,除暴侠义,6,1,除暴侠义 + 战争武略 + 恩怨报偿,2,除暴侠义
combo-4598fd92,战争武略,7,2,除暴侠义 + 战争武略 + 恩怨报偿,2,除暴侠义
combo-4598fd92,恩怨报偿,8,3,除暴侠义 + 战争武略 + 恩怨报偿,2,除暴侠义
combo-2ecd4f06,除暴侠义,6,1,除暴侠义 + 战争武略 + 礼教品格,2,除暴侠义
combo-2ecd4f06,战争武略,7,2,除暴侠义 + 战争武略 + 礼教品格,2,除暴侠义
combo-2ecd4f06,礼教品格,10,3,除暴侠义 + 战争武略 + 礼教品格,2,除暴侠义
combo-c861b073,婚恋姻缘,3,1,婚恋姻缘 + 家庭亲情 + 公案冤狱 + 恩怨报偿,2,公案冤狱
combo-c861b073,家庭亲情,4,2,婚恋姻缘 + 家庭亲情 + 公案冤狱 + 恩怨报偿,2,公案冤狱
combo-c861b073,公案冤狱,5,3,婚恋姻缘 + 家庭亲情 + 公案冤狱 + 恩怨报偿,2,公案冤狱
combo-c861b073,恩怨报偿,8,4,婚恋姻缘 + 家庭亲情 + 公案冤狱 + 恩怨报偿,2,公案冤狱
combo-560faf29,婚恋姻缘,3,1,婚恋姻缘 + 家庭亲情 + 公案冤狱 + 战争武略,2,公案冤狱
combo-560faf29,家庭亲情,4,2,婚恋姻缘 + 家庭亲情 + 公案冤狱 + 战争武略,2,公案冤狱
combo-560faf29,公案冤狱,5,3,婚恋姻缘 + 家庭亲情 + 公案冤狱 + 战争武略,2,公案冤狱
combo-560faf29,战争武略,7,4,婚恋姻缘 + 家庭亲情 + 公案冤狱 + 战争武略,2,公案冤狱
combo-d778222d,婚恋姻缘,3,1,婚恋姻缘 + 家庭亲情 + 公案冤狱 + 礼教品格,2,礼教品格
combo-d778222d,家庭亲情,4,2,婚恋姻缘 + 家庭亲情 + 公案冤狱 + 礼教品格,2,礼教品格
combo-d778222d,公案冤狱,5,3,婚恋姻缘 + 家庭亲情 + 公案冤狱 + 礼教品格,2,礼教品格
combo-d778222d,礼教品格,10,4,婚恋姻缘 + 家庭亲情 + 公案冤狱 + 礼教品格,2,礼教品格
combo-e437309e,婚恋姻缘,3,1,婚恋姻缘 + 家庭亲情 + 战争武略 + 恩怨报偿,2,婚恋姻缘
combo-e437309e,家庭亲情,4,2,婚恋姻缘 + 家庭亲情 + 战争武略 + 恩怨报偿,2,婚恋姻缘
combo-e437309e,战争武略,7,3,婚恋姻缘 + 家庭亲情 + 战争武略 + 恩怨报偿,2,婚恋姻缘
combo-e437309e,恩怨报偿,8,4,婚恋姻缘 + 家庭亲情 + 战争武略 + 恩怨报偿,2,婚恋姻缘
combo-4a592f81,婚恋姻缘,3,1,婚恋姻缘 + 家庭亲情 + 礼教品格 + 文人世情,2,家庭亲情
combo-4a592f81,家庭亲情,4,2,婚恋姻缘 + 家庭亲情 + 礼教品格 + 文人世情,2,家庭亲情
combo-4a592f81,礼教品格,10,3,婚恋姻缘 + 家庭亲情 + 礼教品格 + 文人世情,2,家庭亲情
combo-4a592f81,文人世情,12,4,婚恋姻缘 + 家庭亲情 + 礼教品格 + 文人世情,2,家庭亲情
combo-887e77c6,家庭亲情,4,1,家庭亲情 + 战争武略 + 善恶转化 + 宗教祥瑞,2,战争武略
combo-887e77c6,战争武略,7,2,家庭亲情 + 战争武略 + 善恶转化 + 宗教祥瑞,2,战争武略
combo-887e77c6,善恶转化,9,3,家庭亲情 + 战争武略 + 善恶转化 + 宗教祥瑞,2,战争武略
combo-887e77c6,宗教祥瑞,11,4,家庭亲情 + 战争武略 + 善恶转化 + 宗教祥瑞,2,战争武略
combo-db00a699,家庭亲情,4,1,家庭亲情 + 除暴侠义 + 战争武略 + 恩怨报偿,2,家庭亲情
combo-db00a699,除暴侠义,6,2,家庭亲情 + 除暴侠义 + 战争武略 + 恩怨报偿,2,家庭亲情
combo-db00a699,战争武略,7,3,家庭亲情 + 除暴侠义 + 战争武略 + 恩怨报偿,2,家庭亲情
combo-db00a699,恩怨报偿,8,4,家庭亲情 + 除暴侠义 + 战争武略 + 恩怨报偿,2,家庭亲情
combo-d319f985,忠义家国,1,1,忠义家国 + 政治权力 + 战争武略 + 恩怨报偿,2,恩怨报偿
combo-d319f985,政治权力,2,2,忠义家国 + 政治权力 + 战争武略 + 恩怨报偿,2,恩怨报偿
combo-d319f985,战争武略,7,3,忠义家国 + 政治权力 + 战争武略 + 恩怨报偿,2,恩怨报偿
combo-d319f985,恩怨报偿,8,4,忠义家国 + 政治权力 + 战争武略 + 恩怨报偿,2,恩怨报偿
combo-0a6bb766,忠义家国,1,1,忠义家国 + 政治权力 + 除暴侠义 + 战争武略,2,战争武略
combo-0a6bb766,政治权力,2,2,忠义家国 + 政治权力 + 除暴侠义 + 战争武略,2,战争武略
combo-0a6bb766,除暴侠义,6,3,忠义家国 + 政治权力 + 除暴侠义 + 战争武略,2,战争武略
combo-0a6bb766,战争武略,7,4,忠义家国 + 政治权力 + 除暴侠义 + 战争武略,2,战争武略
combo-6aadb929,政治权力,2,1,政治权力 + 婚恋姻缘 + 家庭亲情 + 恩怨报偿,2,政治权力
combo-6aadb929,婚恋姻缘,3,2,政治权力 + 婚恋姻缘 + 家庭亲情 + 恩怨报偿,2,政治权力
combo-6aadb929,家庭亲情,4,3,政治权力 + 婚恋姻缘 + 家庭亲情 + 恩怨报偿,2,政治权力
combo-6aadb929,恩怨报偿,8,4,政治权力 + 婚恋姻缘 + 家庭亲情 + 恩怨报偿,2,政治权力
combo-f5e84c60,政治权力,2,1,政治权力 + 婚恋姻缘 + 战争武略 + 文人世情,2,政治权力
combo-f5e84c60,婚恋姻缘,3,2,政治权力 + 婚恋姻缘 + 战争武略 + 文人世情,2,政治权力
combo-f5e84c60,战争武略,7,3,政治权力 + 婚恋姻缘 + 战争武略 + 文人世情,2,政治权力
combo-f5e84c60,文人世情,12,4,政治权力 + 婚恋姻缘 + 战争武略 + 文人世情,2,政治权力
combo-019caf40,政治权力,2,1,政治权力 + 家庭亲情 + 公案冤狱 + 文人世情,2,公案冤狱
combo-019caf40,家庭亲情,4,2,政治权力 + 家庭亲情 + 公案冤狱 + 文人世情,2,公案冤狱
combo-019caf40,公案冤狱,5,3,政治权力 + 家庭亲情 + 公案冤狱 + 文人世情,2,公案冤狱
combo-019caf40,文人世情,12,4,政治权力 + 家庭亲情 + 公案冤狱 + 文人世情,2,公案冤狱
combo-86963a73,政治权力,2,1,政治权力 + 家庭亲情 + 战争武略 + 文人世情,2,政治权力
combo-86963a73,家庭亲情,4,2,政治权力 + 家庭亲情 + 战争武略 + 文人世情,2,政治权力
combo-86963a73,战争武略,7,3,政治权力 + 家庭亲情 + 战争武略 + 文人世情,2,政治权力
combo-86963a73,文人世情,12,4,政治权力 + 家庭亲情 + 战争武略 + 文人世情,2,政治权力
combo-2e2b17d1,政治权力,2,1,政治权力 + 家庭亲情 + 除暴侠义 + 恩怨报偿,2,除暴侠义
combo-2e2b17d1,家庭亲情,4,2,政治权力 + 家庭亲情 + 除暴侠义 + 恩怨报偿,2,除暴侠义
combo-2e2b17d1,除暴侠义,6,3,政治权力 + 家庭亲情 + 除暴侠义 + 恩怨报偿,2,除暴侠义
combo-2e2b17d1,恩怨报偿,8,4,政治权力 + 家庭亲情 + 除暴侠义 + 恩怨报偿,2,除暴侠义
combo-9da2554b,政治权力,2,1,政治权力 + 家庭亲情 + 除暴侠义 + 礼教品格,2,家庭亲情
combo-9da2554b,家庭亲情,4,2,政治权力 + 家庭亲情 + 除暴侠义 + 礼教品格,2,家庭亲情
combo-9da2554b,除暴侠义,6,3,政治权力 + 家庭亲情 + 除暴侠义 + 礼教品格,2,家庭亲情
combo-9da2554b,礼教品格,10,4,政治权力 + 家庭亲情 + 除暴侠义 + 礼教品格,2,家庭亲情
combo-baa71fba,政治权力,2,1,政治权力 + 战争武略 + 恩怨报偿 + 善恶转化,2,恩怨报偿
combo-baa71fba,战争武略,7,2,政治权力 + 战争武略 + 恩怨报偿 + 善恶转化,2,恩怨报偿
combo-baa71fba,恩怨报偿,8,3,政治权力 + 战争武略 + 恩怨报偿 + 善恶转化,2,恩怨报偿
combo-baa71fba,善恶转化,9,4,政治权力 + 战争武略 + 恩怨报偿 + 善恶转化,2,恩怨报偿
combo-1d9f0d61,政治权力,2,1,政治权力 + 战争武略 + 恩怨报偿 + 宗教祥瑞,2,战争武略
combo-1d9f0d61,战争武略,7,2,政治权力 + 战争武略 + 恩怨报偿 + 宗教祥瑞,2,战争武略
combo-1d9f0d61,恩怨报偿,8,3,政治权力 + 战争武略 + 恩怨报偿 + 宗教祥瑞,2,战争武略
combo-1d9f0d61,宗教祥瑞,11,4,政治权力 + 战争武略 + 恩怨报偿 + 宗教祥瑞,2,战争武略
combo-7fa6e771,政治权力,2,1,政治权力 + 除暴侠义 + 战争武略 + 善恶转化,2,政治权力
combo-7fa6e771,除暴侠义,6,2,政治权力 + 除暴侠义 + 战争武略 + 善恶转化,2,政治权力
combo-7fa6e771,战争武略,7,3,政治权力 + 除暴侠义 + 战争武略 + 善恶转化,2,政治权力
combo-7fa6e771,善恶转化,9,4,政治权力 + 除暴侠义 + 战争武略 + 善恶转化,2,政治权力
combo-f818af8b,政治权力,2,1,政治权力 + 除暴侠义 + 战争武略 + 恩怨报偿,2,政治权力
combo-f818af8b,除暴侠义,6,2,政治权力 + 除暴侠义 + 战争武略 + 恩怨报偿,2,政治权力
combo-f818af8b,战争武略,7,3,政治权力 + 除暴侠义 + 战争武略 + 恩怨报偿,2,政治权力
combo-f818af8b,恩怨报偿,8,4,政治权力 + 除暴侠义 + 战争武略 + 恩怨报偿,2,政治权力
combo-f575eb0e,恩怨报偿,8,1,恩怨报偿 + 善恶转化,1,恩怨报偿
combo-f575eb0e,善恶转化,9,2,恩怨报偿 + 善恶转化,1,恩怨报偿
combo-6257d7fd,公案冤狱,5,1,公案冤狱 + 善恶转化 + 宗教祥瑞,1,善恶转化
combo-6257d7fd,善恶转化,9,2,公案冤狱 + 善恶转化 + 宗教祥瑞,1,善恶转化
combo-6257d7fd,宗教祥瑞,11,3,公案冤狱 + 善恶转化 + 宗教祥瑞,1,善恶转化
combo-17a73f32,公案冤狱,5,1,公案冤狱 + 除暴侠义 + 战争武略,1,除暴侠义
combo-17a73f32,除暴侠义,6,2,公案冤狱 + 除暴侠义 + 战争武略,1,除暴侠义
combo-17a73f32,战争武略,7,3,公案冤狱 + 除暴侠义 + 战争武略,1,除暴侠义
combo-b88b1f84,婚恋姻缘,3,1,婚恋姻缘 + 公案冤狱 + 宗教祥瑞,1,宗教祥瑞
combo-b88b1f84,公案冤狱,5,2,婚恋姻缘 + 公案冤狱 + 宗教祥瑞,1,宗教祥瑞
combo-b88b1f84,宗教祥瑞,11,3,婚恋姻缘 + 公案冤狱 + 宗教祥瑞,1,宗教祥瑞
combo-3cc436d8,婚恋姻缘,3,1,婚恋姻缘 + 公案冤狱 + 除暴侠义,1,除暴侠义
combo-3cc436d8,公案冤狱,5,2,婚恋姻缘 + 公案冤狱 + 除暴侠义,1,除暴侠义
combo-3cc436d8,除暴侠义,6,3,婚恋姻缘 + 公案冤狱 + 除暴侠义,1,除暴侠义
combo-3c02062d,婚恋姻缘,3,1,婚恋姻缘 + 善恶转化 + 文人世情,1,文人世情
combo-3c02062d,善恶转化,9,2,婚恋姻缘 + 善恶转化 + 文人世情,1,文人世情
combo-3c02062d,文人世情,12,3,婚恋姻缘 + 善恶转化 + 文人世情,1,文人世情
combo-6f039330,婚恋姻缘,3,1,婚恋姻缘 + 恩怨报偿 + 文人世情,1,婚恋姻缘
combo-6f039330,恩怨报偿,8,2,婚恋姻缘 + 恩怨报偿 + 文人世情,1,婚恋姻缘
combo-6f039330,文人世情,12,3,婚恋姻缘 + 恩怨报偿 + 文人世情,1,婚恋姻缘
combo-6823b72b,婚恋姻缘,3,1,婚恋姻缘 + 战争武略 + 善恶转化,1,战争武略
combo-6823b72b,战争武略,7,2,婚恋姻缘 + 战争武略 + 善恶转化,1,战争武略
combo-6823b72b,善恶转化,9,3,婚恋姻缘 + 战争武略 + 善恶转化,1,战争武略
combo-9cbb6d7d,婚恋姻缘,3,1,婚恋姻缘 + 除暴侠义 + 战争武略,1,除暴侠义
combo-9cbb6d7d,除暴侠义,6,2,婚恋姻缘 + 除暴侠义 + 战争武略,1,除暴侠义
combo-9cbb6d7d,战争武略,7,3,婚恋姻缘 + 除暴侠义 + 战争武略,1,除暴侠义
combo-64ce9a04,婚恋姻缘,3,1,婚恋姻缘 + 除暴侠义 + 文人世情,1,婚恋姻缘
combo-64ce9a04,除暴侠义,6,2,婚恋姻缘 + 除暴侠义 + 文人世情,1,婚恋姻缘
combo-64ce9a04,文人世情,12,3,婚恋姻缘 + 除暴侠义 + 文人世情,1,婚恋姻缘
combo-1ced9812,家庭亲情,4,1,家庭亲情 + 公案冤狱 + 恩怨报偿,1,公案冤狱
combo-1ced9812,公案冤狱,5,2,家庭亲情 + 公案冤狱 + 恩怨报偿,1,公案冤狱
combo-1ced9812,恩怨报偿,8,3,家庭亲情 + 公案冤狱 + 恩怨报偿,1,公案冤狱
combo-e7534ccb,家庭亲情,4,1,家庭亲情 + 除暴侠义 + 宗教祥瑞,1,家庭亲情
combo-e7534ccb,除暴侠义,6,2,家庭亲情 + 除暴侠义 + 宗教祥瑞,1,家庭亲情
combo-e7534ccb,宗教祥瑞,11,3,家庭亲情 + 除暴侠义 + 宗教祥瑞,1,家庭亲情
combo-05e67aaa,家庭亲情,4,1,家庭亲情 + 除暴侠义 + 文人世情,1,文人世情
combo-05e67aaa,除暴侠义,6,2,家庭亲情 + 除暴侠义 + 文人世情,1,文人世情
combo-05e67aaa,文人世情,12,3,家庭亲情 + 除暴侠义 + 文人世情,1,文人世情
combo-4b87d903,家庭亲情,4,1,家庭亲情 + 除暴侠义 + 礼教品格,1,家庭亲情
combo-4b87d903,除暴侠义,6,2,家庭亲情 + 除暴侠义 + 礼教品格,1,家庭亲情
combo-4b87d903,礼教品格,10,3,家庭亲情 + 除暴侠义 + 礼教品格,1,家庭亲情
combo-e6ac715f,忠义家国,1,1,忠义家国 + 公案冤狱 + 礼教品格,1,忠义家国
combo-e6ac715f,公案冤狱,5,2,忠义家国 + 公案冤狱 + 礼教品格,1,忠义家国
combo-e6ac715f,礼教品格,10,3,忠义家国 + 公案冤狱 + 礼教品格,1,忠义家国
combo-c5aaf638,忠义家国,1,1,忠义家国 + 公案冤狱 + 除暴侠义,1,除暴侠义
combo-c5aaf638,公案冤狱,5,2,忠义家国 + 公案冤狱 + 除暴侠义,1,除暴侠义
combo-c5aaf638,除暴侠义,6,3,忠义家国 + 公案冤狱 + 除暴侠义,1,除暴侠义
combo-a26ce21e,忠义家国,1,1,忠义家国 + 婚恋姻缘 + 战争武略,1,忠义家国
combo-a26ce21e,婚恋姻缘,3,2,忠义家国 + 婚恋姻缘 + 战争武略,1,忠义家国
combo-a26ce21e,战争武略,7,3,忠义家国 + 婚恋姻缘 + 战争武略,1,忠义家国
combo-7ed3ecd1,忠义家国,1,1,忠义家国 + 婚恋姻缘 + 除暴侠义,1,除暴侠义
combo-7ed3ecd1,婚恋姻缘,3,2,忠义家国 + 婚恋姻缘 + 除暴侠义,1,除暴侠义
combo-7ed3ecd1,除暴侠义,6,3,忠义家国 + 婚恋姻缘 + 除暴侠义,1,除暴侠义
combo-3e89a550,忠义家国,1,1,忠义家国 + 家庭亲情 + 除暴侠义,1,忠义家国
combo-3e89a550,家庭亲情,4,2,忠义家国 + 家庭亲情 + 除暴侠义,1,忠义家国
combo-3e89a550,除暴侠义,6,3,忠义家国 + 家庭亲情 + 除暴侠义,1,忠义家国
combo-07a711b2,忠义家国,1,1,忠义家国 + 战争武略 + 文人世情,1,战争武略
combo-07a711b2,战争武略,7,2,忠义家国 + 战争武略 + 文人世情,1,战争武略
combo-07a711b2,文人世情,12,3,忠义家国 + 战争武略 + 文人世情,1,战争武略
combo-820db29e,忠义家国,1,1,忠义家国 + 政治权力 + 礼教品格,1,政治权力
combo-820db29e,政治权力,2,2,忠义家国 + 政治权力 + 礼教品格,1,政治权力
combo-820db29e,礼教品格,10,3,忠义家国 + 政治权力 + 礼教品格,1,政治权力
combo-6053b768,忠义家国,1,1,忠义家国 + 政治权力 + 除暴侠义,1,忠义家国
combo-6053b768,政治权力,2,2,忠义家国 + 政治权力 + 除暴侠义,1,忠义家国
combo-6053b768,除暴侠义,6,3,忠义家国 + 政治权力 + 除暴侠义,1,忠义家国
combo-8e26f5c6,忠义家国,1,1,忠义家国 + 除暴侠义 + 恩怨报偿,1,恩怨报偿
combo-8e26f5c6,除暴侠义,6,2,忠义家国 + 除暴侠义 + 恩怨报偿,1,恩怨报偿
combo-8e26f5c6,恩怨报偿,8,3,忠义家国 + 除暴侠义 + 恩怨报偿,1,恩怨报偿
combo-112cd16b,恩怨报偿,8,1,恩怨报偿 + 礼教品格 + 宗教祥瑞,1,宗教祥瑞
combo-112cd16b,礼教品格,10,2,恩怨报偿 + 礼教品格 + 宗教祥瑞,1,宗教祥瑞
combo-112cd16b,宗教祥瑞,11,3,恩怨报偿 + 礼教品格 + 宗教祥瑞,1,宗教祥瑞
combo-d5d226d8,战争武略,7,1,战争武略 + 善恶转化 + 文人世情,1,战争武略
combo-d5d226d8,善恶转化,9,2,战争武略 + 善恶转化 + 文人世情,1,战争武略
combo-d5d226d8,文人世情,12,3,战争武略 + 善恶转化 + 文人世情,1,战争武略
combo-a0909bd2,政治权力,2,1,政治权力 + 公案冤狱 + 宗教祥瑞,1,宗教祥瑞
combo-a0909bd2,公案冤狱,5,2,政治权力 + 公案冤狱 + 宗教祥瑞,1,宗教祥瑞
combo-a0909bd2,宗教祥瑞,11,3,政治权力 + 公案冤狱 + 宗教祥瑞,1,宗教祥瑞
combo-7136a552,政治权力,2,1,政治权力 + 公案冤狱 + 恩怨报偿,1,公案冤狱
combo-7136a552,公案冤狱,5,2,政治权力 + 公案冤狱 + 恩怨报偿,1,公案冤狱
combo-7136a552,恩怨报偿,8,3,政治权力 + 公案冤狱 + 恩怨报偿,1,公案冤狱
combo-5ec9274d,政治权力,2,1,政治权力 + 公案冤狱 + 文人世情,1,文人世情
combo-5ec9274d,公案冤狱,5,2,政治权力 + 公案冤狱 + 文人世情,1,文人世情
combo-5ec9274d,文人世情,12,3,政治权力 + 公案冤狱 + 文人世情,1,文人世情
combo-5ee58ebe,政治权力,2,1,政治权力 + 善恶转化 + 文人世情,1,文人世情
combo-5ee58ebe,善恶转化,9,2,政治权力 + 善恶转化 + 文人世情,1,文人世情
combo-5ee58ebe,文人世情,12,3,政治权力 + 善恶转化 + 文人世情,1,文人世情
combo-75743027,政治权力,2,1,政治权力 + 宗教祥瑞 + 文人世情,1,文人世情
combo-75743027,宗教祥瑞,11,2,政治权力 + 宗教祥瑞 + 文人世情,1,文人世情
combo-75743027,文人世情,12,3,政治权力 + 宗教祥瑞 + 文人世情,1,文人世情
combo-1eaaaf80,除暴侠义,6,1,除暴侠义 + 恩怨报偿 + 宗教祥瑞,1,宗教祥瑞
combo-1eaaaf80,恩怨报偿,8,2,除暴侠义 + 恩怨报偿 + 宗教祥瑞,1,宗教祥瑞
combo-1eaaaf80,宗教祥瑞,11,3,除暴侠义 + 恩怨报偿 + 宗教祥瑞,1,宗教祥瑞
combo-8f94e1b3,除暴侠义,6,1,除暴侠义 + 战争武略 + 善恶转化,1,战争武略
combo-8f94e1b3,战争武略,7,2,除暴侠义 + 战争武略 + 善恶转化,1,战争武略
combo-8f94e1b3,善恶转化,9,3,除暴侠义 + 战争武略 + 善恶转化,1,战争武略
combo-d9b25c49,公案冤狱,5,1,公案冤狱 + 战争武略 + 善恶转化 + 宗教祥瑞,1,善恶转化
combo-d9b25c49,战争武略,7,2,公案冤狱 + 战争武略 + 善恶转化 + 宗教祥瑞,1,善恶转化
combo-d9b25c49,善恶转化,9,3,公案冤狱 + 战争武略 + 善恶转化 + 宗教祥瑞,1,善恶转化
combo-d9b25c49,宗教祥瑞,11,4,公案冤狱 + 战争武略 + 善恶转化 + 宗教祥瑞,1,善恶转化
combo-cd5115ba,公案冤狱,5,1,公案冤狱 + 除暴侠义 + 宗教祥瑞 + 文人世情,1,公案冤狱
combo-cd5115ba,除暴侠义,6,2,公案冤狱 + 除暴侠义 + 宗教祥瑞 + 文人世情,1,公案冤狱
combo-cd5115ba,宗教祥瑞,11,3,公案冤狱 + 除暴侠义 + 宗教祥瑞 + 文人世情,1,公案冤狱
combo-cd5115ba,文人世情,12,4,公案冤狱 + 除暴侠义 + 宗教祥瑞 + 文人世情,1,公案冤狱
combo-171685e1,婚恋姻缘,3,1,婚恋姻缘 + 公案冤狱 + 恩怨报偿 + 礼教品格,1,礼教品格
combo-171685e1,公案冤狱,5,2,婚恋姻缘 + 公案冤狱 + 恩怨报偿 + 礼教品格,1,礼教品格
combo-171685e1,恩怨报偿,8,3,婚恋姻缘 + 公案冤狱 + 恩怨报偿 + 礼教品格,1,礼教品格
combo-171685e1,礼教品格,10,4,婚恋姻缘 + 公案冤狱 + 恩怨报偿 + 礼教品格,1,礼教品格
combo-e5210acc,婚恋姻缘,3,1,婚恋姻缘 + 公案冤狱 + 战争武略 + 礼教品格,1,婚恋姻缘
combo-e5210acc,公案冤狱,5,2,婚恋姻缘 + 公案冤狱 + 战争武略 + 礼教品格,1,婚恋姻缘
combo-e5210acc,战争武略,7,3,婚恋姻缘 + 公案冤狱 + 战争武略 + 礼教品格,1,婚恋姻缘
combo-e5210acc,礼教品格,10,4,婚恋姻缘 + 公案冤狱 + 战争武略 + 礼教品格,1,婚恋姻缘
combo-fd6dda1a,婚恋姻缘,3,1,婚恋姻缘 + 公案冤狱 + 除暴侠义 + 宗教祥瑞,1,公案冤狱
combo-fd6dda1a,公案冤狱,5,2,婚恋姻缘 + 公案冤狱 + 除暴侠义 + 宗教祥瑞,1,公案冤狱
combo-fd6dda1a,除暴侠义,6,3,婚恋姻缘 + 公案冤狱 + 除暴侠义 + 宗教祥瑞,1,公案冤狱
combo-fd6dda1a,宗教祥瑞,11,4,婚恋姻缘 + 公案冤狱 + 除暴侠义 + 宗教祥瑞,1,公案冤狱
combo-7ed1b62c,婚恋姻缘,3,1,婚恋姻缘 + 公案冤狱 + 除暴侠义 + 恩怨报偿,1,恩怨报偿
combo-7ed1b62c,公案冤狱,5,2,婚恋姻缘 + 公案冤狱 + 除暴侠义 + 恩怨报偿,1,恩怨报偿
combo-7ed1b62c,除暴侠义,6,3,婚恋姻缘 + 公案冤狱 + 除暴侠义 + 恩怨报偿,1,恩怨报偿
combo-7ed1b62c,恩怨报偿,8,4,婚恋姻缘 + 公案冤狱 + 除暴侠义 + 恩怨报偿,1,恩怨报偿
combo-743f7f5d,婚恋姻缘,3,1,婚恋姻缘 + 家庭亲情 + 公案冤狱 + 文人世情,1,公案冤狱
combo-743f7f5d,家庭亲情,4,2,婚恋姻缘 + 家庭亲情 + 公案冤狱 + 文人世情,1,公案冤狱
combo-743f7f5d,公案冤狱,5,3,婚恋姻缘 + 家庭亲情 + 公案冤狱 + 文人世情,1,公案冤狱
combo-743f7f5d,文人世情,12,4,婚恋姻缘 + 家庭亲情 + 公案冤狱 + 文人世情,1,公案冤狱
combo-95bf9c17,婚恋姻缘,3,1,婚恋姻缘 + 家庭亲情 + 善恶转化 + 文人世情,1,婚恋姻缘
combo-95bf9c17,家庭亲情,4,2,婚恋姻缘 + 家庭亲情 + 善恶转化 + 文人世情,1,婚恋姻缘
combo-95bf9c17,善恶转化,9,3,婚恋姻缘 + 家庭亲情 + 善恶转化 + 文人世情,1,婚恋姻缘
combo-95bf9c17,文人世情,12,4,婚恋姻缘 + 家庭亲情 + 善恶转化 + 文人世情,1,婚恋姻缘
combo-324209bc,婚恋姻缘,3,1,婚恋姻缘 + 家庭亲情 + 恩怨报偿 + 宗教祥瑞,1,家庭亲情
combo-324209bc,家庭亲情,4,2,婚恋姻缘 + 家庭亲情 + 恩怨报偿 + 宗教祥瑞,1,家庭亲情
combo-324209bc,恩怨报偿,8,3,婚恋姻缘 + 家庭亲情 + 恩怨报偿 + 宗教祥瑞,1,家庭亲情
combo-324209bc,宗教祥瑞,11,4,婚恋姻缘 + 家庭亲情 + 恩怨报偿 + 宗教祥瑞,1,家庭亲情
combo-398bc76d,婚恋姻缘,3,1,婚恋姻缘 + 家庭亲情 + 恩怨报偿 + 文人世情,1,文人世情
combo-398bc76d,家庭亲情,4,2,婚恋姻缘 + 家庭亲情 + 恩怨报偿 + 文人世情,1,文人世情
combo-398bc76d,恩怨报偿,8,3,婚恋姻缘 + 家庭亲情 + 恩怨报偿 + 文人世情,1,文人世情
combo-398bc76d,文人世情,12,4,婚恋姻缘 + 家庭亲情 + 恩怨报偿 + 文人世情,1,文人世情
combo-20903ba3,婚恋姻缘,3,1,婚恋姻缘 + 家庭亲情 + 战争武略 + 宗教祥瑞,1,家庭亲情
combo-20903ba3,家庭亲情,4,2,婚恋姻缘 + 家庭亲情 + 战争武略 + 宗教祥瑞,1,家庭亲情
combo-20903ba3,战争武略,7,3,婚恋姻缘 + 家庭亲情 + 战争武略 + 宗教祥瑞,1,家庭亲情
combo-20903ba3,宗教祥瑞,11,4,婚恋姻缘 + 家庭亲情 + 战争武略 + 宗教祥瑞,1,家庭亲情
combo-372098b8,婚恋姻缘,3,1,婚恋姻缘 + 家庭亲情 + 战争武略 + 文人世情,1,文人世情
combo-372098b8,家庭亲情,4,2,婚恋姻缘 + 家庭亲情 + 战争武略 + 文人世情,1,文人世情
combo-372098b8,战争武略,7,3,婚恋姻缘 + 家庭亲情 + 战争武略 + 文人世情,1,文人世情
combo-372098b8,文人世情,12,4,婚恋姻缘 + 家庭亲情 + 战争武略 + 文人世情,1,文人世情
combo-6492daf1,婚恋姻缘,3,1,婚恋姻缘 + 家庭亲情 + 礼教品格 + 宗教祥瑞,1,家庭亲情
combo-6492daf1,家庭亲情,4,2,婚恋姻缘 + 家庭亲情 + 礼教品格 + 宗教祥瑞,1,家庭亲情
combo-6492daf1,礼教品格,10,3,婚恋姻缘 + 家庭亲情 + 礼教品格 + 宗教祥瑞,1,家庭亲情
combo-6492daf1,宗教祥瑞,11,4,婚恋姻缘 + 家庭亲情 + 礼教品格 + 宗教祥瑞,1,家庭亲情
combo-dc6e2457,婚恋姻缘,3,1,婚恋姻缘 + 家庭亲情 + 除暴侠义 + 善恶转化,1,家庭亲情
combo-dc6e2457,家庭亲情,4,2,婚恋姻缘 + 家庭亲情 + 除暴侠义 + 善恶转化,1,家庭亲情
combo-dc6e2457,除暴侠义,6,3,婚恋姻缘 + 家庭亲情 + 除暴侠义 + 善恶转化,1,家庭亲情
combo-dc6e2457,善恶转化,9,4,婚恋姻缘 + 家庭亲情 + 除暴侠义 + 善恶转化,1,家庭亲情
combo-c498b0e4,家庭亲情,4,1,家庭亲情 + 公案冤狱 + 善恶转化 + 文人世情,1,善恶转化
combo-c498b0e4,公案冤狱,5,2,家庭亲情 + 公案冤狱 + 善恶转化 + 文人世情,1,善恶转化
combo-c498b0e4,善恶转化,9,3,家庭亲情 + 公案冤狱 + 善恶转化 + 文人世情,1,善恶转化
combo-c498b0e4,文人世情,12,4,家庭亲情 + 公案冤狱 + 善恶转化 + 文人世情,1,善恶转化
combo-dabcc6ac,家庭亲情,4,1,家庭亲情 + 公案冤狱 + 宗教祥瑞 + 文人世情,1,文人世情
combo-dabcc6ac,公案冤狱,5,2,家庭亲情 + 公案冤狱 + 宗教祥瑞 + 文人世情,1,文人世情
combo-dabcc6ac,宗教祥瑞,11,3,家庭亲情 + 公案冤狱 + 宗教祥瑞 + 文人世情,1,文人世情
combo-dabcc6ac,文人世情,12,4,家庭亲情 + 公案冤狱 + 宗教祥瑞 + 文人世情,1,文人世情
combo-ea32715b,家庭亲情,4,1,家庭亲情 + 公案冤狱 + 恩怨报偿 + 善恶转化,1,家庭亲情
combo-ea32715b,公案冤狱,5,2,家庭亲情 + 公案冤狱 + 恩怨报偿 + 善恶转化,1,家庭亲情
combo-ea32715b,恩怨报偿,8,3,家庭亲情 + 公案冤狱 + 恩怨报偿 + 善恶转化,1,家庭亲情
combo-ea32715b,善恶转化,9,4,家庭亲情 + 公案冤狱 + 恩怨报偿 + 善恶转化,1,家庭亲情
combo-182e7a62,家庭亲情,4,1,家庭亲情 + 公案冤狱 + 战争武略 + 宗教祥瑞,1,家庭亲情
combo-182e7a62,公案冤狱,5,2,家庭亲情 + 公案冤狱 + 战争武略 + 宗教祥瑞,1,家庭亲情
combo-182e7a62,战争武略,7,3,家庭亲情 + 公案冤狱 + 战争武略 + 宗教祥瑞,1,家庭亲情
combo-182e7a62,宗教祥瑞,11,4,家庭亲情 + 公案冤狱 + 战争武略 + 宗教祥瑞,1,家庭亲情
combo-05eba58c,家庭亲情,4,1,家庭亲情 + 公案冤狱 + 礼教品格 + 文人世情,1,公案冤狱
combo-05eba58c,公案冤狱,5,2,家庭亲情 + 公案冤狱 + 礼教品格 + 文人世情,1,公案冤狱
combo-05eba58c,礼教品格,10,3,家庭亲情 + 公案冤狱 + 礼教品格 + 文人世情,1,公案冤狱
combo-05eba58c,文人世情,12,4,家庭亲情 + 公案冤狱 + 礼教品格 + 文人世情,1,公案冤狱
combo-9fe088e8,家庭亲情,4,1,家庭亲情 + 公案冤狱 + 除暴侠义 + 战争武略,1,公案冤狱
combo-9fe088e8,公案冤狱,5,2,家庭亲情 + 公案冤狱 + 除暴侠义 + 战争武略,1,公案冤狱
combo-9fe088e8,除暴侠义,6,3,家庭亲情 + 公案冤狱 + 除暴侠义 + 战争武略,1,公案冤狱
combo-9fe088e8,战争武略,7,4,家庭亲情 + 公案冤狱 + 除暴侠义 + 战争武略,1,公案冤狱
combo-b29a5cad,家庭亲情,4,1,家庭亲情 + 善恶转化 + 礼教品格 + 文人世情,1,家庭亲情
combo-b29a5cad,善恶转化,9,2,家庭亲情 + 善恶转化 + 礼教品格 + 文人世情,1,家庭亲情
combo-b29a5cad,礼教品格,10,3,家庭亲情 + 善恶转化 + 礼教品格 + 文人世情,1,家庭亲情
combo-b29a5cad,文人世情,12,4,家庭亲情 + 善恶转化 + 礼教品格 + 文人世情,1,家庭亲情
combo-c281cc40,家庭亲情,4,1,家庭亲情 + 恩怨报偿 + 礼教品格 + 宗教祥瑞,1,宗教祥瑞
combo-c281cc40,恩怨报偿,8,2,家庭亲情 + 恩怨报偿 + 礼教品格 + 宗教祥瑞,1,宗教祥瑞
combo-c281cc40,礼教品格,10,3,家庭亲情 + 恩怨报偿 + 礼教品格 + 宗教祥瑞,1,宗教祥瑞
combo-c281cc40,宗教祥瑞,11,4,家庭亲情 + 恩怨报偿 + 礼教品格 + 宗教祥瑞,1,宗教祥瑞
combo-3c6c8d17,家庭亲情,4,1,家庭亲情 + 战争武略 + 善恶转化 + 文人世情,1,战争武略
combo-3c6c8d17,战争武略,7,2,家庭亲情 + 战争武略 + 善恶转化 + 文人世情,1,战争武略
combo-3c6c8d17,善恶转化,9,3,家庭亲情 + 战争武略 + 善恶转化 + 文人世情,1,战争武略
combo-3c6c8d17,文人世情,12,4,家庭亲情 + 战争武略 + 善恶转化 + 文人世情,1,战争武略
combo-b065e05d,家庭亲情,4,1,家庭亲情 + 战争武略 + 恩怨报偿 + 文人世情,1,恩怨报偿
combo-b065e05d,战争武略,7,2,家庭亲情 + 战争武略 + 恩怨报偿 + 文人世情,1,恩怨报偿
combo-b065e05d,恩怨报偿,8,3,家庭亲情 + 战争武略 + 恩怨报偿 + 文人世情,1,恩怨报偿
combo-b065e05d,文人世情,12,4,家庭亲情 + 战争武略 + 恩怨报偿 + 文人世情,1,恩怨报偿
combo-b00037ce,家庭亲情,4,1,家庭亲情 + 除暴侠义 + 恩怨报偿 + 善恶转化,1,善恶转化
combo-b00037ce,除暴侠义,6,2,家庭亲情 + 除暴侠义 + 恩怨报偿 + 善恶转化,1,善恶转化
combo-b00037ce,恩怨报偿,8,3,家庭亲情 + 除暴侠义 + 恩怨报偿 + 善恶转化,1,善恶转化
combo-b00037ce,善恶转化,9,4,家庭亲情 + 除暴侠义 + 恩怨报偿 + 善恶转化,1,善恶转化
combo-9139acff,家庭亲情,4,1,家庭亲情 + 除暴侠义 + 恩怨报偿 + 文人世情,1,家庭亲情
combo-9139acff,除暴侠义,6,2,家庭亲情 + 除暴侠义 + 恩怨报偿 + 文人世情,1,家庭亲情
combo-9139acff,恩怨报偿,8,3,家庭亲情 + 除暴侠义 + 恩怨报偿 + 文人世情,1,家庭亲情
combo-9139acff,文人世情,12,4,家庭亲情 + 除暴侠义 + 恩怨报偿 + 文人世情,1,家庭亲情
combo-1b5221d0,忠义家国,1,1,忠义家国 + 婚恋姻缘 + 家庭亲情 + 战争武略,1,忠义家国
combo-1b5221d0,婚恋姻缘,3,2,忠义家国 + 婚恋姻缘 + 家庭亲情 + 战争武略,1,忠义家国
combo-1b5221d0,家庭亲情,4,3,忠义家国 + 婚恋姻缘 + 家庭亲情 + 战争武略,1,忠义家国
combo-1b5221d0,战争武略,7,4,忠义家国 + 婚恋姻缘 + 家庭亲情 + 战争武略,1,忠义家国
combo-c03d00d5,忠义家国,1,1,忠义家国 + 婚恋姻缘 + 战争武略 + 礼教品格,1,忠义家国
combo-c03d00d5,婚恋姻缘,3,2,忠义家国 + 婚恋姻缘 + 战争武略 + 礼教品格,1,忠义家国
combo-c03d00d5,战争武略,7,3,忠义家国 + 婚恋姻缘 + 战争武略 + 礼教品格,1,忠义家国
combo-c03d00d5,礼教品格,10,4,忠义家国 + 婚恋姻缘 + 战争武略 + 礼教品格,1,忠义家国
combo-35e111b9,忠义家国,1,1,忠义家国 + 家庭亲情 + 宗教祥瑞 + 文人世情,1,家庭亲情
combo-35e111b9,家庭亲情,4,2,忠义家国 + 家庭亲情 + 宗教祥瑞 + 文人世情,1,家庭亲情
combo-35e111b9,宗教祥瑞,11,3,忠义家国 + 家庭亲情 + 宗教祥瑞 + 文人世情,1,家庭亲情
combo-35e111b9,文人世情,12,4,忠义家国 + 家庭亲情 + 宗教祥瑞 + 文人世情,1,家庭亲情
combo-05c38315,忠义家国,1,1,忠义家国 + 家庭亲情 + 战争武略 + 恩怨报偿,1,战争武略
combo-05c38315,家庭亲情,4,2,忠义家国 + 家庭亲情 + 战争武略 + 恩怨报偿,1,战争武略
combo-05c38315,战争武略,7,3,忠义家国 + 家庭亲情 + 战争武略 + 恩怨报偿,1,战争武略
combo-05c38315,恩怨报偿,8,4,忠义家国 + 家庭亲情 + 战争武略 + 恩怨报偿,1,战争武略
combo-f653081f,忠义家国,1,1,忠义家国 + 恩怨报偿 + 善恶转化 + 礼教品格,1,恩怨报偿
combo-f653081f,恩怨报偿,8,2,忠义家国 + 恩怨报偿 + 善恶转化 + 礼教品格,1,恩怨报偿
combo-f653081f,善恶转化,9,3,忠义家国 + 恩怨报偿 + 善恶转化 + 礼教品格,1,恩怨报偿
combo-f653081f,礼教品格,10,4,忠义家国 + 恩怨报偿 + 善恶转化 + 礼教品格,1,恩怨报偿
combo-49a774c2,忠义家国,1,1,忠义家国 + 政治权力 + 公案冤狱 + 战争武略,1,忠义家国
combo-49a774c2,政治权力,2,2,忠义家国 + 政治权力 + 公案冤狱 + 战争武略,1,忠义家国
combo-49a774c2,公案冤狱,5,3,忠义家国 + 政治权力 + 公案冤狱 + 战争武略,1,忠义家国
combo-49a774c2,战争武略,7,4,忠义家国 + 政治权力 + 公案冤狱 + 战争武略,1,忠义家国
combo-ff35aba0,忠义家国,1,1,忠义家国 + 政治权力 + 公案冤狱 + 文人世情,1,忠义家国
combo-ff35aba0,政治权力,2,2,忠义家国 + 政治权力 + 公案冤狱 + 文人世情,1,忠义家国
combo-ff35aba0,公案冤狱,5,3,忠义家国 + 政治权力 + 公案冤狱 + 文人世情,1,忠义家国
combo-ff35aba0,文人世情,12,4,忠义家国 + 政治权力 + 公案冤狱 + 文人世情,1,忠义家国
combo-0c1a5304,忠义家国,1,1,忠义家国 + 政治权力 + 婚恋姻缘 + 家庭亲情,1,忠义家国
combo-0c1a5304,政治权力,2,2,忠义家国 + 政治权力 + 婚恋姻缘 + 家庭亲情,1,忠义家国
combo-0c1a5304,婚恋姻缘,3,3,忠义家国 + 政治权力 + 婚恋姻缘 + 家庭亲情,1,忠义家国
combo-0c1a5304,家庭亲情,4,4,忠义家国 + 政治权力 + 婚恋姻缘 + 家庭亲情,1,忠义家国
combo-d5791387,忠义家国,1,1,忠义家国 + 政治权力 + 婚恋姻缘 + 礼教品格,1,政治权力
combo-d5791387,政治权力,2,2,忠义家国 + 政治权力 + 婚恋姻缘 + 礼教品格,1,政治权力
combo-d5791387,婚恋姻缘,3,3,忠义家国 + 政治权力 + 婚恋姻缘 + 礼教品格,1,政治权力
combo-d5791387,礼教品格,10,4,忠义家国 + 政治权力 + 婚恋姻缘 + 礼教品格,1,政治权力
combo-b4f73c09,忠义家国,1,1,忠义家国 + 政治权力 + 家庭亲情 + 公案冤狱,1,忠义家国
combo-b4f73c09,政治权力,2,2,忠义家国 + 政治权力 + 家庭亲情 + 公案冤狱,1,忠义家国
combo-b4f73c09,家庭亲情,4,3,忠义家国 + 政治权力 + 家庭亲情 + 公案冤狱,1,忠义家国
combo-b4f73c09,公案冤狱,5,4,忠义家国 + 政治权力 + 家庭亲情 + 公案冤狱,1,忠义家国
combo-501bd5f4,忠义家国,1,1,忠义家国 + 政治权力 + 战争武略 + 善恶转化,1,善恶转化
combo-501bd5f4,政治权力,2,2,忠义家国 + 政治权力 + 战争武略 + 善恶转化,1,善恶转化
combo-501bd5f4,战争武略,7,3,忠义家国 + 政治权力 + 战争武略 + 善恶转化,1,善恶转化
combo-501bd5f4,善恶转化,9,4,忠义家国 + 政治权力 + 战争武略 + 善恶转化,1,善恶转化
combo-761a8304,忠义家国,1,1,忠义家国 + 政治权力 + 战争武略 + 文人世情,1,政治权力
combo-761a8304,政治权力,2,2,忠义家国 + 政治权力 + 战争武略 + 文人世情,1,政治权力
combo-761a8304,战争武略,7,3,忠义家国 + 政治权力 + 战争武略 + 文人世情,1,政治权力
combo-761a8304,文人世情,12,4,忠义家国 + 政治权力 + 战争武略 + 文人世情,1,政治权力
combo-4ac1ebd0,忠义家国,1,1,忠义家国 + 政治权力 + 战争武略 + 礼教品格,1,忠义家国
combo-4ac1ebd0,政治权力,2,2,忠义家国 + 政治权力 + 战争武略 + 礼教品格,1,忠义家国
combo-4ac1ebd0,战争武略,7,3,忠义家国 + 政治权力 + 战争武略 + 礼教品格,1,忠义家国
combo-4ac1ebd0,礼教品格,10,4,忠义家国 + 政治权力 + 战争武略 + 礼教品格,1,忠义家国
combo-63a0fecf,忠义家国,1,1,忠义家国 + 政治权力 + 除暴侠义 + 文人世情,1,除暴侠义
combo-63a0fecf,政治权力,2,2,忠义家国 + 政治权力 + 除暴侠义 + 文人世情,1,除暴侠义
combo-63a0fecf,除暴侠义,6,3,忠义家国 + 政治权力 + 除暴侠义 + 文人世情,1,除暴侠义
combo-63a0fecf,文人世情,12,4,忠义家国 + 政治权力 + 除暴侠义 + 文人世情,1,除暴侠义
combo-f83be50a,忠义家国,1,1,忠义家国 + 除暴侠义 + 战争武略 + 恩怨报偿,1,除暴侠义
combo-f83be50a,除暴侠义,6,2,忠义家国 + 除暴侠义 + 战争武略 + 恩怨报偿,1,除暴侠义
combo-f83be50a,战争武略,7,3,忠义家国 + 除暴侠义 + 战争武略 + 恩怨报偿,1,除暴侠义
combo-f83be50a,恩怨报偿,8,4,忠义家国 + 除暴侠义 + 战争武略 + 恩怨报偿,1,除暴侠义
combo-4fa19c7f,战争武略,7,1,战争武略 + 恩怨报偿 + 礼教品格 + 文人世情,1,礼教品格
combo-4fa19c7f,恩怨报偿,8,2,战争武略 + 恩怨报偿 + 礼教品格 + 文人世情,1,礼教品格
combo-4fa19c7f,礼教品格,10,3,战争武略 + 恩怨报偿 + 礼教品格 + 文人世情,1,礼教品格
combo-4fa19c7f,文人世情,12,4,战争武略 + 恩怨报偿 + 礼教品格 + 文人世情,1,礼教品格
combo-af8515a3,政治权力,2,1,政治权力 + 公案冤狱 + 战争武略 + 善恶转化,1,政治权力
combo-af8515a3,公案冤狱,5,2,政治权力 + 公案冤狱 + 战争武略 + 善恶转化,1,政治权力
combo-af8515a3,战争武略,7,3,政治权力 + 公案冤狱 + 战争武略 + 善恶转化,1,政治权力
combo-af8515a3,善恶转化,9,4,政治权力 + 公案冤狱 + 战争武略 + 善恶转化,1,政治权力
combo-82c9a138,政治权力,2,1,政治权力 + 公案冤狱 + 战争武略 + 文人世情,1,政治权力
combo-82c9a138,公案冤狱,5,2,政治权力 + 公案冤狱 + 战争武略 + 文人世情,1,政治权力
combo-82c9a138,战争武略,7,3,政治权力 + 公案冤狱 + 战争武略 + 文人世情,1,政治权力
combo-82c9a138,文人世情,12,4,政治权力 + 公案冤狱 + 战争武略 + 文人世情,1,政治权力
combo-421fbc18,政治权力,2,1,政治权力 + 婚恋姻缘 + 战争武略 + 恩怨报偿,1,恩怨报偿
combo-421fbc18,婚恋姻缘,3,2,政治权力 + 婚恋姻缘 + 战争武略 + 恩怨报偿,1,恩怨报偿
combo-421fbc18,战争武略,7,3,政治权力 + 婚恋姻缘 + 战争武略 + 恩怨报偿,1,恩怨报偿
combo-421fbc18,恩怨报偿,8,4,政治权力 + 婚恋姻缘 + 战争武略 + 恩怨报偿,1,恩怨报偿
combo-e88083df,政治权力,2,1,政治权力 + 婚恋姻缘 + 战争武略 + 礼教品格,1,婚恋姻缘
combo-e88083df,婚恋姻缘,3,2,政治权力 + 婚恋姻缘 + 战争武略 + 礼教品格,1,婚恋姻缘
combo-e88083df,战争武略,7,3,政治权力 + 婚恋姻缘 + 战争武略 + 礼教品格,1,婚恋姻缘
combo-e88083df,礼教品格,10,4,政治权力 + 婚恋姻缘 + 战争武略 + 礼教品格,1,婚恋姻缘
combo-528003ee,政治权力,2,1,政治权力 + 家庭亲情 + 公案冤狱 + 善恶转化,1,公案冤狱
combo-528003ee,家庭亲情,4,2,政治权力 + 家庭亲情 + 公案冤狱 + 善恶转化,1,公案冤狱
combo-528003ee,公案冤狱,5,3,政治权力 + 家庭亲情 + 公案冤狱 + 善恶转化,1,公案冤狱
combo-528003ee,善恶转化,9,4,政治权力 + 家庭亲情 + 公案冤狱 + 善恶转化,1,公案冤狱
combo-d9ed845e,政治权力,2,1,政治权力 + 家庭亲情 + 公案冤狱 + 除暴侠义,1,除暴侠义
combo-d9ed845e,家庭亲情,4,2,政治权力 + 家庭亲情 + 公案冤狱 + 除暴侠义,1,除暴侠义
combo-d9ed845e,公案冤狱,5,3,政治权力 + 家庭亲情 + 公案冤狱 + 除暴侠义,1,除暴侠义
combo-d9ed845e,除暴侠义,6,4,政治权力 + 家庭亲情 + 公案冤狱 + 除暴侠义,1,除暴侠义
combo-8e7c3200,政治权力,2,1,政治权力 + 家庭亲情 + 善恶转化 + 文人世情,1,政治权力
combo-8e7c3200,家庭亲情,4,2,政治权力 + 家庭亲情 + 善恶转化 + 文人世情,1,政治权力
combo-8e7c3200,善恶转化,9,3,政治权力 + 家庭亲情 + 善恶转化 + 文人世情,1,政治权力
combo-8e7c3200,文人世情,12,4,政治权力 + 家庭亲情 + 善恶转化 + 文人世情,1,政治权力
combo-6c63857b,政治权力,2,1,政治权力 + 家庭亲情 + 宗教祥瑞 + 文人世情,1,家庭亲情
combo-6c63857b,家庭亲情,4,2,政治权力 + 家庭亲情 + 宗教祥瑞 + 文人世情,1,家庭亲情
combo-6c63857b,宗教祥瑞,11,3,政治权力 + 家庭亲情 + 宗教祥瑞 + 文人世情,1,家庭亲情
combo-6c63857b,文人世情,12,4,政治权力 + 家庭亲情 + 宗教祥瑞 + 文人世情,1,家庭亲情
combo-85369357,政治权力,2,1,政治权力 + 家庭亲情 + 恩怨报偿 + 善恶转化,1,善恶转化
combo-85369357,家庭亲情,4,2,政治权力 + 家庭亲情 + 恩怨报偿 + 善恶转化,1,善恶转化
combo-85369357,恩怨报偿,8,3,政治权力 + 家庭亲情 + 恩怨报偿 + 善恶转化,1,善恶转化
combo-85369357,善恶转化,9,4,政治权力 + 家庭亲情 + 恩怨报偿 + 善恶转化,1,善恶转化
combo-c1a7c6cc,政治权力,2,1,政治权力 + 家庭亲情 + 战争武略 + 宗教祥瑞,1,宗教祥瑞
combo-c1a7c6cc,家庭亲情,4,2,政治权力 + 家庭亲情 + 战争武略 + 宗教祥瑞,1,宗教祥瑞
combo-c1a7c6cc,战争武略,7,3,政治权力 + 家庭亲情 + 战争武略 + 宗教祥瑞,1,宗教祥瑞
combo-c1a7c6cc,宗教祥瑞,11,4,政治权力 + 家庭亲情 + 战争武略 + 宗教祥瑞,1,宗教祥瑞
combo-e59747cd,政治权力,2,1,政治权力 + 恩怨报偿 + 善恶转化 + 文人世情,1,善恶转化
combo-e59747cd,恩怨报偿,8,2,政治权力 + 恩怨报偿 + 善恶转化 + 文人世情,1,善恶转化
combo-e59747cd,善恶转化,9,3,政治权力 + 恩怨报偿 + 善恶转化 + 文人世情,1,善恶转化
combo-e59747cd,文人世情,12,4,政治权力 + 恩怨报偿 + 善恶转化 + 文人世情,1,善恶转化
combo-bfc081de,政治权力,2,1,政治权力 + 恩怨报偿 + 礼教品格 + 宗教祥瑞,1,礼教品格
combo-bfc081de,恩怨报偿,8,2,政治权力 + 恩怨报偿 + 礼教品格 + 宗教祥瑞,1,礼教品格
combo-bfc081de,礼教品格,10,3,政治权力 + 恩怨报偿 + 礼教品格 + 宗教祥瑞,1,礼教品格
combo-bfc081de,宗教祥瑞,11,4,政治权力 + 恩怨报偿 + 礼教品格 + 宗教祥瑞,1,礼教品格
combo-aff1a493,政治权力,2,1,政治权力 + 战争武略 + 恩怨报偿 + 礼教品格,1,恩怨报偿
combo-aff1a493,战争武略,7,2,政治权力 + 战争武略 + 恩怨报偿 + 礼教品格,1,恩怨报偿
combo-aff1a493,恩怨报偿,8,3,政治权力 + 战争武略 + 恩怨报偿 + 礼教品格,1,恩怨报偿
combo-aff1a493,礼教品格,10,4,政治权力 + 战争武略 + 恩怨报偿 + 礼教品格,1,恩怨报偿
combo-c59356a8,政治权力,2,1,政治权力 + 除暴侠义 + 战争武略 + 文人世情,1,战争武略
combo-c59356a8,除暴侠义,6,2,政治权力 + 除暴侠义 + 战争武略 + 文人世情,1,战争武略
combo-c59356a8,战争武略,7,3,政治权力 + 除暴侠义 + 战争武略 + 文人世情,1,战争武略
combo-c59356a8,文人世情,12,4,政治权力 + 除暴侠义 + 战争武略 + 文人世情,1,战争武略
