数据范围,主题组合ID,矩阵行排序,主题,主题序号,组合内顺序,剧本数量,主题组合显示,主要核心主题,主要核心关系
全量,T0207,1,政治权力,2,1,153,政治权力 + 战争武略,战争武略,权力关系
全量,T0207,1,战争武略,7,2,153,政治权力 + 战争武略,战争武略,权力关系
全量,T0407,2,家庭亲情,4,1,73,家庭亲情 + 战争武略,战争武略,亲属关系
全量,T0407,2,战争武略,7,2,73,家庭亲情 + 战争武略,战争武略,亲属关系
全量,T0304,3,婚恋姻缘,3,1,56,婚恋姻缘 + 家庭亲情,婚恋姻缘,婚恋关系
全量,T0304,3,家庭亲情,4,2,56,婚恋姻缘 + 家庭亲情,婚恋姻缘,婚恋关系
全量,T0107,4,忠义家国,1,1,47,忠义家国 + 战争武略,战争武略,冲突关系
全量,T0107,4,战争武略,7,2,47,忠义家国 + 战争武略,战争武略,冲突关系
全量,T0607,5,除暴侠义,6,1,44,除暴侠义 + 战争武略,除暴侠义,冲突关系
全量,T0607,5,战争武略,7,2,44,除暴侠义 + 战争武略,除暴侠义,冲突关系
全量,T020407,6,政治权力,2,1,44,政治权力 + 家庭亲情 + 战争武略,战争武略,权力关系
全量,T020407,6,家庭亲情,4,2,44,政治权力 + 家庭亲情 + 战争武略,战争武略,权力关系
全量,T020407,6,战争武略,7,3,44,政治权力 + 家庭亲情 + 战争武略,战争武略,权力关系
全量,T0708,7,战争武略,7,1,37,战争武略 + 恩怨报偿,战争武略,冲突关系
全量,T0708,7,恩怨报偿,8,2,37,战争武略 + 恩怨报偿,战争武略,冲突关系
全量,T0709,8,战争武略,7,1,37,战争武略 + 善恶转化,战争武略,冲突关系
全量,T0709,8,善恶转化,9,2,37,战争武略 + 善恶转化,战争武略,冲突关系
全量,T030412,9,婚恋姻缘,3,1,33,婚恋姻缘 + 家庭亲情 + 文人世情,家庭亲情,婚恋关系
全量,T030412,9,家庭亲情,4,2,33,婚恋姻缘 + 家庭亲情 + 文人世情,家庭亲情,婚恋关系
全量,T030412,9,文人世情,12,3,33,婚恋姻缘 + 家庭亲情 + 文人世情,家庭亲情,婚恋关系
全量,T030407,10,婚恋姻缘,3,1,33,婚恋姻缘 + 家庭亲情 + 战争武略,婚恋姻缘,婚恋关系
全量,T030407,10,家庭亲情,4,2,33,婚恋姻缘 + 家庭亲情 + 战争武略,婚恋姻缘,婚恋关系
全量,T030407,10,战争武略,7,3,33,婚恋姻缘 + 家庭亲情 + 战争武略,婚恋姻缘,婚恋关系
全量,T0411,11,家庭亲情,4,1,30,家庭亲情 + 宗教祥瑞,宗教祥瑞,亲属关系
全量,T0411,11,宗教祥瑞,11,2,30,家庭亲情 + 宗教祥瑞,宗教祥瑞,亲属关系
全量,T0410,12,家庭亲情,4,1,29,家庭亲情 + 礼教品格,家庭亲情,亲属关系
全量,T0410,12,礼教品格,10,2,29,家庭亲情 + 礼教品格,家庭亲情,亲属关系
全量,T0405,13,家庭亲情,4,1,28,家庭亲情 + 公案冤狱,公案冤狱,审判与恩怨关系
全量,T0405,13,公案冤狱,5,2,28,家庭亲情 + 公案冤狱,公案冤狱,审判与恩怨关系
全量,T0204,14,政治权力,2,1,25,政治权力 + 家庭亲情,政治权力,权力关系
全量,T0204,14,家庭亲情,4,2,25,政治权力 + 家庭亲情,政治权力,权力关系
全量,T0205,15,政治权力,2,1,23,政治权力 + 公案冤狱,公案冤狱,审判与恩怨关系
全量,T0205,15,公案冤狱,5,2,23,政治权力 + 公案冤狱,公案冤狱,审判与恩怨关系
全量,T0312,16,婚恋姻缘,3,1,23,婚恋姻缘 + 文人世情,婚恋姻缘,婚恋关系
全量,T0312,16,文人世情,12,2,23,婚恋姻缘 + 文人世情,婚恋姻缘,婚恋关系
全量,T020304,17,政治权力,2,1,20,政治权力 + 婚恋姻缘 + 家庭亲情,家庭亲情,亲属关系
全量,T020304,17,婚恋姻缘,3,2,20,政治权力 + 婚恋姻缘 + 家庭亲情,家庭亲情,亲属关系
全量,T020304,17,家庭亲情,4,3,20,政治权力 + 婚恋姻缘 + 家庭亲情,家庭亲情,亲属关系
全量,T010207,18,忠义家国,1,1,18,忠义家国 + 政治权力 + 战争武略,战争武略,权力关系
全量,T010207,18,政治权力,2,2,18,忠义家国 + 政治权力 + 战争武略,战争武略,权力关系
全量,T010207,18,战争武略,7,3,18,忠义家国 + 政治权力 + 战争武略,战争武略,权力关系
全量,T0102,19,忠义家国,1,1,17,忠义家国 + 政治权力,政治权力,权力关系
全量,T0102,19,政治权力,2,2,17,忠义家国 + 政治权力,政治权力,权力关系
全量,T0511,20,公案冤狱,5,1,17,公案冤狱 + 宗教祥瑞,宗教祥瑞,审判与恩怨关系
全量,T0511,20,宗教祥瑞,11,2,17,公案冤狱 + 宗教祥瑞,宗教祥瑞,审判与恩怨关系
全量,T020708,21,政治权力,2,1,17,政治权力 + 战争武略 + 恩怨报偿,战争武略,冲突关系
全量,T020708,21,战争武略,7,2,17,政治权力 + 战争武略 + 恩怨报偿,战争武略,冲突关系
全量,T020708,21,恩怨报偿,8,3,17,政治权力 + 战争武略 + 恩怨报偿,战争武略,冲突关系
全量,T030410,22,婚恋姻缘,3,1,16,婚恋姻缘 + 家庭亲情 + 礼教品格,婚恋姻缘,婚恋关系
全量,T030410,22,家庭亲情,4,2,16,婚恋姻缘 + 家庭亲情 + 礼教品格,婚恋姻缘,婚恋关系
全量,T030410,22,礼教品格,10,3,16,婚恋姻缘 + 家庭亲情 + 礼教品格,婚恋姻缘,婚恋关系
全量,T0609,23,除暴侠义,6,1,15,除暴侠义 + 善恶转化,除暴侠义,同盟关系
全量,T0609,23,善恶转化,9,2,15,除暴侠义 + 善恶转化,除暴侠义,同盟关系
全量,T020709,24,政治权力,2,1,14,政治权力 + 战争武略 + 善恶转化,战争武略,权力关系
全量,T020709,24,战争武略,7,2,14,政治权力 + 战争武略 + 善恶转化,战争武略,权力关系
全量,T020709,24,善恶转化,9,3,14,政治权力 + 战争武略 + 善恶转化,战争武略,权力关系
全量,T0210,25,政治权力,2,1,13,政治权力 + 礼教品格,礼教品格,权力关系
全量,T0210,25,礼教品格,10,2,13,政治权力 + 礼教品格,礼教品格,权力关系
全量,T020712,26,政治权力,2,1,13,政治权力 + 战争武略 + 文人世情,战争武略,权力关系
全量,T020712,26,战争武略,7,2,13,政治权力 + 战争武略 + 文人世情,战争武略,权力关系
全量,T020712,26,文人世情,12,3,13,政治权力 + 战争武略 + 文人世情,战争武略,权力关系
全量,T0911,27,善恶转化,9,1,12,善恶转化 + 宗教祥瑞,宗教祥瑞,亲属关系
全量,T0911,27,宗教祥瑞,11,2,12,善恶转化 + 宗教祥瑞,宗教祥瑞,亲属关系
全量,T020607,28,政治权力,2,1,12,政治权力 + 除暴侠义 + 战争武略,战争武略,权力关系
全量,T020607,28,除暴侠义,6,2,12,政治权力 + 除暴侠义 + 战争武略,战争武略,权力关系
全量,T020607,28,战争武略,7,3,12,政治权力 + 除暴侠义 + 战争武略,战争武略,权力关系
全量,T0608,29,除暴侠义,6,1,11,除暴侠义 + 恩怨报偿,除暴侠义,审判与恩怨关系
全量,T0608,29,恩怨报偿,8,2,11,除暴侠义 + 恩怨报偿,除暴侠义,审判与恩怨关系
全量,T0412,30,家庭亲情,4,1,10,家庭亲情 + 文人世情,文人世情,亲属关系
全量,T0412,30,文人世情,12,2,10,家庭亲情 + 文人世情,文人世情,亲属关系
全量,T020710,31,政治权力,2,1,10,政治权力 + 战争武略 + 礼教品格,战争武略,权力关系
全量,T020710,31,战争武略,7,2,10,政治权力 + 战争武略 + 礼教品格,战争武略,权力关系
全量,T020710,31,礼教品格,10,3,10,政治权力 + 战争武略 + 礼教品格,战争武略,权力关系
全量,T040608,32,家庭亲情,4,1,10,家庭亲情 + 除暴侠义 + 恩怨报偿,除暴侠义,亲属关系
全量,T040608,32,除暴侠义,6,2,10,家庭亲情 + 除暴侠义 + 恩怨报偿,除暴侠义,亲属关系
全量,T040608,32,恩怨报偿,8,3,10,家庭亲情 + 除暴侠义 + 恩怨报偿,除暴侠义,亲属关系
全量,T040711,33,家庭亲情,4,1,10,家庭亲情 + 战争武略 + 宗教祥瑞,宗教祥瑞,冲突关系
全量,T040711,33,战争武略,7,2,10,家庭亲情 + 战争武略 + 宗教祥瑞,宗教祥瑞,冲突关系
全量,T040711,33,宗教祥瑞,11,3,10,家庭亲情 + 战争武略 + 宗教祥瑞,宗教祥瑞,冲突关系
全量,T010204,34,忠义家国,1,1,9,忠义家国 + 政治权力 + 家庭亲情,忠义家国,冲突关系
全量,T010204,34,政治权力,2,2,9,忠义家国 + 政治权力 + 家庭亲情,忠义家国,冲突关系
全量,T010204,34,家庭亲情,4,3,9,忠义家国 + 政治权力 + 家庭亲情,忠义家国,冲突关系
全量,T020405,35,政治权力,2,1,9,政治权力 + 家庭亲情 + 公案冤狱,公案冤狱,亲属关系
全量,T020405,35,家庭亲情,4,2,9,政治权力 + 家庭亲情 + 公案冤狱,公案冤狱,亲属关系
全量,T020405,35,公案冤狱,5,3,9,政治权力 + 家庭亲情 + 公案冤狱,公案冤狱,亲属关系
全量,T020408,36,政治权力,2,1,9,政治权力 + 家庭亲情 + 恩怨报偿,政治权力,权力关系
全量,T020408,36,家庭亲情,4,2,9,政治权力 + 家庭亲情 + 恩怨报偿,政治权力,权力关系
全量,T020408,36,恩怨报偿,8,3,9,政治权力 + 家庭亲情 + 恩怨报偿,政治权力,权力关系
全量,T041012,37,家庭亲情,4,1,9,家庭亲情 + 礼教品格 + 文人世情,家庭亲情,亲属关系
全量,T041012,37,礼教品格,10,2,9,家庭亲情 + 礼教品格 + 文人世情,家庭亲情,亲属关系
全量,T041012,37,文人世情,12,3,9,家庭亲情 + 礼教品格 + 文人世情,家庭亲情,亲属关系
全量,T040607,38,家庭亲情,4,1,9,家庭亲情 + 除暴侠义 + 战争武略,战争武略,冲突关系
全量,T040607,38,除暴侠义,6,2,9,家庭亲情 + 除暴侠义 + 战争武略,战争武略,冲突关系
全量,T040607,38,战争武略,7,3,9,家庭亲情 + 除暴侠义 + 战争武略,战争武略,冲突关系
全量,T040710,39,家庭亲情,4,1,9,家庭亲情 + 战争武略 + 礼教品格,战争武略,亲属关系
全量,T040710,39,战争武略,7,2,9,家庭亲情 + 战争武略 + 礼教品格,战争武略,亲属关系
全量,T040710,39,礼教品格,10,3,9,家庭亲情 + 战争武略 + 礼教品格,战争武略,亲属关系
全量,T040708,40,家庭亲情,4,1,9,家庭亲情 + 战争武略 + 恩怨报偿,战争武略,冲突关系
全量,T040708,40,战争武略,7,2,9,家庭亲情 + 战争武略 + 恩怨报偿,战争武略,冲突关系
全量,T040708,40,恩怨报偿,8,3,9,家庭亲情 + 战争武略 + 恩怨报偿,战争武略,冲突关系
全量,T0106,41,忠义家国,1,1,8,忠义家国 + 除暴侠义,除暴侠义,亲属关系
全量,T0106,41,除暴侠义,6,2,8,忠义家国 + 除暴侠义,除暴侠义,亲属关系
全量,T020410,42,政治权力,2,1,8,政治权力 + 家庭亲情 + 礼教品格,政治权力,权力关系
全量,T020410,42,家庭亲情,4,2,8,政治权力 + 家庭亲情 + 礼教品格,政治权力,权力关系
全量,T020410,42,礼教品格,10,3,8,政治权力 + 家庭亲情 + 礼教品格,政治权力,权力关系
全量,T041112,43,家庭亲情,4,1,8,家庭亲情 + 宗教祥瑞 + 文人世情,家庭亲情,亲属关系
全量,T041112,43,宗教祥瑞,11,2,8,家庭亲情 + 宗教祥瑞 + 文人世情,家庭亲情,亲属关系
全量,T041112,43,文人世情,12,3,8,家庭亲情 + 宗教祥瑞 + 文人世情,家庭亲情,亲属关系
全量,T070809,44,战争武略,7,1,8,战争武略 + 恩怨报偿 + 善恶转化,战争武略,冲突关系
全量,T070809,44,恩怨报偿,8,2,8,战争武略 + 恩怨报偿 + 善恶转化,战争武略,冲突关系
全量,T070809,44,善恶转化,9,3,8,战争武略 + 恩怨报偿 + 善恶转化,战争武略,冲突关系
全量,T0212,45,政治权力,2,1,7,政治权力 + 文人世情,文人世情,权力关系
全量,T0212,45,文人世情,12,2,7,政治权力 + 文人世情,文人世情,权力关系
全量,T0408,46,家庭亲情,4,1,7,家庭亲情 + 恩怨报偿,家庭亲情,亲属关系
全量,T0408,46,恩怨报偿,8,2,7,家庭亲情 + 恩怨报偿,家庭亲情,亲属关系
全量,T020411,47,政治权力,2,1,7,政治权力 + 家庭亲情 + 宗教祥瑞,家庭亲情,权力关系
全量,T020411,47,家庭亲情,4,2,7,政治权力 + 家庭亲情 + 宗教祥瑞,家庭亲情,权力关系
全量,T020411,47,宗教祥瑞,11,3,7,政治权力 + 家庭亲情 + 宗教祥瑞,家庭亲情,权力关系
全量,T020506,48,政治权力,2,1,7,政治权力 + 公案冤狱 + 除暴侠义,政治权力,权力关系
全量,T020506,48,公案冤狱,5,2,7,政治权力 + 公案冤狱 + 除暴侠义,政治权力,权力关系
全量,T020506,48,除暴侠义,6,3,7,政治权力 + 公案冤狱 + 除暴侠义,政治权力,权力关系
全量,T020507,49,政治权力,2,1,7,政治权力 + 公案冤狱 + 战争武略,战争武略,权力关系
全量,T020507,49,公案冤狱,5,2,7,政治权力 + 公案冤狱 + 战争武略,战争武略,权力关系
全量,T020507,49,战争武略,7,3,7,政治权力 + 公案冤狱 + 战争武略,战争武略,权力关系
全量,T030405,50,婚恋姻缘,3,1,7,婚恋姻缘 + 家庭亲情 + 公案冤狱,家庭亲情,亲属关系
全量,T030405,50,家庭亲情,4,2,7,婚恋姻缘 + 家庭亲情 + 公案冤狱,家庭亲情,亲属关系
全量,T030405,50,公案冤狱,5,3,7,婚恋姻缘 + 家庭亲情 + 公案冤狱,家庭亲情,亲属关系
全量,T030708,51,婚恋姻缘,3,1,7,婚恋姻缘 + 战争武略 + 恩怨报偿,恩怨报偿,婚恋关系
全量,T030708,51,战争武略,7,2,7,婚恋姻缘 + 战争武略 + 恩怨报偿,恩怨报偿,婚恋关系
全量,T030708,51,恩怨报偿,8,3,7,婚恋姻缘 + 战争武略 + 恩怨报偿,恩怨报偿,婚恋关系
全量,T040709,52,家庭亲情,4,1,7,家庭亲情 + 战争武略 + 善恶转化,家庭亲情,亲属关系
全量,T040709,52,战争武略,7,2,7,家庭亲情 + 战争武略 + 善恶转化,家庭亲情,亲属关系
全量,T040709,52,善恶转化,9,3,7,家庭亲情 + 战争武略 + 善恶转化,家庭亲情,亲属关系
全量,T02040708,53,政治权力,2,1,7,政治权力 + 家庭亲情 + 战争武略 + 恩怨报偿,政治权力,权力关系
全量,T02040708,53,家庭亲情,4,2,7,政治权力 + 家庭亲情 + 战争武略 + 恩怨报偿,政治权力,权力关系
全量,T02040708,53,战争武略,7,3,7,政治权力 + 家庭亲情 + 战争武略 + 恩怨报偿,政治权力,权力关系
全量,T02040708,53,恩怨报偿,8,4,7,政治权力 + 家庭亲情 + 战争武略 + 恩怨报偿,政治权力,权力关系
全量,T1112,54,宗教祥瑞,11,1,6,宗教祥瑞 + 文人世情,宗教祥瑞,亲属关系
全量,T1112,54,文人世情,12,2,6,宗教祥瑞 + 文人世情,宗教祥瑞,亲属关系
全量,T0310,55,婚恋姻缘,3,1,6,婚恋姻缘 + 礼教品格,婚恋姻缘,婚恋关系
全量,T0310,55,礼教品格,10,2,6,婚恋姻缘 + 礼教品格,婚恋姻缘,婚恋关系
全量,T0506,56,公案冤狱,5,1,6,公案冤狱 + 除暴侠义,除暴侠义,审判与恩怨关系
全量,T0506,56,除暴侠义,6,2,6,公案冤狱 + 除暴侠义,除暴侠义,审判与恩怨关系
全量,T010407,57,忠义家国,1,1,6,忠义家国 + 家庭亲情 + 战争武略,家庭亲情,亲属关系
全量,T010407,57,家庭亲情,4,2,6,忠义家国 + 家庭亲情 + 战争武略,家庭亲情,亲属关系
全量,T010407,57,战争武略,7,3,6,忠义家国 + 家庭亲情 + 战争武略,家庭亲情,亲属关系
全量,T020312,58,政治权力,2,1,6,政治权力 + 婚恋姻缘 + 文人世情,文人世情,权力关系
全量,T020312,58,婚恋姻缘,3,2,6,政治权力 + 婚恋姻缘 + 文人世情,文人世情,权力关系
全量,T020312,58,文人世情,12,3,6,政治权力 + 婚恋姻缘 + 文人世情,文人世情,权力关系
全量,T030411,59,婚恋姻缘,3,1,6,婚恋姻缘 + 家庭亲情 + 宗教祥瑞,婚恋姻缘,婚恋关系
全量,T030411,59,家庭亲情,4,2,6,婚恋姻缘 + 家庭亲情 + 宗教祥瑞,婚恋姻缘,婚恋关系
全量,T030411,59,宗教祥瑞,11,3,6,婚恋姻缘 + 家庭亲情 + 宗教祥瑞,婚恋姻缘,婚恋关系
全量,T02030412,60,政治权力,2,1,6,政治权力 + 婚恋姻缘 + 家庭亲情 + 文人世情,文人世情,权力关系
全量,T02030412,60,婚恋姻缘,3,2,6,政治权力 + 婚恋姻缘 + 家庭亲情 + 文人世情,文人世情,权力关系
全量,T02030412,60,家庭亲情,4,3,6,政治权力 + 婚恋姻缘 + 家庭亲情 + 文人世情,文人世情,权力关系
全量,T02030412,60,文人世情,12,4,6,政治权力 + 婚恋姻缘 + 家庭亲情 + 文人世情,文人世情,权力关系
全量,T010212,61,忠义家国,1,1,5,忠义家国 + 政治权力 + 文人世情,政治权力,权力关系
全量,T010212,61,政治权力,2,2,5,忠义家国 + 政治权力 + 文人世情,政治权力,权力关系
全量,T010212,61,文人世情,12,3,5,忠义家国 + 政治权力 + 文人世情,政治权力,权力关系
全量,T021012,62,政治权力,2,1,5,政治权力 + 礼教品格 + 文人世情,文人世情,权力关系
全量,T021012,62,礼教品格,10,2,5,政治权力 + 礼教品格 + 文人世情,文人世情,权力关系
全量,T021012,62,文人世情,12,3,5,政治权力 + 礼教品格 + 文人世情,文人世情,权力关系
全量,T020307,63,政治权力,2,1,5,政治权力 + 婚恋姻缘 + 战争武略,战争武略,婚恋关系
全量,T020307,63,婚恋姻缘,3,2,5,政治权力 + 婚恋姻缘 + 战争武略,战争武略,婚恋关系
全量,T020307,63,战争武略,7,3,5,政治权力 + 婚恋姻缘 + 战争武略,战争武略,婚恋关系
全量,T030406,64,婚恋姻缘,3,1,5,婚恋姻缘 + 家庭亲情 + 除暴侠义,家庭亲情,亲属关系
全量,T030406,64,家庭亲情,4,2,5,婚恋姻缘 + 家庭亲情 + 除暴侠义,家庭亲情,亲属关系
全量,T030406,64,除暴侠义,6,3,5,婚恋姻缘 + 家庭亲情 + 除暴侠义,家庭亲情,亲属关系
全量,T040911,65,家庭亲情,4,1,5,家庭亲情 + 善恶转化 + 宗教祥瑞,宗教祥瑞,亲属关系
全量,T040911,65,善恶转化,9,2,5,家庭亲情 + 善恶转化 + 宗教祥瑞,宗教祥瑞,亲属关系
全量,T040911,65,宗教祥瑞,11,3,5,家庭亲情 + 善恶转化 + 宗教祥瑞,宗教祥瑞,亲属关系
全量,T070811,66,战争武略,7,1,5,战争武略 + 恩怨报偿 + 宗教祥瑞,战争武略,冲突关系
全量,T070811,66,恩怨报偿,8,2,5,战争武略 + 恩怨报偿 + 宗教祥瑞,战争武略,冲突关系
全量,T070811,66,宗教祥瑞,11,3,5,战争武略 + 恩怨报偿 + 宗教祥瑞,战争武略,冲突关系
全量,T070911,67,战争武略,7,1,5,战争武略 + 善恶转化 + 宗教祥瑞,善恶转化,冲突关系
全量,T070911,67,善恶转化,9,2,5,战争武略 + 善恶转化 + 宗教祥瑞,善恶转化,冲突关系
全量,T070911,67,宗教祥瑞,11,3,5,战争武略 + 善恶转化 + 宗教祥瑞,善恶转化,冲突关系
全量,T02030407,68,政治权力,2,1,5,政治权力 + 婚恋姻缘 + 家庭亲情 + 战争武略,婚恋姻缘,婚恋关系
全量,T02030407,68,婚恋姻缘,3,2,5,政治权力 + 婚恋姻缘 + 家庭亲情 + 战争武略,婚恋姻缘,婚恋关系
全量,T02030407,68,家庭亲情,4,3,5,政治权力 + 婚恋姻缘 + 家庭亲情 + 战争武略,婚恋姻缘,婚恋关系
全量,T02030407,68,战争武略,7,4,5,政治权力 + 婚恋姻缘 + 家庭亲情 + 战争武略,婚恋姻缘,婚恋关系
全量,T02040710,69,政治权力,2,1,5,政治权力 + 家庭亲情 + 战争武略 + 礼教品格,家庭亲情,亲属关系
全量,T02040710,69,家庭亲情,4,2,5,政治权力 + 家庭亲情 + 战争武略 + 礼教品格,家庭亲情,亲属关系
全量,T02040710,69,战争武略,7,3,5,政治权力 + 家庭亲情 + 战争武略 + 礼教品格,家庭亲情,亲属关系
全量,T02040710,69,礼教品格,10,4,5,政治权力 + 家庭亲情 + 战争武略 + 礼教品格,家庭亲情,亲属关系
全量,T03040709,70,婚恋姻缘,3,1,5,婚恋姻缘 + 家庭亲情 + 战争武略 + 善恶转化,战争武略,婚恋关系
全量,T03040709,70,家庭亲情,4,2,5,婚恋姻缘 + 家庭亲情 + 战争武略 + 善恶转化,战争武略,婚恋关系
全量,T03040709,70,战争武略,7,3,5,婚恋姻缘 + 家庭亲情 + 战争武略 + 善恶转化,战争武略,婚恋关系
全量,T03040709,70,善恶转化,9,4,5,婚恋姻缘 + 家庭亲情 + 战争武略 + 善恶转化,战争武略,婚恋关系
全量,T0811,71,恩怨报偿,8,1,4,恩怨报偿 + 宗教祥瑞,宗教祥瑞,婚恋关系
全量,T0811,71,宗教祥瑞,11,2,4,恩怨报偿 + 宗教祥瑞,宗教祥瑞,婚恋关系
全量,T010710,72,忠义家国,1,1,4,忠义家国 + 战争武略 + 礼教品格,战争武略,冲突关系
全量,T010710,72,战争武略,7,2,4,忠义家国 + 战争武略 + 礼教品格,战争武略,冲突关系
全量,T010710,72,礼教品格,10,3,4,忠义家国 + 战争武略 + 礼教品格,战争武略,冲突关系
全量,T020711,73,政治权力,2,1,4,政治权力 + 战争武略 + 宗教祥瑞,战争武略,冲突关系
全量,T020711,73,战争武略,7,2,4,政治权力 + 战争武略 + 宗教祥瑞,战争武略,冲突关系
全量,T020711,73,宗教祥瑞,11,3,4,政治权力 + 战争武略 + 宗教祥瑞,战争武略,冲突关系
全量,T040512,74,家庭亲情,4,1,4,家庭亲情 + 公案冤狱 + 文人世情,公案冤狱,审判与恩怨关系
全量,T040512,74,公案冤狱,5,2,4,家庭亲情 + 公案冤狱 + 文人世情,公案冤狱,审判与恩怨关系
全量,T040512,74,文人世情,12,3,4,家庭亲情 + 公案冤狱 + 文人世情,公案冤狱,审判与恩怨关系
全量,T040712,75,家庭亲情,4,1,4,家庭亲情 + 战争武略 + 文人世情,战争武略,亲属关系
全量,T040712,75,战争武略,7,2,4,家庭亲情 + 战争武略 + 文人世情,战争武略,亲属关系
全量,T040712,75,文人世情,12,3,4,家庭亲情 + 战争武略 + 文人世情,战争武略,亲属关系
全量,T040812,76,家庭亲情,4,1,4,家庭亲情 + 恩怨报偿 + 文人世情,恩怨报偿,审判与恩怨关系
全量,T040812,76,恩怨报偿,8,2,4,家庭亲情 + 恩怨报偿 + 文人世情,恩怨报偿,审判与恩怨关系
全量,T040812,76,文人世情,12,3,4,家庭亲情 + 恩怨报偿 + 文人世情,恩怨报偿,审判与恩怨关系
全量,T040809,77,家庭亲情,4,1,4,家庭亲情 + 恩怨报偿 + 善恶转化,善恶转化,冲突关系
全量,T040809,77,恩怨报偿,8,2,4,家庭亲情 + 恩怨报偿 + 善恶转化,善恶转化,冲突关系
全量,T040809,77,善恶转化,9,3,4,家庭亲情 + 恩怨报偿 + 善恶转化,善恶转化,冲突关系
全量,T02040709,78,政治权力,2,1,4,政治权力 + 家庭亲情 + 战争武略 + 善恶转化,战争武略,权力关系
全量,T02040709,78,家庭亲情,4,2,4,政治权力 + 家庭亲情 + 战争武略 + 善恶转化,战争武略,权力关系
全量,T02040709,78,战争武略,7,3,4,政治权力 + 家庭亲情 + 战争武略 + 善恶转化,战争武略,权力关系
全量,T02040709,78,善恶转化,9,4,4,政治权力 + 家庭亲情 + 战争武略 + 善恶转化,战争武略,权力关系
全量,T02070911,79,政治权力,2,1,4,政治权力 + 战争武略 + 善恶转化 + 宗教祥瑞,善恶转化,权力关系
全量,T02070911,79,战争武略,7,2,4,政治权力 + 战争武略 + 善恶转化 + 宗教祥瑞,善恶转化,权力关系
全量,T02070911,79,善恶转化,9,3,4,政治权力 + 战争武略 + 善恶转化 + 宗教祥瑞,善恶转化,权力关系
全量,T02070911,79,宗教祥瑞,11,4,4,政治权力 + 战争武略 + 善恶转化 + 宗教祥瑞,善恶转化,权力关系
全量,T03040607,80,婚恋姻缘,3,1,4,婚恋姻缘 + 家庭亲情 + 除暴侠义 + 战争武略,除暴侠义,婚恋关系
全量,T03040607,80,家庭亲情,4,2,4,婚恋姻缘 + 家庭亲情 + 除暴侠义 + 战争武略,除暴侠义,婚恋关系
全量,T03040607,80,除暴侠义,6,3,4,婚恋姻缘 + 家庭亲情 + 除暴侠义 + 战争武略,除暴侠义,婚恋关系
全量,T03040607,80,战争武略,7,4,4,婚恋姻缘 + 家庭亲情 + 除暴侠义 + 战争武略,除暴侠义,婚恋关系
全量,T03040608,81,婚恋姻缘,3,1,4,婚恋姻缘 + 家庭亲情 + 除暴侠义 + 恩怨报偿,除暴侠义,亲属关系
全量,T03040608,81,家庭亲情,4,2,4,婚恋姻缘 + 家庭亲情 + 除暴侠义 + 恩怨报偿,除暴侠义,亲属关系
全量,T03040608,81,除暴侠义,6,3,4,婚恋姻缘 + 家庭亲情 + 除暴侠义 + 恩怨报偿,除暴侠义,亲属关系
全量,T03040608,81,恩怨报偿,8,4,4,婚恋姻缘 + 家庭亲情 + 除暴侠义 + 恩怨报偿,除暴侠义,亲属关系
全量,T1012,82,礼教品格,10,1,3,礼教品格 + 文人世情,文人世情,亲属关系
全量,T1012,82,文人世情,12,2,3,礼教品格 + 文人世情,文人世情,亲属关系
全量,T0308,83,婚恋姻缘,3,1,3,婚恋姻缘 + 恩怨报偿,婚恋姻缘,婚恋关系
全量,T0308,83,恩怨报偿,8,2,3,婚恋姻缘 + 恩怨报偿,婚恋姻缘,婚恋关系
全量,T0508,84,公案冤狱,5,1,3,公案冤狱 + 恩怨报偿,恩怨报偿,审判与恩怨关系
全量,T0508,84,恩怨报偿,8,2,3,公案冤狱 + 恩怨报偿,恩怨报偿,审判与恩怨关系
全量,T010308,85,忠义家国,1,1,3,忠义家国 + 婚恋姻缘 + 恩怨报偿,婚恋姻缘,婚恋关系
全量,T010308,85,婚恋姻缘,3,2,3,忠义家国 + 婚恋姻缘 + 恩怨报偿,婚恋姻缘,婚恋关系
全量,T010308,85,恩怨报偿,8,3,3,忠义家国 + 婚恋姻缘 + 恩怨报偿,婚恋姻缘,婚恋关系
全量,T010708,86,忠义家国,1,1,3,忠义家国 + 战争武略 + 恩怨报偿,战争武略,冲突关系
全量,T010708,86,战争武略,7,2,3,忠义家国 + 战争武略 + 恩怨报偿,战争武略,冲突关系
全量,T010708,86,恩怨报偿,8,3,3,忠义家国 + 战争武略 + 恩怨报偿,战争武略,冲突关系
全量,T020412,87,政治权力,2,1,3,政治权力 + 家庭亲情 + 文人世情,政治权力,权力关系
全量,T020412,87,家庭亲情,4,2,3,政治权力 + 家庭亲情 + 文人世情,政治权力,权力关系
全量,T020412,87,文人世情,12,3,3,政治权力 + 家庭亲情 + 文人世情,政治权力,权力关系
全量,T020911,88,政治权力,2,1,3,政治权力 + 善恶转化 + 宗教祥瑞,宗教祥瑞,权力关系
全量,T020911,88,善恶转化,9,2,3,政治权力 + 善恶转化 + 宗教祥瑞,宗教祥瑞,权力关系
全量,T020911,88,宗教祥瑞,11,3,3,政治权力 + 善恶转化 + 宗教祥瑞,宗教祥瑞,权力关系
全量,T031112,89,婚恋姻缘,3,1,3,婚恋姻缘 + 宗教祥瑞 + 文人世情,文人世情,婚恋关系
全量,T031112,89,宗教祥瑞,11,2,3,婚恋姻缘 + 宗教祥瑞 + 文人世情,文人世情,婚恋关系
全量,T031112,89,文人世情,12,3,3,婚恋姻缘 + 宗教祥瑞 + 文人世情,文人世情,婚恋关系
全量,T030408,90,婚恋姻缘,3,1,3,婚恋姻缘 + 家庭亲情 + 恩怨报偿,家庭亲情,亲属关系
全量,T030408,90,家庭亲情,4,2,3,婚恋姻缘 + 家庭亲情 + 恩怨报偿,家庭亲情,亲属关系
全量,T030408,90,恩怨报偿,8,3,3,婚恋姻缘 + 家庭亲情 + 恩怨报偿,家庭亲情,亲属关系
全量,T030508,91,婚恋姻缘,3,1,3,婚恋姻缘 + 公案冤狱 + 恩怨报偿,婚恋姻缘,婚恋关系
全量,T030508,91,公案冤狱,5,2,3,婚恋姻缘 + 公案冤狱 + 恩怨报偿,婚恋姻缘,婚恋关系
全量,T030508,91,恩怨报偿,8,3,3,婚恋姻缘 + 公案冤狱 + 恩怨报偿,婚恋姻缘,婚恋关系
全量,T040910,92,家庭亲情,4,1,3,家庭亲情 + 善恶转化 + 礼教品格,家庭亲情,亲属关系
全量,T040910,92,善恶转化,9,2,3,家庭亲情 + 善恶转化 + 礼教品格,家庭亲情,亲属关系
全量,T040910,92,礼教品格,10,3,3,家庭亲情 + 善恶转化 + 礼教品格,家庭亲情,亲属关系
全量,T050708,93,公案冤狱,5,1,3,公案冤狱 + 战争武略 + 恩怨报偿,恩怨报偿,审判与恩怨关系
全量,T050708,93,战争武略,7,2,3,公案冤狱 + 战争武略 + 恩怨报偿,恩怨报偿,审判与恩怨关系
全量,T050708,93,恩怨报偿,8,3,3,公案冤狱 + 战争武略 + 恩怨报偿,恩怨报偿,审判与恩怨关系
全量,T01020407,94,忠义家国,1,1,3,忠义家国 + 政治权力 + 家庭亲情 + 战争武略,家庭亲情,权力关系
全量,T01020407,94,政治权力,2,2,3,忠义家国 + 政治权力 + 家庭亲情 + 战争武略,家庭亲情,权力关系
全量,T01020407,94,家庭亲情,4,3,3,忠义家国 + 政治权力 + 家庭亲情 + 战争武略,家庭亲情,权力关系
全量,T01020407,94,战争武略,7,4,3,忠义家国 + 政治权力 + 家庭亲情 + 战争武略,家庭亲情,权力关系
全量,T02030405,95,政治权力,2,1,3,政治权力 + 婚恋姻缘 + 家庭亲情 + 公案冤狱,婚恋姻缘,婚恋关系
全量,T02030405,95,婚恋姻缘,3,2,3,政治权力 + 婚恋姻缘 + 家庭亲情 + 公案冤狱,婚恋姻缘,婚恋关系
全量,T02030405,95,家庭亲情,4,3,3,政治权力 + 婚恋姻缘 + 家庭亲情 + 公案冤狱,婚恋姻缘,婚恋关系
全量,T02030405,95,公案冤狱,5,4,3,政治权力 + 婚恋姻缘 + 家庭亲情 + 公案冤狱,婚恋姻缘,婚恋关系
全量,T02070812,96,政治权力,2,1,3,政治权力 + 战争武略 + 恩怨报偿 + 文人世情,政治权力,权力关系
全量,T02070812,96,战争武略,7,2,3,政治权力 + 战争武略 + 恩怨报偿 + 文人世情,政治权力,权力关系
全量,T02070812,96,恩怨报偿,8,3,3,政治权力 + 战争武略 + 恩怨报偿 + 文人世情,政治权力,权力关系
全量,T02070812,96,文人世情,12,4,3,政治权力 + 战争武略 + 恩怨报偿 + 文人世情,政治权力,权力关系
全量,T03041112,97,婚恋姻缘,3,1,3,婚恋姻缘 + 家庭亲情 + 宗教祥瑞 + 文人世情,婚恋姻缘,婚恋关系
全量,T03041112,97,家庭亲情,4,2,3,婚恋姻缘 + 家庭亲情 + 宗教祥瑞 + 文人世情,婚恋姻缘,婚恋关系
全量,T03041112,97,宗教祥瑞,11,3,3,婚恋姻缘 + 家庭亲情 + 宗教祥瑞 + 文人世情,婚恋姻缘,婚恋关系
全量,T03041112,97,文人世情,12,4,3,婚恋姻缘 + 家庭亲情 + 宗教祥瑞 + 文人世情,婚恋姻缘,婚恋关系
全量,T03040710,98,婚恋姻缘,3,1,3,婚恋姻缘 + 家庭亲情 + 战争武略 + 礼教品格,婚恋姻缘,婚恋关系
全量,T03040710,98,家庭亲情,4,2,3,婚恋姻缘 + 家庭亲情 + 战争武略 + 礼教品格,婚恋姻缘,婚恋关系
全量,T03040710,98,战争武略,7,3,3,婚恋姻缘 + 家庭亲情 + 战争武略 + 礼教品格,婚恋姻缘,婚恋关系
全量,T03040710,98,礼教品格,10,4,3,婚恋姻缘 + 家庭亲情 + 战争武略 + 礼教品格,婚恋姻缘,婚恋关系
全量,T04050608,99,家庭亲情,4,1,3,家庭亲情 + 公案冤狱 + 除暴侠义 + 恩怨报偿,恩怨报偿,审判与恩怨关系
全量,T04050608,99,公案冤狱,5,2,3,家庭亲情 + 公案冤狱 + 除暴侠义 + 恩怨报偿,恩怨报偿,审判与恩怨关系
全量,T04050608,99,除暴侠义,6,3,3,家庭亲情 + 公案冤狱 + 除暴侠义 + 恩怨报偿,恩怨报偿,审判与恩怨关系
全量,T04050608,99,恩怨报偿,8,4,3,家庭亲情 + 公案冤狱 + 除暴侠义 + 恩怨报偿,恩怨报偿,审判与恩怨关系
全量,T04060712,100,家庭亲情,4,1,3,家庭亲情 + 除暴侠义 + 战争武略 + 文人世情,家庭亲情,亲属关系
全量,T04060712,100,除暴侠义,6,2,3,家庭亲情 + 除暴侠义 + 战争武略 + 文人世情,家庭亲情,亲属关系
全量,T04060712,100,战争武略,7,3,3,家庭亲情 + 除暴侠义 + 战争武略 + 文人世情,家庭亲情,亲属关系
全量,T04060712,100,文人世情,12,4,3,家庭亲情 + 除暴侠义 + 战争武略 + 文人世情,家庭亲情,亲属关系
全量,T0108,101,忠义家国,1,1,2,忠义家国 + 恩怨报偿,忠义家国,审判与恩怨关系
全量,T0108,101,恩怨报偿,8,2,2,忠义家国 + 恩怨报偿,忠义家国,审判与恩怨关系
全量,T010203,102,忠义家国,1,1,2,忠义家国 + 政治权力 + 婚恋姻缘,忠义家国,权力关系
全量,T010203,102,政治权力,2,2,2,忠义家国 + 政治权力 + 婚恋姻缘,忠义家国,权力关系
全量,T010203,102,婚恋姻缘,3,3,2,忠义家国 + 政治权力 + 婚恋姻缘,忠义家国,权力关系
全量,T010205,103,忠义家国,1,1,2,忠义家国 + 政治权力 + 公案冤狱,忠义家国,审判与恩怨关系
全量,T010205,103,政治权力,2,2,2,忠义家国 + 政治权力 + 公案冤狱,忠义家国,审判与恩怨关系
全量,T010205,103,公案冤狱,5,3,2,忠义家国 + 政治权力 + 公案冤狱,忠义家国,审判与恩怨关系
全量,T010408,104,忠义家国,1,1,2,忠义家国 + 家庭亲情 + 恩怨报偿,恩怨报偿,审判与恩怨关系
全量,T010408,104,家庭亲情,4,2,2,忠义家国 + 家庭亲情 + 恩怨报偿,恩怨报偿,审判与恩怨关系
全量,T010408,104,恩怨报偿,8,3,2,忠义家国 + 家庭亲情 + 恩怨报偿,恩怨报偿,审判与恩怨关系
全量,T010607,105,忠义家国,1,1,2,忠义家国 + 除暴侠义 + 战争武略,战争武略,冲突关系
全量,T010607,105,除暴侠义,6,2,2,忠义家国 + 除暴侠义 + 战争武略,战争武略,冲突关系
全量,T010607,105,战争武略,7,3,2,忠义家国 + 除暴侠义 + 战争武略,战争武略,冲突关系
全量,T010709,106,忠义家国,1,1,2,忠义家国 + 战争武略 + 善恶转化,忠义家国,亲属关系
全量,T010709,106,战争武略,7,2,2,忠义家国 + 战争武略 + 善恶转化,忠义家国,亲属关系
全量,T010709,106,善恶转化,9,3,2,忠义家国 + 战争武略 + 善恶转化,忠义家国,亲属关系
全量,T020310,107,政治权力,2,1,2,政治权力 + 婚恋姻缘 + 礼教品格,婚恋姻缘,婚恋关系
全量,T020310,107,婚恋姻缘,3,2,2,政治权力 + 婚恋姻缘 + 礼教品格,婚恋姻缘,婚恋关系
全量,T020310,107,礼教品格,10,3,2,政治权力 + 婚恋姻缘 + 礼教品格,婚恋姻缘,婚恋关系
全量,T031012,108,婚恋姻缘,3,1,2,婚恋姻缘 + 礼教品格 + 文人世情,婚恋姻缘,婚恋关系
全量,T031012,108,礼教品格,10,2,2,婚恋姻缘 + 礼教品格 + 文人世情,婚恋姻缘,婚恋关系
全量,T031012,108,文人世情,12,3,2,婚恋姻缘 + 礼教品格 + 文人世情,婚恋姻缘,婚恋关系
全量,T030409,109,婚恋姻缘,3,1,2,婚恋姻缘 + 家庭亲情 + 善恶转化,婚恋姻缘,婚恋关系
全量,T030409,109,家庭亲情,4,2,2,婚恋姻缘 + 家庭亲情 + 善恶转化,婚恋姻缘,婚恋关系
全量,T030409,109,善恶转化,9,3,2,婚恋姻缘 + 家庭亲情 + 善恶转化,婚恋姻缘,婚恋关系
全量,T030712,110,婚恋姻缘,3,1,2,婚恋姻缘 + 战争武略 + 文人世情,文人世情,同盟关系
全量,T030712,110,战争武略,7,2,2,婚恋姻缘 + 战争武略 + 文人世情,文人世情,同盟关系
全量,T030712,110,文人世情,12,3,2,婚恋姻缘 + 战争武略 + 文人世情,文人世情,同盟关系
全量,T041011,111,家庭亲情,4,1,2,家庭亲情 + 礼教品格 + 宗教祥瑞,家庭亲情,亲属关系
全量,T041011,111,礼教品格,10,2,2,家庭亲情 + 礼教品格 + 宗教祥瑞,家庭亲情,亲属关系
全量,T041011,111,宗教祥瑞,11,3,2,家庭亲情 + 礼教品格 + 宗教祥瑞,家庭亲情,亲属关系
全量,T040510,112,家庭亲情,4,1,2,家庭亲情 + 公案冤狱 + 礼教品格,公案冤狱,审判与恩怨关系
全量,T040510,112,公案冤狱,5,2,2,家庭亲情 + 公案冤狱 + 礼教品格,公案冤狱,审判与恩怨关系
全量,T040510,112,礼教品格,10,3,2,家庭亲情 + 公案冤狱 + 礼教品格,公案冤狱,审判与恩怨关系
全量,T040511,113,家庭亲情,4,1,2,家庭亲情 + 公案冤狱 + 宗教祥瑞,宗教祥瑞,审判与恩怨关系
全量,T040511,113,公案冤狱,5,2,2,家庭亲情 + 公案冤狱 + 宗教祥瑞,宗教祥瑞,审判与恩怨关系
全量,T040511,113,宗教祥瑞,11,3,2,家庭亲情 + 公案冤狱 + 宗教祥瑞,宗教祥瑞,审判与恩怨关系
全量,T040506,114,家庭亲情,4,1,2,家庭亲情 + 公案冤狱 + 除暴侠义,除暴侠义,亲属关系
全量,T040506,114,公案冤狱,5,2,2,家庭亲情 + 公案冤狱 + 除暴侠义,除暴侠义,亲属关系
全量,T040506,114,除暴侠义,6,3,2,家庭亲情 + 公案冤狱 + 除暴侠义,除暴侠义,亲属关系
全量,T040507,115,家庭亲情,4,1,2,家庭亲情 + 公案冤狱 + 战争武略,公案冤狱,审判与恩怨关系
全量,T040507,115,公案冤狱,5,2,2,家庭亲情 + 公案冤狱 + 战争武略,公案冤狱,审判与恩怨关系
全量,T040507,115,战争武略,7,3,2,家庭亲情 + 公案冤狱 + 战争武略,公案冤狱,审判与恩怨关系
全量,T040811,116,家庭亲情,4,1,2,家庭亲情 + 恩怨报偿 + 宗教祥瑞,恩怨报偿,审判与恩怨关系
全量,T040811,116,恩怨报偿,8,2,2,家庭亲情 + 恩怨报偿 + 宗教祥瑞,恩怨报偿,审判与恩怨关系
全量,T040811,116,宗教祥瑞,11,3,2,家庭亲情 + 恩怨报偿 + 宗教祥瑞,恩怨报偿,审判与恩怨关系
全量,T050709,117,公案冤狱,5,1,2,公案冤狱 + 战争武略 + 善恶转化,公案冤狱,审判与恩怨关系
全量,T050709,117,战争武略,7,2,2,公案冤狱 + 战争武略 + 善恶转化,公案冤狱,审判与恩怨关系
全量,T050709,117,善恶转化,9,3,2,公案冤狱 + 战争武略 + 善恶转化,公案冤狱,审判与恩怨关系
全量,T060710,118,除暴侠义,6,1,2,除暴侠义 + 战争武略 + 礼教品格,除暴侠义,冲突关系
全量,T060710,118,战争武略,7,2,2,除暴侠义 + 战争武略 + 礼教品格,除暴侠义,冲突关系
全量,T060710,118,礼教品格,10,3,2,除暴侠义 + 战争武略 + 礼教品格,除暴侠义,冲突关系
全量,T060711,119,除暴侠义,6,1,2,除暴侠义 + 战争武略 + 宗教祥瑞,战争武略,冲突关系
全量,T060711,119,战争武略,7,2,2,除暴侠义 + 战争武略 + 宗教祥瑞,战争武略,冲突关系
全量,T060711,119,宗教祥瑞,11,3,2,除暴侠义 + 战争武略 + 宗教祥瑞,战争武略,冲突关系
全量,T060708,120,除暴侠义,6,1,2,除暴侠义 + 战争武略 + 恩怨报偿,除暴侠义,审判与恩怨关系
全量,T060708,120,战争武略,7,2,2,除暴侠义 + 战争武略 + 恩怨报偿,除暴侠义,审判与恩怨关系
全量,T060708,120,恩怨报偿,8,3,2,除暴侠义 + 战争武略 + 恩怨报偿,除暴侠义,审判与恩怨关系
全量,T070812,121,战争武略,7,1,2,战争武略 + 恩怨报偿 + 文人世情,战争武略,冲突关系
全量,T070812,121,恩怨报偿,8,2,2,战争武略 + 恩怨报偿 + 文人世情,战争武略,冲突关系
全量,T070812,121,文人世情,12,3,2,战争武略 + 恩怨报偿 + 文人世情,战争武略,冲突关系
全量,T070910,122,战争武略,7,1,2,战争武略 + 善恶转化 + 礼教品格,战争武略,同盟关系
全量,T070910,122,善恶转化,9,2,2,战争武略 + 善恶转化 + 礼教品格,战争武略,同盟关系
全量,T070910,122,礼教品格,10,3,2,战争武略 + 善恶转化 + 礼教品格,战争武略,同盟关系
全量,T081112,123,恩怨报偿,8,1,2,恩怨报偿 + 宗教祥瑞 + 文人世情,宗教祥瑞,审判与恩怨关系
全量,T081112,123,宗教祥瑞,11,2,2,恩怨报偿 + 宗教祥瑞 + 文人世情,宗教祥瑞,审判与恩怨关系
全量,T081112,123,文人世情,12,3,2,恩怨报偿 + 宗教祥瑞 + 文人世情,宗教祥瑞,审判与恩怨关系
全量,T01020607,124,忠义家国,1,1,2,忠义家国 + 政治权力 + 除暴侠义 + 战争武略,战争武略,冲突关系
全量,T01020607,124,政治权力,2,2,2,忠义家国 + 政治权力 + 除暴侠义 + 战争武略,战争武略,冲突关系
全量,T01020607,124,除暴侠义,6,3,2,忠义家国 + 政治权力 + 除暴侠义 + 战争武略,战争武略,冲突关系
全量,T01020607,124,战争武略,7,4,2,忠义家国 + 政治权力 + 除暴侠义 + 战争武略,战争武略,冲突关系
全量,T01020708,125,忠义家国,1,1,2,忠义家国 + 政治权力 + 战争武略 + 恩怨报偿,恩怨报偿,审判与恩怨关系
全量,T01020708,125,政治权力,2,2,2,忠义家国 + 政治权力 + 战争武略 + 恩怨报偿,恩怨报偿,审判与恩怨关系
全量,T01020708,125,战争武略,7,3,2,忠义家国 + 政治权力 + 战争武略 + 恩怨报偿,恩怨报偿,审判与恩怨关系
全量,T01020708,125,恩怨报偿,8,4,2,忠义家国 + 政治权力 + 战争武略 + 恩怨报偿,恩怨报偿,审判与恩怨关系
全量,T02030408,126,政治权力,2,1,2,政治权力 + 婚恋姻缘 + 家庭亲情 + 恩怨报偿,政治权力,权力关系
全量,T02030408,126,婚恋姻缘,3,2,2,政治权力 + 婚恋姻缘 + 家庭亲情 + 恩怨报偿,政治权力,权力关系
全量,T02030408,126,家庭亲情,4,3,2,政治权力 + 婚恋姻缘 + 家庭亲情 + 恩怨报偿,政治权力,权力关系
全量,T02030408,126,恩怨报偿,8,4,2,政治权力 + 婚恋姻缘 + 家庭亲情 + 恩怨报偿,政治权力,权力关系
全量,T02030712,127,政治权力,2,1,2,政治权力 + 婚恋姻缘 + 战争武略 + 文人世情,政治权力,权力关系
全量,T02030712,127,婚恋姻缘,3,2,2,政治权力 + 婚恋姻缘 + 战争武略 + 文人世情,政治权力,权力关系
全量,T02030712,127,战争武略,7,3,2,政治权力 + 婚恋姻缘 + 战争武略 + 文人世情,政治权力,权力关系
全量,T02030712,127,文人世情,12,4,2,政治权力 + 婚恋姻缘 + 战争武略 + 文人世情,政治权力,权力关系
全量,T02040512,128,政治权力,2,1,2,政治权力 + 家庭亲情 + 公案冤狱 + 文人世情,公案冤狱,审判与恩怨关系
全量,T02040512,128,家庭亲情,4,2,2,政治权力 + 家庭亲情 + 公案冤狱 + 文人世情,公案冤狱,审判与恩怨关系
全量,T02040512,128,公案冤狱,5,3,2,政治权力 + 家庭亲情 + 公案冤狱 + 文人世情,公案冤狱,审判与恩怨关系
全量,T02040512,128,文人世情,12,4,2,政治权力 + 家庭亲情 + 公案冤狱 + 文人世情,公案冤狱,审判与恩怨关系
全量,T02040610,129,政治权力,2,1,2,政治权力 + 家庭亲情 + 除暴侠义 + 礼教品格,家庭亲情,亲属关系
全量,T02040610,129,家庭亲情,4,2,2,政治权力 + 家庭亲情 + 除暴侠义 + 礼教品格,家庭亲情,亲属关系
全量,T02040610,129,除暴侠义,6,3,2,政治权力 + 家庭亲情 + 除暴侠义 + 礼教品格,家庭亲情,亲属关系
全量,T02040610,129,礼教品格,10,4,2,政治权力 + 家庭亲情 + 除暴侠义 + 礼教品格,家庭亲情,亲属关系
全量,T02040608,130,政治权力,2,1,2,政治权力 + 家庭亲情 + 除暴侠义 + 恩怨报偿,除暴侠义,权力关系
全量,T02040608,130,家庭亲情,4,2,2,政治权力 + 家庭亲情 + 除暴侠义 + 恩怨报偿,除暴侠义,权力关系
全量,T02040608,130,除暴侠义,6,3,2,政治权力 + 家庭亲情 + 除暴侠义 + 恩怨报偿,除暴侠义,权力关系
全量,T02040608,130,恩怨报偿,8,4,2,政治权力 + 家庭亲情 + 除暴侠义 + 恩怨报偿,除暴侠义,权力关系
全量,T02040712,131,政治权力,2,1,2,政治权力 + 家庭亲情 + 战争武略 + 文人世情,政治权力,权力关系
全量,T02040712,131,家庭亲情,4,2,2,政治权力 + 家庭亲情 + 战争武略 + 文人世情,政治权力,权力关系
全量,T02040712,131,战争武略,7,3,2,政治权力 + 家庭亲情 + 战争武略 + 文人世情,政治权力,权力关系
全量,T02040712,131,文人世情,12,4,2,政治权力 + 家庭亲情 + 战争武略 + 文人世情,政治权力,权力关系
全量,T02060708,132,政治权力,2,1,2,政治权力 + 除暴侠义 + 战争武略 + 恩怨报偿,政治权力,权力关系
全量,T02060708,132,除暴侠义,6,2,2,政治权力 + 除暴侠义 + 战争武略 + 恩怨报偿,政治权力,权力关系
全量,T02060708,132,战争武略,7,3,2,政治权力 + 除暴侠义 + 战争武略 + 恩怨报偿,政治权力,权力关系
全量,T02060708,132,恩怨报偿,8,4,2,政治权力 + 除暴侠义 + 战争武略 + 恩怨报偿,政治权力,权力关系
全量,T02060709,133,政治权力,2,1,2,政治权力 + 除暴侠义 + 战争武略 + 善恶转化,政治权力,权力关系
全量,T02060709,133,除暴侠义,6,2,2,政治权力 + 除暴侠义 + 战争武略 + 善恶转化,政治权力,权力关系
全量,T02060709,133,战争武略,7,3,2,政治权力 + 除暴侠义 + 战争武略 + 善恶转化,政治权力,权力关系
全量,T02060709,133,善恶转化,9,4,2,政治权力 + 除暴侠义 + 战争武略 + 善恶转化,政治权力,权力关系
全量,T02070811,134,政治权力,2,1,2,政治权力 + 战争武略 + 恩怨报偿 + 宗教祥瑞,战争武略,权力关系
全量,T02070811,134,战争武略,7,2,2,政治权力 + 战争武略 + 恩怨报偿 + 宗教祥瑞,战争武略,权力关系
全量,T02070811,134,恩怨报偿,8,3,2,政治权力 + 战争武略 + 恩怨报偿 + 宗教祥瑞,战争武略,权力关系
全量,T02070811,134,宗教祥瑞,11,4,2,政治权力 + 战争武略 + 恩怨报偿 + 宗教祥瑞,战争武略,权力关系
全量,T02070809,135,政治权力,2,1,2,政治权力 + 战争武略 + 恩怨报偿 + 善恶转化,恩怨报偿,权力关系
全量,T02070809,135,战争武略,7,2,2,政治权力 + 战争武略 + 恩怨报偿 + 善恶转化,恩怨报偿,权力关系
全量,T02070809,135,恩怨报偿,8,3,2,政治权力 + 战争武略 + 恩怨报偿 + 善恶转化,恩怨报偿,权力关系
全量,T02070809,135,善恶转化,9,4,2,政治权力 + 战争武略 + 恩怨报偿 + 善恶转化,恩怨报偿,权力关系
全量,T03041012,136,婚恋姻缘,3,1,2,婚恋姻缘 + 家庭亲情 + 礼教品格 + 文人世情,家庭亲情,亲属关系
全量,T03041012,136,家庭亲情,4,2,2,婚恋姻缘 + 家庭亲情 + 礼教品格 + 文人世情,家庭亲情,亲属关系
全量,T03041012,136,礼教品格,10,3,2,婚恋姻缘 + 家庭亲情 + 礼教品格 + 文人世情,家庭亲情,亲属关系
全量,T03041012,136,文人世情,12,4,2,婚恋姻缘 + 家庭亲情 + 礼教品格 + 文人世情,家庭亲情,亲属关系
全量,T03040510,137,婚恋姻缘,3,1,2,婚恋姻缘 + 家庭亲情 + 公案冤狱 + 礼教品格,礼教品格,婚恋关系
全量,T03040510,137,家庭亲情,4,2,2,婚恋姻缘 + 家庭亲情 + 公案冤狱 + 礼教品格,礼教品格,婚恋关系
全量,T03040510,137,公案冤狱,5,3,2,婚恋姻缘 + 家庭亲情 + 公案冤狱 + 礼教品格,礼教品格,婚恋关系
全量,T03040510,137,礼教品格,10,4,2,婚恋姻缘 + 家庭亲情 + 公案冤狱 + 礼教品格,礼教品格,婚恋关系
全量,T03040507,138,婚恋姻缘,3,1,2,婚恋姻缘 + 家庭亲情 + 公案冤狱 + 战争武略,公案冤狱,审判与恩怨关系
全量,T03040507,138,家庭亲情,4,2,2,婚恋姻缘 + 家庭亲情 + 公案冤狱 + 战争武略,公案冤狱,审判与恩怨关系
全量,T03040507,138,公案冤狱,5,3,2,婚恋姻缘 + 家庭亲情 + 公案冤狱 + 战争武略,公案冤狱,审判与恩怨关系
全量,T03040507,138,战争武略,7,4,2,婚恋姻缘 + 家庭亲情 + 公案冤狱 + 战争武略,公案冤狱,审判与恩怨关系
全量,T03040508,139,婚恋姻缘,3,1,2,婚恋姻缘 + 家庭亲情 + 公案冤狱 + 恩怨报偿,公案冤狱,审判与恩怨关系
全量,T03040508,139,家庭亲情,4,2,2,婚恋姻缘 + 家庭亲情 + 公案冤狱 + 恩怨报偿,公案冤狱,审判与恩怨关系
全量,T03040508,139,公案冤狱,5,3,2,婚恋姻缘 + 家庭亲情 + 公案冤狱 + 恩怨报偿,公案冤狱,审判与恩怨关系
全量,T03040508,139,恩怨报偿,8,4,2,婚恋姻缘 + 家庭亲情 + 公案冤狱 + 恩怨报偿,公案冤狱,审判与恩怨关系
全量,T03040708,140,婚恋姻缘,3,1,2,婚恋姻缘 + 家庭亲情 + 战争武略 + 恩怨报偿,婚恋姻缘,婚恋关系
全量,T03040708,140,家庭亲情,4,2,2,婚恋姻缘 + 家庭亲情 + 战争武略 + 恩怨报偿,婚恋姻缘,婚恋关系
全量,T03040708,140,战争武略,7,3,2,婚恋姻缘 + 家庭亲情 + 战争武略 + 恩怨报偿,婚恋姻缘,婚恋关系
全量,T03040708,140,恩怨报偿,8,4,2,婚恋姻缘 + 家庭亲情 + 战争武略 + 恩怨报偿,婚恋姻缘,婚恋关系
全量,T04060708,141,家庭亲情,4,1,2,家庭亲情 + 除暴侠义 + 战争武略 + 恩怨报偿,家庭亲情,亲属关系
全量,T04060708,141,除暴侠义,6,2,2,家庭亲情 + 除暴侠义 + 战争武略 + 恩怨报偿,家庭亲情,亲属关系
全量,T04060708,141,战争武略,7,3,2,家庭亲情 + 除暴侠义 + 战争武略 + 恩怨报偿,家庭亲情,亲属关系
全量,T04060708,141,恩怨报偿,8,4,2,家庭亲情 + 除暴侠义 + 战争武略 + 恩怨报偿,家庭亲情,亲属关系
全量,T04070911,142,家庭亲情,4,1,2,家庭亲情 + 战争武略 + 善恶转化 + 宗教祥瑞,战争武略,权力关系
全量,T04070911,142,战争武略,7,2,2,家庭亲情 + 战争武略 + 善恶转化 + 宗教祥瑞,战争武略,权力关系
全量,T04070911,142,善恶转化,9,3,2,家庭亲情 + 战争武略 + 善恶转化 + 宗教祥瑞,战争武略,权力关系
全量,T04070911,142,宗教祥瑞,11,4,2,家庭亲情 + 战争武略 + 善恶转化 + 宗教祥瑞,战争武略,权力关系
全量,T0809,143,恩怨报偿,8,1,1,恩怨报偿 + 善恶转化,恩怨报偿,权力关系
全量,T0809,143,善恶转化,9,2,1,恩怨报偿 + 善恶转化,恩怨报偿,权力关系
全量,T010210,144,忠义家国,1,1,1,忠义家国 + 政治权力 + 礼教品格,政治权力,权力关系
全量,T010210,144,政治权力,2,2,1,忠义家国 + 政治权力 + 礼教品格,政治权力,权力关系
全量,T010210,144,礼教品格,10,3,1,忠义家国 + 政治权力 + 礼教品格,政治权力,权力关系
全量,T010206,145,忠义家国,1,1,1,忠义家国 + 政治权力 + 除暴侠义,忠义家国,权力关系
全量,T010206,145,政治权力,2,2,1,忠义家国 + 政治权力 + 除暴侠义,忠义家国,权力关系
全量,T010206,145,除暴侠义,6,3,1,忠义家国 + 政治权力 + 除暴侠义,忠义家国,权力关系
全量,T010306,146,忠义家国,1,1,1,忠义家国 + 婚恋姻缘 + 除暴侠义,除暴侠义,婚恋关系
全量,T010306,146,婚恋姻缘,3,2,1,忠义家国 + 婚恋姻缘 + 除暴侠义,除暴侠义,婚恋关系
全量,T010306,146,除暴侠义,6,3,1,忠义家国 + 婚恋姻缘 + 除暴侠义,除暴侠义,婚恋关系
全量,T010307,147,忠义家国,1,1,1,忠义家国 + 婚恋姻缘 + 战争武略,忠义家国,婚恋关系
全量,T010307,147,婚恋姻缘,3,2,1,忠义家国 + 婚恋姻缘 + 战争武略,忠义家国,婚恋关系
全量,T010307,147,战争武略,7,3,1,忠义家国 + 婚恋姻缘 + 战争武略,忠义家国,婚恋关系
全量,T010406,148,忠义家国,1,1,1,忠义家国 + 家庭亲情 + 除暴侠义,忠义家国,亲属关系
全量,T010406,148,家庭亲情,4,2,1,忠义家国 + 家庭亲情 + 除暴侠义,忠义家国,亲属关系
全量,T010406,148,除暴侠义,6,3,1,忠义家国 + 家庭亲情 + 除暴侠义,忠义家国,亲属关系
全量,T010510,149,忠义家国,1,1,1,忠义家国 + 公案冤狱 + 礼教品格,忠义家国,审判与恩怨关系
全量,T010510,149,公案冤狱,5,2,1,忠义家国 + 公案冤狱 + 礼教品格,忠义家国,审判与恩怨关系
全量,T010510,149,礼教品格,10,3,1,忠义家国 + 公案冤狱 + 礼教品格,忠义家国,审判与恩怨关系
全量,T010506,150,忠义家国,1,1,1,忠义家国 + 公案冤狱 + 除暴侠义,除暴侠义,权力关系
全量,T010506,150,公案冤狱,5,2,1,忠义家国 + 公案冤狱 + 除暴侠义,除暴侠义,权力关系
全量,T010506,150,除暴侠义,6,3,1,忠义家国 + 公案冤狱 + 除暴侠义,除暴侠义,权力关系
全量,T010608,151,忠义家国,1,1,1,忠义家国 + 除暴侠义 + 恩怨报偿,恩怨报偿,审判与恩怨关系
全量,T010608,151,除暴侠义,6,2,1,忠义家国 + 除暴侠义 + 恩怨报偿,恩怨报偿,审判与恩怨关系
全量,T010608,151,恩怨报偿,8,3,1,忠义家国 + 除暴侠义 + 恩怨报偿,恩怨报偿,审判与恩怨关系
全量,T010712,152,忠义家国,1,1,1,忠义家国 + 战争武略 + 文人世情,战争武略,权力关系
全量,T010712,152,战争武略,7,2,1,忠义家国 + 战争武略 + 文人世情,战争武略,权力关系
全量,T010712,152,文人世情,12,3,1,忠义家国 + 战争武略 + 文人世情,战争武略,权力关系
全量,T021112,153,政治权力,2,1,1,政治权力 + 宗教祥瑞 + 文人世情,文人世情,权力关系
全量,T021112,153,宗教祥瑞,11,2,1,政治权力 + 宗教祥瑞 + 文人世情,文人世情,权力关系
全量,T021112,153,文人世情,12,3,1,政治权力 + 宗教祥瑞 + 文人世情,文人世情,权力关系
全量,T020511,154,政治权力,2,1,1,政治权力 + 公案冤狱 + 宗教祥瑞,宗教祥瑞,权力关系
全量,T020511,154,公案冤狱,5,2,1,政治权力 + 公案冤狱 + 宗教祥瑞,宗教祥瑞,权力关系
全量,T020511,154,宗教祥瑞,11,3,1,政治权力 + 公案冤狱 + 宗教祥瑞,宗教祥瑞,权力关系
全量,T020512,155,政治权力,2,1,1,政治权力 + 公案冤狱 + 文人世情,文人世情,审判与恩怨关系
全量,T020512,155,公案冤狱,5,2,1,政治权力 + 公案冤狱 + 文人世情,文人世情,审判与恩怨关系
全量,T020512,155,文人世情,12,3,1,政治权力 + 公案冤狱 + 文人世情,文人世情,审判与恩怨关系
全量,T020508,156,政治权力,2,1,1,政治权力 + 公案冤狱 + 恩怨报偿,公案冤狱,审判与恩怨关系
全量,T020508,156,公案冤狱,5,2,1,政治权力 + 公案冤狱 + 恩怨报偿,公案冤狱,审判与恩怨关系
全量,T020508,156,恩怨报偿,8,3,1,政治权力 + 公案冤狱 + 恩怨报偿,公案冤狱,审判与恩怨关系
全量,T020912,157,政治权力,2,1,1,政治权力 + 善恶转化 + 文人世情,文人世情,审判与恩怨关系
全量,T020912,157,善恶转化,9,2,1,政治权力 + 善恶转化 + 文人世情,文人世情,审判与恩怨关系
全量,T020912,157,文人世情,12,3,1,政治权力 + 善恶转化 + 文人世情,文人世情,审判与恩怨关系
全量,T030511,158,婚恋姻缘,3,1,1,婚恋姻缘 + 公案冤狱 + 宗教祥瑞,宗教祥瑞,婚恋关系
全量,T030511,158,公案冤狱,5,2,1,婚恋姻缘 + 公案冤狱 + 宗教祥瑞,宗教祥瑞,婚恋关系
全量,T030511,158,宗教祥瑞,11,3,1,婚恋姻缘 + 公案冤狱 + 宗教祥瑞,宗教祥瑞,婚恋关系
全量,T030506,159,婚恋姻缘,3,1,1,婚恋姻缘 + 公案冤狱 + 除暴侠义,除暴侠义,婚恋关系
全量,T030506,159,公案冤狱,5,2,1,婚恋姻缘 + 公案冤狱 + 除暴侠义,除暴侠义,婚恋关系
全量,T030506,159,除暴侠义,6,3,1,婚恋姻缘 + 公案冤狱 + 除暴侠义,除暴侠义,婚恋关系
全量,T030612,160,婚恋姻缘,3,1,1,婚恋姻缘 + 除暴侠义 + 文人世情,婚恋姻缘,婚恋关系
全量,T030612,160,除暴侠义,6,2,1,婚恋姻缘 + 除暴侠义 + 文人世情,婚恋姻缘,婚恋关系
全量,T030612,160,文人世情,12,3,1,婚恋姻缘 + 除暴侠义 + 文人世情,婚恋姻缘,婚恋关系
全量,T030607,161,婚恋姻缘,3,1,1,婚恋姻缘 + 除暴侠义 + 战争武略,除暴侠义,婚恋关系
全量,T030607,161,除暴侠义,6,2,1,婚恋姻缘 + 除暴侠义 + 战争武略,除暴侠义,婚恋关系
全量,T030607,161,战争武略,7,3,1,婚恋姻缘 + 除暴侠义 + 战争武略,除暴侠义,婚恋关系
全量,T030709,162,婚恋姻缘,3,1,1,婚恋姻缘 + 战争武略 + 善恶转化,战争武略,婚恋关系
全量,T030709,162,战争武略,7,2,1,婚恋姻缘 + 战争武略 + 善恶转化,战争武略,婚恋关系
全量,T030709,162,善恶转化,9,3,1,婚恋姻缘 + 战争武略 + 善恶转化,战争武略,婚恋关系
全量,T030812,163,婚恋姻缘,3,1,1,婚恋姻缘 + 恩怨报偿 + 文人世情,婚恋姻缘,婚恋关系
全量,T030812,163,恩怨报偿,8,2,1,婚恋姻缘 + 恩怨报偿 + 文人世情,婚恋姻缘,婚恋关系
全量,T030812,163,文人世情,12,3,1,婚恋姻缘 + 恩怨报偿 + 文人世情,婚恋姻缘,婚恋关系
全量,T030912,164,婚恋姻缘,3,1,1,婚恋姻缘 + 善恶转化 + 文人世情,文人世情,婚恋关系
全量,T030912,164,善恶转化,9,2,1,婚恋姻缘 + 善恶转化 + 文人世情,文人世情,婚恋关系
全量,T030912,164,文人世情,12,3,1,婚恋姻缘 + 善恶转化 + 文人世情,文人世情,婚恋关系
全量,T040508,165,家庭亲情,4,1,1,家庭亲情 + 公案冤狱 + 恩怨报偿,公案冤狱,审判与恩怨关系
全量,T040508,165,公案冤狱,5,2,1,家庭亲情 + 公案冤狱 + 恩怨报偿,公案冤狱,审判与恩怨关系
全量,T040508,165,恩怨报偿,8,3,1,家庭亲情 + 公案冤狱 + 恩怨报偿,公案冤狱,审判与恩怨关系
全量,T040610,166,家庭亲情,4,1,1,家庭亲情 + 除暴侠义 + 礼教品格,家庭亲情,亲属关系
全量,T040610,166,除暴侠义,6,2,1,家庭亲情 + 除暴侠义 + 礼教品格,家庭亲情,亲属关系
全量,T040610,166,礼教品格,10,3,1,家庭亲情 + 除暴侠义 + 礼教品格,家庭亲情,亲属关系
全量,T040611,167,家庭亲情,4,1,1,家庭亲情 + 除暴侠义 + 宗教祥瑞,家庭亲情,亲属关系
全量,T040611,167,除暴侠义,6,2,1,家庭亲情 + 除暴侠义 + 宗教祥瑞,家庭亲情,亲属关系
全量,T040611,167,宗教祥瑞,11,3,1,家庭亲情 + 除暴侠义 + 宗教祥瑞,家庭亲情,亲属关系
全量,T040612,168,家庭亲情,4,1,1,家庭亲情 + 除暴侠义 + 文人世情,文人世情,亲属关系
全量,T040612,168,除暴侠义,6,2,1,家庭亲情 + 除暴侠义 + 文人世情,文人世情,亲属关系
全量,T040612,168,文人世情,12,3,1,家庭亲情 + 除暴侠义 + 文人世情,文人世情,亲属关系
全量,T050607,169,公案冤狱,5,1,1,公案冤狱 + 除暴侠义 + 战争武略,除暴侠义,冲突关系
全量,T050607,169,除暴侠义,6,2,1,公案冤狱 + 除暴侠义 + 战争武略,除暴侠义,冲突关系
全量,T050607,169,战争武略,7,3,1,公案冤狱 + 除暴侠义 + 战争武略,除暴侠义,冲突关系
全量,T050911,170,公案冤狱,5,1,1,公案冤狱 + 善恶转化 + 宗教祥瑞,善恶转化,审判与恩怨关系
全量,T050911,170,善恶转化,9,2,1,公案冤狱 + 善恶转化 + 宗教祥瑞,善恶转化,审判与恩怨关系
全量,T050911,170,宗教祥瑞,11,3,1,公案冤狱 + 善恶转化 + 宗教祥瑞,善恶转化,审判与恩怨关系
全量,T060709,171,除暴侠义,6,1,1,除暴侠义 + 战争武略 + 善恶转化,战争武略,冲突关系
全量,T060709,171,战争武略,7,2,1,除暴侠义 + 战争武略 + 善恶转化,战争武略,冲突关系
全量,T060709,171,善恶转化,9,3,1,除暴侠义 + 战争武略 + 善恶转化,战争武略,冲突关系
全量,T060811,172,除暴侠义,6,1,1,除暴侠义 + 恩怨报偿 + 宗教祥瑞,宗教祥瑞,冲突关系
全量,T060811,172,恩怨报偿,8,2,1,除暴侠义 + 恩怨报偿 + 宗教祥瑞,宗教祥瑞,冲突关系
全量,T060811,172,宗教祥瑞,11,3,1,除暴侠义 + 恩怨报偿 + 宗教祥瑞,宗教祥瑞,冲突关系
全量,T070912,173,战争武略,7,1,1,战争武略 + 善恶转化 + 文人世情,战争武略,冲突关系
全量,T070912,173,善恶转化,9,2,1,战争武略 + 善恶转化 + 文人世情,战争武略,冲突关系
全量,T070912,173,文人世情,12,3,1,战争武略 + 善恶转化 + 文人世情,战争武略,冲突关系
全量,T081011,174,恩怨报偿,8,1,1,恩怨报偿 + 礼教品格 + 宗教祥瑞,宗教祥瑞,冲突关系
全量,T081011,174,礼教品格,10,2,1,恩怨报偿 + 礼教品格 + 宗教祥瑞,宗教祥瑞,冲突关系
全量,T081011,174,宗教祥瑞,11,3,1,恩怨报偿 + 礼教品格 + 宗教祥瑞,宗教祥瑞,冲突关系
全量,T01020310,175,忠义家国,1,1,1,忠义家国 + 政治权力 + 婚恋姻缘 + 礼教品格,政治权力,婚恋关系
全量,T01020310,175,政治权力,2,2,1,忠义家国 + 政治权力 + 婚恋姻缘 + 礼教品格,政治权力,婚恋关系
全量,T01020310,175,婚恋姻缘,3,3,1,忠义家国 + 政治权力 + 婚恋姻缘 + 礼教品格,政治权力,婚恋关系
全量,T01020310,175,礼教品格,10,4,1,忠义家国 + 政治权力 + 婚恋姻缘 + 礼教品格,政治权力,婚恋关系
全量,T01020304,176,忠义家国,1,1,1,忠义家国 + 政治权力 + 婚恋姻缘 + 家庭亲情,忠义家国,权力关系
全量,T01020304,176,政治权力,2,2,1,忠义家国 + 政治权力 + 婚恋姻缘 + 家庭亲情,忠义家国,权力关系
全量,T01020304,176,婚恋姻缘,3,3,1,忠义家国 + 政治权力 + 婚恋姻缘 + 家庭亲情,忠义家国,权力关系
全量,T01020304,176,家庭亲情,4,4,1,忠义家国 + 政治权力 + 婚恋姻缘 + 家庭亲情,忠义家国,权力关系
全量,T01020405,177,忠义家国,1,1,1,忠义家国 + 政治权力 + 家庭亲情 + 公案冤狱,忠义家国,亲属关系
全量,T01020405,177,政治权力,2,2,1,忠义家国 + 政治权力 + 家庭亲情 + 公案冤狱,忠义家国,亲属关系
全量,T01020405,177,家庭亲情,4,3,1,忠义家国 + 政治权力 + 家庭亲情 + 公案冤狱,忠义家国,亲属关系
全量,T01020405,177,公案冤狱,5,4,1,忠义家国 + 政治权力 + 家庭亲情 + 公案冤狱,忠义家国,亲属关系
全量,T01020512,178,忠义家国,1,1,1,忠义家国 + 政治权力 + 公案冤狱 + 文人世情,忠义家国,审判与恩怨关系
全量,T01020512,178,政治权力,2,2,1,忠义家国 + 政治权力 + 公案冤狱 + 文人世情,忠义家国,审判与恩怨关系
全量,T01020512,178,公案冤狱,5,3,1,忠义家国 + 政治权力 + 公案冤狱 + 文人世情,忠义家国,审判与恩怨关系
全量,T01020512,178,文人世情,12,4,1,忠义家国 + 政治权力 + 公案冤狱 + 文人世情,忠义家国,审判与恩怨关系
全量,T01020507,179,忠义家国,1,1,1,忠义家国 + 政治权力 + 公案冤狱 + 战争武略,忠义家国,权力关系
全量,T01020507,179,政治权力,2,2,1,忠义家国 + 政治权力 + 公案冤狱 + 战争武略,忠义家国,权力关系
全量,T01020507,179,公案冤狱,5,3,1,忠义家国 + 政治权力 + 公案冤狱 + 战争武略,忠义家国,权力关系
全量,T01020507,179,战争武略,7,4,1,忠义家国 + 政治权力 + 公案冤狱 + 战争武略,忠义家国,权力关系
全量,T01020612,180,忠义家国,1,1,1,忠义家国 + 政治权力 + 除暴侠义 + 文人世情,除暴侠义,权力关系
全量,T01020612,180,政治权力,2,2,1,忠义家国 + 政治权力 + 除暴侠义 + 文人世情,除暴侠义,权力关系
全量,T01020612,180,除暴侠义,6,3,1,忠义家国 + 政治权力 + 除暴侠义 + 文人世情,除暴侠义,权力关系
全量,T01020612,180,文人世情,12,4,1,忠义家国 + 政治权力 + 除暴侠义 + 文人世情,除暴侠义,权力关系
全量,T01020710,181,忠义家国,1,1,1,忠义家国 + 政治权力 + 战争武略 + 礼教品格,忠义家国,权力关系
全量,T01020710,181,政治权力,2,2,1,忠义家国 + 政治权力 + 战争武略 + 礼教品格,忠义家国,权力关系
全量,T01020710,181,战争武略,7,3,1,忠义家国 + 政治权力 + 战争武略 + 礼教品格,忠义家国,权力关系
全量,T01020710,181,礼教品格,10,4,1,忠义家国 + 政治权力 + 战争武略 + 礼教品格,忠义家国,权力关系
全量,T01020712,182,忠义家国,1,1,1,忠义家国 + 政治权力 + 战争武略 + 文人世情,政治权力,权力关系
全量,T01020712,182,政治权力,2,2,1,忠义家国 + 政治权力 + 战争武略 + 文人世情,政治权力,权力关系
全量,T01020712,182,战争武略,7,3,1,忠义家国 + 政治权力 + 战争武略 + 文人世情,政治权力,权力关系
全量,T01020712,182,文人世情,12,4,1,忠义家国 + 政治权力 + 战争武略 + 文人世情,政治权力,权力关系
全量,T01020709,183,忠义家国,1,1,1,忠义家国 + 政治权力 + 战争武略 + 善恶转化,善恶转化,冲突关系
全量,T01020709,183,政治权力,2,2,1,忠义家国 + 政治权力 + 战争武略 + 善恶转化,善恶转化,冲突关系
全量,T01020709,183,战争武略,7,3,1,忠义家国 + 政治权力 + 战争武略 + 善恶转化,善恶转化,冲突关系
全量,T01020709,183,善恶转化,9,4,1,忠义家国 + 政治权力 + 战争武略 + 善恶转化,善恶转化,冲突关系
全量,T01030407,184,忠义家国,1,1,1,忠义家国 + 婚恋姻缘 + 家庭亲情 + 战争武略,忠义家国,亲属关系
全量,T01030407,184,婚恋姻缘,3,2,1,忠义家国 + 婚恋姻缘 + 家庭亲情 + 战争武略,忠义家国,亲属关系
全量,T01030407,184,家庭亲情,4,3,1,忠义家国 + 婚恋姻缘 + 家庭亲情 + 战争武略,忠义家国,亲属关系
全量,T01030407,184,战争武略,7,4,1,忠义家国 + 婚恋姻缘 + 家庭亲情 + 战争武略,忠义家国,亲属关系
全量,T01030710,185,忠义家国,1,1,1,忠义家国 + 婚恋姻缘 + 战争武略 + 礼教品格,忠义家国,婚恋关系
全量,T01030710,185,婚恋姻缘,3,2,1,忠义家国 + 婚恋姻缘 + 战争武略 + 礼教品格,忠义家国,婚恋关系
全量,T01030710,185,战争武略,7,3,1,忠义家国 + 婚恋姻缘 + 战争武略 + 礼教品格,忠义家国,婚恋关系
全量,T01030710,185,礼教品格,10,4,1,忠义家国 + 婚恋姻缘 + 战争武略 + 礼教品格,忠义家国,婚恋关系
全量,T01041112,186,忠义家国,1,1,1,忠义家国 + 家庭亲情 + 宗教祥瑞 + 文人世情,家庭亲情,亲属关系
全量,T01041112,186,家庭亲情,4,2,1,忠义家国 + 家庭亲情 + 宗教祥瑞 + 文人世情,家庭亲情,亲属关系
全量,T01041112,186,宗教祥瑞,11,3,1,忠义家国 + 家庭亲情 + 宗教祥瑞 + 文人世情,家庭亲情,亲属关系
全量,T01041112,186,文人世情,12,4,1,忠义家国 + 家庭亲情 + 宗教祥瑞 + 文人世情,家庭亲情,亲属关系
全量,T01040708,187,忠义家国,1,1,1,忠义家国 + 家庭亲情 + 战争武略 + 恩怨报偿,战争武略,同盟关系
全量,T01040708,187,家庭亲情,4,2,1,忠义家国 + 家庭亲情 + 战争武略 + 恩怨报偿,战争武略,同盟关系
全量,T01040708,187,战争武略,7,3,1,忠义家国 + 家庭亲情 + 战争武略 + 恩怨报偿,战争武略,同盟关系
全量,T01040708,187,恩怨报偿,8,4,1,忠义家国 + 家庭亲情 + 战争武略 + 恩怨报偿,战争武略,同盟关系
全量,T01060708,188,忠义家国,1,1,1,忠义家国 + 除暴侠义 + 战争武略 + 恩怨报偿,除暴侠义,同盟关系
全量,T01060708,188,除暴侠义,6,2,1,忠义家国 + 除暴侠义 + 战争武略 + 恩怨报偿,除暴侠义,同盟关系
全量,T01060708,188,战争武略,7,3,1,忠义家国 + 除暴侠义 + 战争武略 + 恩怨报偿,除暴侠义,同盟关系
全量,T01060708,188,恩怨报偿,8,4,1,忠义家国 + 除暴侠义 + 战争武略 + 恩怨报偿,除暴侠义,同盟关系
全量,T01080910,189,忠义家国,1,1,1,忠义家国 + 恩怨报偿 + 善恶转化 + 礼教品格,恩怨报偿,审判与恩怨关系
全量,T01080910,189,恩怨报偿,8,2,1,忠义家国 + 恩怨报偿 + 善恶转化 + 礼教品格,恩怨报偿,审判与恩怨关系
全量,T01080910,189,善恶转化,9,3,1,忠义家国 + 恩怨报偿 + 善恶转化 + 礼教品格,恩怨报偿,审判与恩怨关系
全量,T01080910,189,礼教品格,10,4,1,忠义家国 + 恩怨报偿 + 善恶转化 + 礼教品格,恩怨报偿,审判与恩怨关系
全量,T02030710,190,政治权力,2,1,1,政治权力 + 婚恋姻缘 + 战争武略 + 礼教品格,婚恋姻缘,婚恋关系
全量,T02030710,190,婚恋姻缘,3,2,1,政治权力 + 婚恋姻缘 + 战争武略 + 礼教品格,婚恋姻缘,婚恋关系
全量,T02030710,190,战争武略,7,3,1,政治权力 + 婚恋姻缘 + 战争武略 + 礼教品格,婚恋姻缘,婚恋关系
全量,T02030710,190,礼教品格,10,4,1,政治权力 + 婚恋姻缘 + 战争武略 + 礼教品格,婚恋姻缘,婚恋关系
全量,T02030708,191,政治权力,2,1,1,政治权力 + 婚恋姻缘 + 战争武略 + 恩怨报偿,恩怨报偿,审判与恩怨关系
全量,T02030708,191,婚恋姻缘,3,2,1,政治权力 + 婚恋姻缘 + 战争武略 + 恩怨报偿,恩怨报偿,审判与恩怨关系
全量,T02030708,191,战争武略,7,3,1,政治权力 + 婚恋姻缘 + 战争武略 + 恩怨报偿,恩怨报偿,审判与恩怨关系
全量,T02030708,191,恩怨报偿,8,4,1,政治权力 + 婚恋姻缘 + 战争武略 + 恩怨报偿,恩怨报偿,审判与恩怨关系
全量,T02041112,192,政治权力,2,1,1,政治权力 + 家庭亲情 + 宗教祥瑞 + 文人世情,家庭亲情,亲属关系
全量,T02041112,192,家庭亲情,4,2,1,政治权力 + 家庭亲情 + 宗教祥瑞 + 文人世情,家庭亲情,亲属关系
全量,T02041112,192,宗教祥瑞,11,3,1,政治权力 + 家庭亲情 + 宗教祥瑞 + 文人世情,家庭亲情,亲属关系
全量,T02041112,192,文人世情,12,4,1,政治权力 + 家庭亲情 + 宗教祥瑞 + 文人世情,家庭亲情,亲属关系
全量,T02040506,193,政治权力,2,1,1,政治权力 + 家庭亲情 + 公案冤狱 + 除暴侠义,除暴侠义,审判与恩怨关系
全量,T02040506,193,家庭亲情,4,2,1,政治权力 + 家庭亲情 + 公案冤狱 + 除暴侠义,除暴侠义,审判与恩怨关系
全量,T02040506,193,公案冤狱,5,3,1,政治权力 + 家庭亲情 + 公案冤狱 + 除暴侠义,除暴侠义,审判与恩怨关系
全量,T02040506,193,除暴侠义,6,4,1,政治权力 + 家庭亲情 + 公案冤狱 + 除暴侠义,除暴侠义,审判与恩怨关系
全量,T02040509,194,政治权力,2,1,1,政治权力 + 家庭亲情 + 公案冤狱 + 善恶转化,公案冤狱,审判与恩怨关系
全量,T02040509,194,家庭亲情,4,2,1,政治权力 + 家庭亲情 + 公案冤狱 + 善恶转化,公案冤狱,审判与恩怨关系
全量,T02040509,194,公案冤狱,5,3,1,政治权力 + 家庭亲情 + 公案冤狱 + 善恶转化,公案冤狱,审判与恩怨关系
全量,T02040509,194,善恶转化,9,4,1,政治权力 + 家庭亲情 + 公案冤狱 + 善恶转化,公案冤狱,审判与恩怨关系
全量,T02040711,195,政治权力,2,1,1,政治权力 + 家庭亲情 + 战争武略 + 宗教祥瑞,宗教祥瑞,权力关系
全量,T02040711,195,家庭亲情,4,2,1,政治权力 + 家庭亲情 + 战争武略 + 宗教祥瑞,宗教祥瑞,权力关系
全量,T02040711,195,战争武略,7,3,1,政治权力 + 家庭亲情 + 战争武略 + 宗教祥瑞,宗教祥瑞,权力关系
全量,T02040711,195,宗教祥瑞,11,4,1,政治权力 + 家庭亲情 + 战争武略 + 宗教祥瑞,宗教祥瑞,权力关系
全量,T02040809,196,政治权力,2,1,1,政治权力 + 家庭亲情 + 恩怨报偿 + 善恶转化,善恶转化,权力关系
全量,T02040809,196,家庭亲情,4,2,1,政治权力 + 家庭亲情 + 恩怨报偿 + 善恶转化,善恶转化,权力关系
全量,T02040809,196,恩怨报偿,8,3,1,政治权力 + 家庭亲情 + 恩怨报偿 + 善恶转化,善恶转化,权力关系
全量,T02040809,196,善恶转化,9,4,1,政治权力 + 家庭亲情 + 恩怨报偿 + 善恶转化,善恶转化,权力关系
全量,T02040912,197,政治权力,2,1,1,政治权力 + 家庭亲情 + 善恶转化 + 文人世情,政治权力,权力关系
全量,T02040912,197,家庭亲情,4,2,1,政治权力 + 家庭亲情 + 善恶转化 + 文人世情,政治权力,权力关系
全量,T02040912,197,善恶转化,9,3,1,政治权力 + 家庭亲情 + 善恶转化 + 文人世情,政治权力,权力关系
全量,T02040912,197,文人世情,12,4,1,政治权力 + 家庭亲情 + 善恶转化 + 文人世情,政治权力,权力关系
全量,T02050712,198,政治权力,2,1,1,政治权力 + 公案冤狱 + 战争武略 + 文人世情,政治权力,权力关系
全量,T02050712,198,公案冤狱,5,2,1,政治权力 + 公案冤狱 + 战争武略 + 文人世情,政治权力,权力关系
全量,T02050712,198,战争武略,7,3,1,政治权力 + 公案冤狱 + 战争武略 + 文人世情,政治权力,权力关系
全量,T02050712,198,文人世情,12,4,1,政治权力 + 公案冤狱 + 战争武略 + 文人世情,政治权力,权力关系
全量,T02050709,199,政治权力,2,1,1,政治权力 + 公案冤狱 + 战争武略 + 善恶转化,政治权力,权力关系
全量,T02050709,199,公案冤狱,5,2,1,政治权力 + 公案冤狱 + 战争武略 + 善恶转化,政治权力,权力关系
全量,T02050709,199,战争武略,7,3,1,政治权力 + 公案冤狱 + 战争武略 + 善恶转化,政治权力,权力关系
全量,T02050709,199,善恶转化,9,4,1,政治权力 + 公案冤狱 + 战争武略 + 善恶转化,政治权力,权力关系
全量,T02060712,200,政治权力,2,1,1,政治权力 + 除暴侠义 + 战争武略 + 文人世情,战争武略,冲突关系
全量,T02060712,200,除暴侠义,6,2,1,政治权力 + 除暴侠义 + 战争武略 + 文人世情,战争武略,冲突关系
全量,T02060712,200,战争武略,7,3,1,政治权力 + 除暴侠义 + 战争武略 + 文人世情,战争武略,冲突关系
全量,T02060712,200,文人世情,12,4,1,政治权力 + 除暴侠义 + 战争武略 + 文人世情,战争武略,冲突关系
全量,T02070810,201,政治权力,2,1,1,政治权力 + 战争武略 + 恩怨报偿 + 礼教品格,恩怨报偿,权力关系
全量,T02070810,201,战争武略,7,2,1,政治权力 + 战争武略 + 恩怨报偿 + 礼教品格,恩怨报偿,权力关系
全量,T02070810,201,恩怨报偿,8,3,1,政治权力 + 战争武略 + 恩怨报偿 + 礼教品格,恩怨报偿,权力关系
全量,T02070810,201,礼教品格,10,4,1,政治权力 + 战争武略 + 恩怨报偿 + 礼教品格,恩怨报偿,权力关系
全量,T02081011,202,政治权力,2,1,1,政治权力 + 恩怨报偿 + 礼教品格 + 宗教祥瑞,礼教品格,权力关系
全量,T02081011,202,恩怨报偿,8,2,1,政治权力 + 恩怨报偿 + 礼教品格 + 宗教祥瑞,礼教品格,权力关系
全量,T02081011,202,礼教品格,10,3,1,政治权力 + 恩怨报偿 + 礼教品格 + 宗教祥瑞,礼教品格,权力关系
全量,T02081011,202,宗教祥瑞,11,4,1,政治权力 + 恩怨报偿 + 礼教品格 + 宗教祥瑞,礼教品格,权力关系
全量,T02080912,203,政治权力,2,1,1,政治权力 + 恩怨报偿 + 善恶转化 + 文人世情,善恶转化,权力关系
全量,T02080912,203,恩怨报偿,8,2,1,政治权力 + 恩怨报偿 + 善恶转化 + 文人世情,善恶转化,权力关系
全量,T02080912,203,善恶转化,9,3,1,政治权力 + 恩怨报偿 + 善恶转化 + 文人世情,善恶转化,权力关系
全量,T02080912,203,文人世情,12,4,1,政治权力 + 恩怨报偿 + 善恶转化 + 文人世情,善恶转化,权力关系
全量,T03041011,204,婚恋姻缘,3,1,1,婚恋姻缘 + 家庭亲情 + 礼教品格 + 宗教祥瑞,家庭亲情,亲属关系
全量,T03041011,204,家庭亲情,4,2,1,婚恋姻缘 + 家庭亲情 + 礼教品格 + 宗教祥瑞,家庭亲情,亲属关系
全量,T03041011,204,礼教品格,10,3,1,婚恋姻缘 + 家庭亲情 + 礼教品格 + 宗教祥瑞,家庭亲情,亲属关系
全量,T03041011,204,宗教祥瑞,11,4,1,婚恋姻缘 + 家庭亲情 + 礼教品格 + 宗教祥瑞,家庭亲情,亲属关系
全量,T03040512,205,婚恋姻缘,3,1,1,婚恋姻缘 + 家庭亲情 + 公案冤狱 + 文人世情,公案冤狱,审判与恩怨关系
全量,T03040512,205,家庭亲情,4,2,1,婚恋姻缘 + 家庭亲情 + 公案冤狱 + 文人世情,公案冤狱,审判与恩怨关系
全量,T03040512,205,公案冤狱,5,3,1,婚恋姻缘 + 家庭亲情 + 公案冤狱 + 文人世情,公案冤狱,审判与恩怨关系
全量,T03040512,205,文人世情,12,4,1,婚恋姻缘 + 家庭亲情 + 公案冤狱 + 文人世情,公案冤狱,审判与恩怨关系
全量,T03040609,206,婚恋姻缘,3,1,1,婚恋姻缘 + 家庭亲情 + 除暴侠义 + 善恶转化,家庭亲情,亲属关系
全量,T03040609,206,家庭亲情,4,2,1,婚恋姻缘 + 家庭亲情 + 除暴侠义 + 善恶转化,家庭亲情,亲属关系
全量,T03040609,206,除暴侠义,6,3,1,婚恋姻缘 + 家庭亲情 + 除暴侠义 + 善恶转化,家庭亲情,亲属关系
全量,T03040609,206,善恶转化,9,4,1,婚恋姻缘 + 家庭亲情 + 除暴侠义 + 善恶转化,家庭亲情,亲属关系
全量,T03040711,207,婚恋姻缘,3,1,1,婚恋姻缘 + 家庭亲情 + 战争武略 + 宗教祥瑞,家庭亲情,亲属关系
全量,T03040711,207,家庭亲情,4,2,1,婚恋姻缘 + 家庭亲情 + 战争武略 + 宗教祥瑞,家庭亲情,亲属关系
全量,T03040711,207,战争武略,7,3,1,婚恋姻缘 + 家庭亲情 + 战争武略 + 宗教祥瑞,家庭亲情,亲属关系
全量,T03040711,207,宗教祥瑞,11,4,1,婚恋姻缘 + 家庭亲情 + 战争武略 + 宗教祥瑞,家庭亲情,亲属关系
全量,T03040712,208,婚恋姻缘,3,1,1,婚恋姻缘 + 家庭亲情 + 战争武略 + 文人世情,文人世情,婚恋关系
全量,T03040712,208,家庭亲情,4,2,1,婚恋姻缘 + 家庭亲情 + 战争武略 + 文人世情,文人世情,婚恋关系
全量,T03040712,208,战争武略,7,3,1,婚恋姻缘 + 家庭亲情 + 战争武略 + 文人世情,文人世情,婚恋关系
全量,T03040712,208,文人世情,12,4,1,婚恋姻缘 + 家庭亲情 + 战争武略 + 文人世情,文人世情,婚恋关系
全量,T03040811,209,婚恋姻缘,3,1,1,婚恋姻缘 + 家庭亲情 + 恩怨报偿 + 宗教祥瑞,家庭亲情,亲属关系
全量,T03040811,209,家庭亲情,4,2,1,婚恋姻缘 + 家庭亲情 + 恩怨报偿 + 宗教祥瑞,家庭亲情,亲属关系
全量,T03040811,209,恩怨报偿,8,3,1,婚恋姻缘 + 家庭亲情 + 恩怨报偿 + 宗教祥瑞,家庭亲情,亲属关系
全量,T03040811,209,宗教祥瑞,11,4,1,婚恋姻缘 + 家庭亲情 + 恩怨报偿 + 宗教祥瑞,家庭亲情,亲属关系
全量,T03040812,210,婚恋姻缘,3,1,1,婚恋姻缘 + 家庭亲情 + 恩怨报偿 + 文人世情,文人世情,权力关系
全量,T03040812,210,家庭亲情,4,2,1,婚恋姻缘 + 家庭亲情 + 恩怨报偿 + 文人世情,文人世情,权力关系
全量,T03040812,210,恩怨报偿,8,3,1,婚恋姻缘 + 家庭亲情 + 恩怨报偿 + 文人世情,文人世情,权力关系
全量,T03040812,210,文人世情,12,4,1,婚恋姻缘 + 家庭亲情 + 恩怨报偿 + 文人世情,文人世情,权力关系
全量,T03040912,211,婚恋姻缘,3,1,1,婚恋姻缘 + 家庭亲情 + 善恶转化 + 文人世情,婚恋姻缘,婚恋关系
全量,T03040912,211,家庭亲情,4,2,1,婚恋姻缘 + 家庭亲情 + 善恶转化 + 文人世情,婚恋姻缘,婚恋关系
全量,T03040912,211,善恶转化,9,3,1,婚恋姻缘 + 家庭亲情 + 善恶转化 + 文人世情,婚恋姻缘,婚恋关系
全量,T03040912,211,文人世情,12,4,1,婚恋姻缘 + 家庭亲情 + 善恶转化 + 文人世情,婚恋姻缘,婚恋关系
全量,T03050611,212,婚恋姻缘,3,1,1,婚恋姻缘 + 公案冤狱 + 除暴侠义 + 宗教祥瑞,公案冤狱,审判与恩怨关系
全量,T03050611,212,公案冤狱,5,2,1,婚恋姻缘 + 公案冤狱 + 除暴侠义 + 宗教祥瑞,公案冤狱,审判与恩怨关系
全量,T03050611,212,除暴侠义,6,3,1,婚恋姻缘 + 公案冤狱 + 除暴侠义 + 宗教祥瑞,公案冤狱,审判与恩怨关系
全量,T03050611,212,宗教祥瑞,11,4,1,婚恋姻缘 + 公案冤狱 + 除暴侠义 + 宗教祥瑞,公案冤狱,审判与恩怨关系
全量,T03050608,213,婚恋姻缘,3,1,1,婚恋姻缘 + 公案冤狱 + 除暴侠义 + 恩怨报偿,恩怨报偿,审判与恩怨关系
全量,T03050608,213,公案冤狱,5,2,1,婚恋姻缘 + 公案冤狱 + 除暴侠义 + 恩怨报偿,恩怨报偿,审判与恩怨关系
全量,T03050608,213,除暴侠义,6,3,1,婚恋姻缘 + 公案冤狱 + 除暴侠义 + 恩怨报偿,恩怨报偿,审判与恩怨关系
全量,T03050608,213,恩怨报偿,8,4,1,婚恋姻缘 + 公案冤狱 + 除暴侠义 + 恩怨报偿,恩怨报偿,审判与恩怨关系
全量,T03050710,214,婚恋姻缘,3,1,1,婚恋姻缘 + 公案冤狱 + 战争武略 + 礼教品格,婚恋姻缘,婚恋关系
全量,T03050710,214,公案冤狱,5,2,1,婚恋姻缘 + 公案冤狱 + 战争武略 + 礼教品格,婚恋姻缘,婚恋关系
全量,T03050710,214,战争武略,7,3,1,婚恋姻缘 + 公案冤狱 + 战争武略 + 礼教品格,婚恋姻缘,婚恋关系
全量,T03050710,214,礼教品格,10,4,1,婚恋姻缘 + 公案冤狱 + 战争武略 + 礼教品格,婚恋姻缘,婚恋关系
全量,T03050810,215,婚恋姻缘,3,1,1,婚恋姻缘 + 公案冤狱 + 恩怨报偿 + 礼教品格,礼教品格,审判与恩怨关系
全量,T03050810,215,公案冤狱,5,2,1,婚恋姻缘 + 公案冤狱 + 恩怨报偿 + 礼教品格,礼教品格,审判与恩怨关系
全量,T03050810,215,恩怨报偿,8,3,1,婚恋姻缘 + 公案冤狱 + 恩怨报偿 + 礼教品格,礼教品格,审判与恩怨关系
全量,T03050810,215,礼教品格,10,4,1,婚恋姻缘 + 公案冤狱 + 恩怨报偿 + 礼教品格,礼教品格,审判与恩怨关系
全量,T04051012,216,家庭亲情,4,1,1,家庭亲情 + 公案冤狱 + 礼教品格 + 文人世情,公案冤狱,审判与恩怨关系
全量,T04051012,216,公案冤狱,5,2,1,家庭亲情 + 公案冤狱 + 礼教品格 + 文人世情,公案冤狱,审判与恩怨关系
全量,T04051012,216,礼教品格,10,3,1,家庭亲情 + 公案冤狱 + 礼教品格 + 文人世情,公案冤狱,审判与恩怨关系
全量,T04051012,216,文人世情,12,4,1,家庭亲情 + 公案冤狱 + 礼教品格 + 文人世情,公案冤狱,审判与恩怨关系
全量,T04051112,217,家庭亲情,4,1,1,家庭亲情 + 公案冤狱 + 宗教祥瑞 + 文人世情,文人世情,亲属关系
全量,T04051112,217,公案冤狱,5,2,1,家庭亲情 + 公案冤狱 + 宗教祥瑞 + 文人世情,文人世情,亲属关系
全量,T04051112,217,宗教祥瑞,11,3,1,家庭亲情 + 公案冤狱 + 宗教祥瑞 + 文人世情,文人世情,亲属关系
全量,T04051112,217,文人世情,12,4,1,家庭亲情 + 公案冤狱 + 宗教祥瑞 + 文人世情,文人世情,亲属关系
全量,T04050607,218,家庭亲情,4,1,1,家庭亲情 + 公案冤狱 + 除暴侠义 + 战争武略,公案冤狱,审判与恩怨关系
全量,T04050607,218,公案冤狱,5,2,1,家庭亲情 + 公案冤狱 + 除暴侠义 + 战争武略,公案冤狱,审判与恩怨关系
全量,T04050607,218,除暴侠义,6,3,1,家庭亲情 + 公案冤狱 + 除暴侠义 + 战争武略,公案冤狱,审判与恩怨关系
全量,T04050607,218,战争武略,7,4,1,家庭亲情 + 公案冤狱 + 除暴侠义 + 战争武略,公案冤狱,审判与恩怨关系
全量,T04050711,219,家庭亲情,4,1,1,家庭亲情 + 公案冤狱 + 战争武略 + 宗教祥瑞,家庭亲情,亲属关系
全量,T04050711,219,公案冤狱,5,2,1,家庭亲情 + 公案冤狱 + 战争武略 + 宗教祥瑞,家庭亲情,亲属关系
全量,T04050711,219,战争武略,7,3,1,家庭亲情 + 公案冤狱 + 战争武略 + 宗教祥瑞,家庭亲情,亲属关系
全量,T04050711,219,宗教祥瑞,11,4,1,家庭亲情 + 公案冤狱 + 战争武略 + 宗教祥瑞,家庭亲情,亲属关系
全量,T04050809,220,家庭亲情,4,1,1,家庭亲情 + 公案冤狱 + 恩怨报偿 + 善恶转化,家庭亲情,亲属关系
全量,T04050809,220,公案冤狱,5,2,1,家庭亲情 + 公案冤狱 + 恩怨报偿 + 善恶转化,家庭亲情,亲属关系
全量,T04050809,220,恩怨报偿,8,3,1,家庭亲情 + 公案冤狱 + 恩怨报偿 + 善恶转化,家庭亲情,亲属关系
全量,T04050809,220,善恶转化,9,4,1,家庭亲情 + 公案冤狱 + 恩怨报偿 + 善恶转化,家庭亲情,亲属关系
全量,T04050912,221,家庭亲情,4,1,1,家庭亲情 + 公案冤狱 + 善恶转化 + 文人世情,善恶转化,亲属关系
全量,T04050912,221,公案冤狱,5,2,1,家庭亲情 + 公案冤狱 + 善恶转化 + 文人世情,善恶转化,亲属关系
全量,T04050912,221,善恶转化,9,3,1,家庭亲情 + 公案冤狱 + 善恶转化 + 文人世情,善恶转化,亲属关系
全量,T04050912,221,文人世情,12,4,1,家庭亲情 + 公案冤狱 + 善恶转化 + 文人世情,善恶转化,亲属关系
全量,T04060812,222,家庭亲情,4,1,1,家庭亲情 + 除暴侠义 + 恩怨报偿 + 文人世情,家庭亲情,亲属关系
全量,T04060812,222,除暴侠义,6,2,1,家庭亲情 + 除暴侠义 + 恩怨报偿 + 文人世情,家庭亲情,亲属关系
全量,T04060812,222,恩怨报偿,8,3,1,家庭亲情 + 除暴侠义 + 恩怨报偿 + 文人世情,家庭亲情,亲属关系
全量,T04060812,222,文人世情,12,4,1,家庭亲情 + 除暴侠义 + 恩怨报偿 + 文人世情,家庭亲情,亲属关系
全量,T04060809,223,家庭亲情,4,1,1,家庭亲情 + 除暴侠义 + 恩怨报偿 + 善恶转化,善恶转化,冲突关系
全量,T04060809,223,除暴侠义,6,2,1,家庭亲情 + 除暴侠义 + 恩怨报偿 + 善恶转化,善恶转化,冲突关系
全量,T04060809,223,恩怨报偿,8,3,1,家庭亲情 + 除暴侠义 + 恩怨报偿 + 善恶转化,善恶转化,冲突关系
全量,T04060809,223,善恶转化,9,4,1,家庭亲情 + 除暴侠义 + 恩怨报偿 + 善恶转化,善恶转化,冲突关系
全量,T04070812,224,家庭亲情,4,1,1,家庭亲情 + 战争武略 + 恩怨报偿 + 文人世情,恩怨报偿,亲属关系
全量,T04070812,224,战争武略,7,2,1,家庭亲情 + 战争武略 + 恩怨报偿 + 文人世情,恩怨报偿,亲属关系
全量,T04070812,224,恩怨报偿,8,3,1,家庭亲情 + 战争武略 + 恩怨报偿 + 文人世情,恩怨报偿,亲属关系
全量,T04070812,224,文人世情,12,4,1,家庭亲情 + 战争武略 + 恩怨报偿 + 文人世情,恩怨报偿,亲属关系
全量,T04070912,225,家庭亲情,4,1,1,家庭亲情 + 战争武略 + 善恶转化 + 文人世情,战争武略,同盟关系
全量,T04070912,225,战争武略,7,2,1,家庭亲情 + 战争武略 + 善恶转化 + 文人世情,战争武略,同盟关系
全量,T04070912,225,善恶转化,9,3,1,家庭亲情 + 战争武略 + 善恶转化 + 文人世情,战争武略,同盟关系
全量,T04070912,225,文人世情,12,4,1,家庭亲情 + 战争武略 + 善恶转化 + 文人世情,战争武略,同盟关系
全量,T04081011,226,家庭亲情,4,1,1,家庭亲情 + 恩怨报偿 + 礼教品格 + 宗教祥瑞,宗教祥瑞,亲属关系
全量,T04081011,226,恩怨报偿,8,2,1,家庭亲情 + 恩怨报偿 + 礼教品格 + 宗教祥瑞,宗教祥瑞,亲属关系
全量,T04081011,226,礼教品格,10,3,1,家庭亲情 + 恩怨报偿 + 礼教品格 + 宗教祥瑞,宗教祥瑞,亲属关系
全量,T04081011,226,宗教祥瑞,11,4,1,家庭亲情 + 恩怨报偿 + 礼教品格 + 宗教祥瑞,宗教祥瑞,亲属关系
全量,T04091012,227,家庭亲情,4,1,1,家庭亲情 + 善恶转化 + 礼教品格 + 文人世情,家庭亲情,亲属关系
全量,T04091012,227,善恶转化,9,2,1,家庭亲情 + 善恶转化 + 礼教品格 + 文人世情,家庭亲情,亲属关系
全量,T04091012,227,礼教品格,10,3,1,家庭亲情 + 善恶转化 + 礼教品格 + 文人世情,家庭亲情,亲属关系
全量,T04091012,227,文人世情,12,4,1,家庭亲情 + 善恶转化 + 礼教品格 + 文人世情,家庭亲情,亲属关系
全量,T05061112,228,公案冤狱,5,1,1,公案冤狱 + 除暴侠义 + 宗教祥瑞 + 文人世情,公案冤狱,审判与恩怨关系
全量,T05061112,228,除暴侠义,6,2,1,公案冤狱 + 除暴侠义 + 宗教祥瑞 + 文人世情,公案冤狱,审判与恩怨关系
全量,T05061112,228,宗教祥瑞,11,3,1,公案冤狱 + 除暴侠义 + 宗教祥瑞 + 文人世情,公案冤狱,审判与恩怨关系
全量,T05061112,228,文人世情,12,4,1,公案冤狱 + 除暴侠义 + 宗教祥瑞 + 文人世情,公案冤狱,审判与恩怨关系
全量,T05070911,229,公案冤狱,5,1,1,公案冤狱 + 战争武略 + 善恶转化 + 宗教祥瑞,善恶转化,亲属关系
全量,T05070911,229,战争武略,7,2,1,公案冤狱 + 战争武略 + 善恶转化 + 宗教祥瑞,善恶转化,亲属关系
全量,T05070911,229,善恶转化,9,3,1,公案冤狱 + 战争武略 + 善恶转化 + 宗教祥瑞,善恶转化,亲属关系
全量,T05070911,229,宗教祥瑞,11,4,1,公案冤狱 + 战争武略 + 善恶转化 + 宗教祥瑞,善恶转化,亲属关系
全量,T07081012,230,战争武略,7,1,1,战争武略 + 恩怨报偿 + 礼教品格 + 文人世情,礼教品格,同盟关系
全量,T07081012,230,恩怨报偿,8,2,1,战争武略 + 恩怨报偿 + 礼教品格 + 文人世情,礼教品格,同盟关系
全量,T07081012,230,礼教品格,10,3,1,战争武略 + 恩怨报偿 + 礼教品格 + 文人世情,礼教品格,同盟关系
全量,T07081012,230,文人世情,12,4,1,战争武略 + 恩怨报偿 + 礼教品格 + 文人世情,礼教品格,同盟关系
