剧本ID,剧本名称,剧目类别,角色总数,实际关系数,网络密度,度中心化,核心关系,核心主题
01001002,洪羊洞,家庭戏,9,17,0.472222,0.678571,同盟关系,宗教祥瑞
01001006,捉放曹,历史戏,6,10,0.666667,0.5,审判与恩怨关系,公案冤狱
01001008,取成都,历史戏,5,8,0.8,0.333333,亲属关系,家庭亲情
01001009,硃砂痣,家庭戏,6,9,0.6,0.3,亲属关系,家庭亲情
01001010,黄金台,历史戏,6,11,0.733333,0.4,冲突关系,战争武略
01001011,文昭关,历史戏,4,5,0.833333,0.333333,冲突关系,战争武略
01001012,黄鹤楼,历史戏,6,9,0.6,0.3,权力关系,战争武略
01001017,清官册,公案戏,5,6,0.6,0.666667,审判与恩怨关系,公案冤狱
01002003,祭长江,家庭戏,1,0,0,0,婚恋关系,婚恋姻缘
01002007,打金枝,家庭戏,5,9,0.9,0.166667,亲属关系,家庭亲情
01002008,八义图,历史戏,4,5,0.833333,0.333333,冲突关系,家庭亲情
01002009,鱼肠剑,江湖戏,7,16,0.761905,0.333333,亲属关系,家庭亲情
01002016,打渔杀家,江湖戏,5,8,0.8,0.333333,冲突关系,善恶转化
01002017,黑风帕,神怪戏,6,11,0.733333,0.4,亲属关系,家庭亲情
01003001,琼林宴,公案戏,6,8,0.533333,0.7,婚恋关系,婚恋姻缘
01003002,蒋干中计,历史戏,13,57,0.730769,0.318182,冲突关系,战争武略
01003005,拾黄金,家庭戏,1,0,0,0,亲属关系,礼教品格
01003006,辕门斩子,家庭戏,8,23,0.821429,0.238095,亲属关系,家庭亲情
01003009,打龙袍,家庭戏,6,13,0.866667,0.2,审判与恩怨关系,公案冤狱
01003011,斩黄袍,历史戏,7,14,0.666667,0.466667,权力关系,政治权力
01003012,彩楼配,家庭戏,7,16,0.761905,0.333333,亲属关系,家庭亲情
01003013,滑油山,神怪戏,1,0,0,0,亲属关系,宗教祥瑞
01003017,独木关,历史戏,5,7,0.7,0.5,冲突关系,战争武略
01004001,逍遥津,历史戏,16,78,0.65,0.32381,权力关系,政治权力
01004004,盗宗卷,历史戏,7,14,0.666667,0.466667,权力关系,政治权力
01004007,取荥阳,历史戏,5,9,0.9,0.166667,权力关系,战争武略
01004011,飞虎山,历史戏,6,14,0.933333,0.1,亲属关系,家庭亲情
01005003,天雷报,家庭戏,6,9,0.6,0.6,亲属关系,家庭亲情
01005006,六月雪,公案戏,4,5,0.833333,0.333333,审判与恩怨关系,公案冤狱
01005008,玉堂春,公案戏,0,0,0,0,审判与恩怨关系,公案冤狱
01005010,御碑亭,家庭戏,9,22,0.611111,0.5,亲属关系,家庭亲情
01005013,双摇会,家庭戏,6,13,0.866667,0.2,婚恋关系,婚恋姻缘
01006001,连营寨,历史戏,5,8,0.8,0.333333,冲突关系,战争武略
01006002,战长沙,历史戏,4,5,0.833333,0.333333,冲突关系,战争武略
01006003,草桥关,历史戏,7,17,0.809524,0.266667,权力关系,战争武略
01006004,九更天,公案戏,7,11,0.52381,0.433333,审判与恩怨关系,忠义家国
01006005,状元谱,家庭戏,5,7,0.7,0.5,亲属关系,文人世情
01006007,定军山,历史戏,10,26,0.577778,0.527778,冲突关系,战争武略
01006008,宝莲灯,家庭戏,5,9,0.9,0.166667,亲属关系,家庭亲情
01006010,落马湖,江湖戏,5,5,0.5,0.416667,审判与恩怨关系,除暴侠义
01006011,花田错,家庭戏,7,15,0.714286,0.166667,婚恋关系,婚恋姻缘
01006013,孝义节,神怪戏,4,4,0.666667,0.666667,权力关系,礼教品格
01006014,金水桥,家庭戏,6,12,0.8,0.3,权力关系,政治权力
01006016,探亲相骂,家庭戏,5,7,0.7,0.5,亲属关系,家庭亲情
01007001,卖马,江湖戏,6,12,0.8,0.3,权力关系,除暴侠义
01007011,蝴蝶杯,家庭戏,19,75,0.438596,0.441176,婚恋关系,婚恋姻缘
01007014,五雷阵,神怪戏,4,4,0.666667,0.666667,冲突关系,战争武略
01008004,阳平关,历史戏,6,14,0.933333,0.1,冲突关系,战争武略
01008005,算粮登殿,家庭戏,8,27,0.964286,0.047619,婚恋关系,婚恋姻缘
01008006,虹霓关,历史戏,6,12,0.8,0.3,审判与恩怨关系,恩怨报偿
01008008,杜十娘,家庭戏,7,12,0.571429,0.6,亲属关系,家庭亲情
01008011,双钉记,公案戏,4,4,0.666667,0.666667,同盟关系,礼教品格
01009001,失街亭,历史戏,4,5,0.833333,0.333333,冲突关系,战争武略
01009006,长坂坡,历史戏,10,19,0.422222,0.583333,婚恋关系,战争武略
01009008,白良关,历史戏,8,18,0.642857,0.47619,婚恋关系,婚恋姻缘
01009009,卖绒花,家庭戏,0,0,0,0,亲属关系,家庭亲情
01009012,青石山,神怪戏,8,11,0.392857,0.428571,冲突关系,宗教祥瑞
01009014,濮阳城,历史戏,5,8,0.8,0.333333,权力关系,战争武略
01009015,战樊城,历史戏,6,12,0.8,0.3,审判与恩怨关系,恩怨报偿
01010002,宫门带,历史戏,6,9,0.6,0.6,权力关系,政治权力
01010003,渭水河,历史戏,0,0,0,0,权力关系,文人世情
01010010,锁云囊,江湖戏,4,5,0.833333,0.333333,亲属关系,除暴侠义
01011002,请宋灵,历史戏,8,18,0.642857,0.285714,权力关系,忠义家国
01011003,回龙阁,家庭戏,8,26,0.928571,0.095238,婚恋关系,婚恋姻缘
01011004,烧绵山,历史戏,8,22,0.785714,0.285714,亲属关系,家庭亲情
01011008,马上缘,家庭戏,4,4,0.666667,0.666667,亲属关系,战争武略
01011009,拿高登,江湖戏,8,17,0.607143,0.333333,亲属关系,家庭亲情
01011011,白马坡,历史戏,4,5,0.833333,0.333333,冲突关系,战争武略
01011012,摩天岭,历史戏,9,33,0.916667,0.107143,冲突关系,战争武略
01012001,泥马渡康王,神怪戏,9,15,0.416667,0.428571,权力关系,忠义家国
01012002,闹江州,江湖戏,6,11,0.733333,0.4,审判与恩怨关系,除暴侠义
01012004,莲花湖,江湖戏,5,4,0.4,0.166667,冲突关系,除暴侠义
01012006,少华山,家庭戏,5,9,0.9,0.166667,婚恋关系,文人世情
01012008,春秋配,家庭戏,4,5,0.833333,0.333333,亲属关系,文人世情
01012012,南阳关,历史戏,8,15,0.535714,0.619048,冲突关系,战争武略
01012014,血手印,公案戏,6,12,0.8,0.3,审判与恩怨关系,公案冤狱
01012015,一捧雪,公案戏,5,8,0.8,0.333333,婚恋关系,婚恋姻缘
01013001,司马逼宫,历史戏,6,13,0.866667,0.2,权力关系,政治权力
01013003,赠别挑袍,历史戏,4,4,0.666667,0.666667,权力关系,战争武略
01013004,借赵云,历史戏,5,8,0.8,0.333333,冲突关系,战争武略
01013006,奇冤报,神怪戏,5,9,0.9,0.166667,审判与恩怨关系,公案冤狱
01013007,恶虎村,江湖戏,10,37,0.822222,0.222222,审判与恩怨关系,恩怨报偿
01013009,罗四虎,公案戏,9,13,0.361111,0.660714,冲突关系,除暴侠义
01013010,八蜡庙,江湖戏,10,35,0.777778,0.277778,审判与恩怨关系,除暴侠义
01013011,伐东吴,历史戏,8,14,0.5,0.666667,冲突关系,战争武略
01013012,战太平,历史戏,7,15,0.714286,0.4,冲突关系,战争武略
01013013,刺巴杰,江湖戏,7,16,0.761905,0.333333,亲属关系,家庭亲情
01013014,金钱豹,神怪戏,7,15,0.714286,0.4,婚恋关系,文人世情
01013016,贾家楼,江湖戏,10,30,0.666667,0.277778,同盟关系,除暴侠义
01014004,秦淮河,江湖戏,6,13,0.866667,0.2,冲突关系,除暴侠义
01014005,打樱桃,家庭戏,7,18,0.857143,0.2,亲属关系,家庭亲情
01014006,丁甲山,江湖戏,7,16,0.761905,0.333333,亲属关系,除暴侠义
01014007,淮安府,公案戏,4,4,0.666667,0.666667,亲属关系,除暴侠义
01014010,错杀奸,公案戏,5,9,0.9,0.166667,亲属关系,善恶转化
01014012,摘缨会,历史戏,5,7,0.7,0.5,权力关系,政治权力
01014014,罗锅子抢亲,家庭戏,7,15,0.714286,0.4,亲属关系,家庭亲情
01014019,五花洞,神怪戏,9,23,0.638889,0.303571,审判与恩怨关系,公案冤狱
01014020,红梅阁,神怪戏,4,5,0.833333,0.333333,婚恋关系,除暴侠义
01014021,恶虎庄,江湖戏,7,16,0.761905,0.333333,权力关系,政治权力
01015002,古城相会,历史戏,4,5,0.833333,0.333333,同盟关系,战争武略
01015003,潞安州,历史戏,8,13,0.464286,0.333333,冲突关系,战争武略
01015006,英杰烈,家庭戏,7,15,0.714286,0.4,亲属关系,家庭亲情
01015009,盗魂铃,神怪戏,4,4,0.666667,0.666667,亲属关系,宗教祥瑞
01015011,庆阳图,历史戏,9,21,0.583333,0.375,权力关系,政治权力
01015012,一捧雪,公案戏,6,10,0.666667,0.5,审判与恩怨关系,文人世情
01015014,赵家楼,江湖戏,10,31,0.688889,0.388889,同盟关系,除暴侠义
01015016,八郎探母,历史戏,10,24,0.533333,0.583333,亲属关系,家庭亲情
01015017,临潼山,历史戏,8,21,0.75,0.380952,权力关系,政治权力
01016002,蒯彻装疯,历史戏,8,21,0.75,0.333333,权力关系,政治权力
01016006,取南郡,历史戏,16,63,0.525,0.390476,冲突关系,战争武略
01016009,大锯缸,神怪戏,5,7,0.7,0.5,权力关系,宗教祥瑞
01016010,三让徐州,历史戏,0,0,0,0,权力关系,战争武略
01016014,破洪州,历史戏,4,5,0.833333,0.333333,冲突关系,战争武略
01016017,郿邬县,公案戏,11,36,0.654545,0.3,审判与恩怨关系,公案冤狱
01017001,风波亭,历史戏,20,62,0.326316,0.51462,权力关系,忠义家国
01017002,三上殿,公案戏,7,16,0.761905,0.333333,权力关系,政治权力
01017003,假金牌,公案戏,4,5,0.833333,0.333333,权力关系,战争武略
01017004,襄阳宴,历史戏,13,45,0.576923,0.5,冲突关系,战争武略
01017006,张古董借妻,家庭戏,5,9,0.9,0.166667,亲属关系,家庭亲情
01017011,景阳岗,江湖戏,6,5,0.333333,0.4,冲突关系,除暴侠义
01017013,下河东,历史戏,6,8,0.533333,0.7,冲突关系,战争武略
01018001,朝歌恨,历史戏,9,18,0.5,0.482143,权力关系,政治权力
01018003,骂阎罗,神怪戏,5,5,0.5,1.333333,审判与恩怨关系,宗教祥瑞
01018005,排王赞,历史戏,6,9,0.6,0.6,权力关系,忠义家国
01018011,五人义,江湖戏,10,33,0.733333,0.333333,审判与恩怨关系,忠义家国
01018013,迷人馆,江湖戏,16,50,0.416667,0.514286,婚恋关系,除暴侠义
01018014,冀州城,历史戏,11,28,0.509091,0.355556,冲突关系,战争武略
01019001,进妲己,历史戏,18,85,0.555556,0.5,权力关系,政治权力
01019002,过五关,历史戏,12,33,0.5,0.6,冲突关系,战争武略
01019003,三顾茅庐,历史戏,18,62,0.405229,0.470588,亲属关系,战争武略
01019004,舌战群儒,历史戏,5,6,0.6,0.25,冲突关系,战争武略
01019005,马前泼水,家庭戏,6,6,0.4,0.6,婚恋关系,婚恋姻缘
01019006,讨荆州,历史戏,6,13,0.866667,0.2,冲突关系,战争武略
01019009,曾头市,江湖戏,7,17,0.809524,0.266667,亲属关系,除暴侠义
01019012,镇潭州,历史戏,7,14,0.666667,0.466667,冲突关系,战争武略
01019013,磐河战,历史戏,5,9,0.9,0.166667,冲突关系,战争武略
01020001,麦城升天,历史戏,7,17,0.809524,0.266667,冲突关系,战争武略
01020002,戏迷传,家庭戏,0,0,0,0,亲属关系,家庭亲情
01020003,汾河湾,家庭戏,5,8,0.8,0.333333,婚恋关系,婚恋姻缘
01020004,别母乱箭,历史戏,10,25,0.555556,0.555556,婚恋关系,忠义家国
01020005,义旗令,江湖戏,13,46,0.589744,0.287879,婚恋关系,除暴侠义
01020007,凤凰山,历史戏,10,26,0.577778,0.527778,同盟关系,战争武略
01020008,燕青打擂,江湖戏,11,43,0.781818,0.266667,冲突关系,除暴侠义
01020009,采花赶府,家庭戏,5,7,0.7,0.5,婚恋关系,婚恋姻缘
01020010,青楼梦,家庭戏,10,27,0.6,0.361111,亲属关系,家庭亲情
01020013,铁公鸡,历史戏,15,31,0.295238,0.565934,冲突关系,战争武略
01021001,许田射鹿,历史戏,11,36,0.654545,0.422222,权力关系,政治权力
01021002,霸王别姬,历史戏,4,4,0.666667,0.666667,冲突关系,战争武略
01021004,玉玲珑,江湖戏,9,23,0.638889,0.464286,婚恋关系,婚恋姻缘
01021005,泗州城,神怪戏,9,12,0.333333,0.375,亲属关系,宗教祥瑞
01021006,天宝图,江湖戏,33,114,0.215909,0.335685,亲属关系,家庭亲情
01021007,雪夜访普,历史戏,8,24,0.857143,0.190476,权力关系,政治权力
01022002,哭祖庙,历史戏,4,4,0.666667,0.666667,权力关系,忠义家国
01022004,明末遗恨,历史戏,6,9,0.6,0.6,权力关系,恩怨报偿
01022005,青风寨,江湖戏,6,12,0.8,0.3,亲属关系,除暴侠义
01022006,太平桥,历史戏,8,18,0.642857,0.47619,权力关系,战争武略
01022010,飞叉阵,历史戏,8,13,0.464286,0.52381,亲属关系,家庭亲情
01022012,天宝图,江湖戏,44,164,0.173362,0.403101,权力关系,除暴侠义
01023001,宏碧缘,江湖戏,14,69,0.758242,0.192308,亲属关系,家庭亲情
01023005,洗浮山,公案戏,5,9,0.9,0.166667,冲突关系,宗教祥瑞
01023007,百凉楼,历史戏,6,14,0.933333,0.1,冲突关系,战争武略
01024001,宏碧缘,江湖戏,0,0,0,0,审判与恩怨关系,除暴侠义
01024002,宏碧缘,江湖戏,27,82,0.233618,0.578462,亲属关系,家庭亲情
01024005,思凡,家庭戏,1,0,0,0,亲属关系,宗教祥瑞
01024006,雪杯圆,家庭戏,5,8,0.8,0.333333,亲属关系,家庭亲情
01024008,佛门点元,家庭戏,16,30,0.25,0.47619,亲属关系,恩怨报偿
01024009,木门道,历史戏,9,32,0.888889,0.142857,冲突关系,战争武略
01025001,宏碧缘,江湖戏,16,38,0.316667,0.47619,审判与恩怨关系,公案冤狱
01025002,宏碧缘,江湖戏,12,30,0.454545,0.118182,权力关系,除暴侠义
01025010,东宫扫雪,家庭戏,4,4,0.666667,0.666667,亲属关系,家庭亲情
01026004,黑驴告状,公案戏,12,34,0.515152,0.581818,审判与恩怨关系,公案冤狱
01026005,胭脂判,公案戏,9,28,0.777778,0.285714,亲属关系,家庭亲情
01026008,三结义,历史戏,17,49,0.360294,0.654167,同盟关系,家庭亲情
01027002,三门街,江湖戏,15,33,0.314286,0.461538,亲属关系,家庭亲情
01027003,三门街,江湖戏,20,66,0.347368,0.374269,亲属关系,除暴侠义
01027004,三门街,江湖戏,17,22,0.161765,0.3125,审判与恩怨关系,恩怨报偿
01027005,三门街,江湖戏,22,72,0.311688,0.233333,权力关系,政治权力
01027006,怒斩于神仙,神怪戏,14,38,0.417582,0.410256,审判与恩怨关系,宗教祥瑞
01027009,山海关,历史戏,15,38,0.361905,0.489011,冲突关系,战争武略
01027011,战潼台,历史戏,5,8,0.8,0.333333,亲属关系,家庭亲情
01027013,长生乐,家庭戏,16,66,0.55,0.438095,亲属关系,家庭亲情
01028001,童女斩蛇,公案戏,7,16,0.761905,0.333333,亲属关系,家庭亲情
01028002,九阳钟,江湖戏,32,141,0.284274,0.354839,婚恋关系,除暴侠义
01028005,磨房产子,家庭戏,0,0,0,0,婚恋关系,婚恋姻缘
01028006,蜈蚣岭,江湖戏,0,0,0,0,婚恋关系,除暴侠义
01028007,困曹府,历史戏,0,0,0,0,亲属关系,家庭亲情
01029002,关王庙,家庭戏,5,9,0.9,0.166667,权力关系,战争武略
01029004,九阳钟,江湖戏,35,153,0.257143,0.319964,婚恋关系,战争武略
01029005,普球山,江湖戏,13,60,0.769231,0.272727,亲属关系,除暴侠义
01029006,山海关,历史戏,19,56,0.327485,0.316993,权力关系,战争武略
01029007,吴汉杀妻,家庭戏,4,5,0.833333,0.333333,权力关系,政治权力
01030004,三雅园,公案戏,9,20,0.555556,0.571429,审判与恩怨关系,除暴侠义
01030006,山海关,历史戏,10,21,0.466667,0.527778,权力关系,政治权力
01030008,串珠记,公案戏,8,15,0.535714,0.238095,亲属关系,家庭亲情
01030009,贾政训子,家庭戏,9,25,0.694444,0.392857,亲属关系,礼教品格
01031002,牢狱鸳鸯,公案戏,15,52,0.495238,0.417582,婚恋关系,婚恋姻缘
01031006,莲花塘,神怪戏,9,10,0.277778,0.446429,亲属关系,家庭亲情
01031009,雍凉关,历史戏,7,11,0.52381,0.666667,权力关系,政治权力
01031010,选元戎,历史戏,9,26,0.722222,0.357143,权力关系,战争武略
01032002,连环套,江湖戏,12,22,0.333333,0.363636,冲突关系,除暴侠义
01032003,连环套,江湖戏,0,0,0,0,亲属关系,除暴侠义
01032005,新四十八扯,家庭戏,0,0,0,0,权力关系,政治权力
01032006,芙蓉诔,家庭戏,7,15,0.714286,0.4,亲属关系,家庭亲情
01032007,党人碑,公案戏,6,11,0.733333,0.4,权力关系,文人世情
01032008,白傅遣姬,家庭戏,0,0,0,0,权力关系,恩怨报偿
01032009,安五路,历史戏,7,13,0.619048,0.3,权力关系,政治权力
01033001,狸猫换太子,公案戏,23,85,0.335968,0.179654,审判与恩怨关系,公案冤狱
01033002,水漫金山寺,神怪戏,5,7,0.7,0.5,婚恋关系,宗教祥瑞
01034004,池水驿,家庭戏,0,0,0,0,婚恋关系,婚恋姻缘
01034007,艾孝子,家庭戏,8,18,0.642857,0.47619,亲属关系,家庭亲情
01034008,醋中醋,家庭戏,6,8,0.533333,0.4,亲属关系,家庭亲情
01035001,狸猫换太子,公案戏,11,27,0.490909,0.5,审判与恩怨关系,公案冤狱
01035003,宝玉出家,家庭戏,5,7,0.7,0.5,亲属关系,家庭亲情
01035004,新三娘教子,家庭戏,0,0,0,0,亲属关系,礼教品格
01035006,道州城,历史戏,9,24,0.666667,0.267857,审判与恩怨关系,战争武略
01035007,凤凰山,历史戏,4,5,0.833333,0.333333,同盟关系,战争武略
01036002,双龙会,历史戏,12,40,0.606061,0.363636,权力关系,战争武略
01036003,大香山,神怪戏,22,90,0.38961,0.566667,权力关系,宗教祥瑞
01036004,翠花宫,家庭戏,0,0,0,0,婚恋关系,婚恋姻缘
01036005,天女散花,神怪戏,0,0,0,0,亲属关系,家庭亲情
01037002,嫦娥奔月,神怪戏,1,0,0,0,亲属关系,宗教祥瑞
01037006,碧游宫,神怪戏,1,0,0,0,冲突关系,宗教祥瑞
01037008,打桃园,江湖戏,8,14,0.5,0.285714,婚恋关系,婚恋姻缘
01038001,珠帘寨,历史戏,8,21,0.75,0.333333,权力关系,战争武略
01038002,取南郡,历史戏,15,61,0.580952,0.401099,冲突关系,战争武略
01038003,芭蕉扇,神怪戏,5,7,0.7,0.5,权力关系,战争武略
01038007,五雷报,家庭戏,7,15,0.714286,0.4,亲属关系,宗教祥瑞
01038009,湘江会,历史戏,5,8,0.8,0.333333,审判与恩怨关系,恩怨报偿
01038010,宁武关,历史戏,4,5,0.833333,0.333333,冲突关系,战争武略
01039001,贩马记,公案戏,13,24,0.307692,0.424242,亲属关系,家庭亲情
01039002,玉门关,历史戏,9,11,0.305556,0.410714,冲突关系,战争武略
01039003,取南郡,历史戏,13,54,0.692308,0.363636,冲突关系,战争武略
01039005,戏姻缘,家庭戏,0,0,0,0,婚恋关系,婚恋姻缘
01039006,失金钗,家庭戏,6,8,0.533333,0.4,婚恋关系,婚恋姻缘
01040001,阎瑞生,公案戏,18,71,0.464052,0.536765,亲属关系,家庭亲情
01040003,馒头庵,家庭戏,5,9,0.9,0.166667,婚恋关系,战争武略
01040005,万花船,家庭戏,7,18,0.857143,0.2,婚恋关系,婚恋姻缘
01040007,郑恩做亲,历史戏,13,49,0.628205,0.340909,权力关系,政治权力
02001004,遐龄永祝,神怪戏,1,0,0,0,权力关系,宗教祥瑞
02001008,财源辐辏,神怪戏,1,0,0,0,权力关系,宗教祥瑞
02001019,攻潼关,神怪戏,2,0,0.0,0,冲突关系,战争武略
02001021,孝感天,家庭戏,4,4,0.666667,0.666667,亲属关系,战争武略
02001022,孝感天,家庭戏,5,6,0.6,0.666667,婚恋关系,婚恋姻缘
02001026,米注山,历史戏,4,5,0.833333,0.333333,权力关系,政治权力
02001027,米注山,历史戏,7,19,0.904762,0.133333,亲属关系,家庭亲情
02001028,米注山,历史戏,4,5,0.833333,0.333333,权力关系,除暴侠义
02001032,龙门山,历史戏,4,5,0.833333,0.333333,冲突关系,战争武略
02001033,搜孤救孤,历史戏,8,16,0.571429,0.380952,冲突关系,家庭亲情
02001034,搜孤救孤,历史戏,7,11,0.52381,0.433333,冲突关系,战争武略
02001044,西施,历史戏,8,21,0.75,0.333333,审判与恩怨关系,恩怨报偿
02001047,五雷阵,神怪戏,5,7,0.7,0.5,冲突关系,战争武略
02001049,五雷阵,神怪戏,4,4,0.666667,0.666667,冲突关系,宗教祥瑞
02001050,五雷阵,神怪戏,5,9,0.9,0.166667,冲突关系,宗教祥瑞
02002016,卓文君,家庭戏,5,7,0.7,0.5,权力关系,文人世情
02002032,汉忠烈,公案戏,3,1,0.333333,0.5,权力关系,忠义家国
02002033,汉忠烈,公案戏,1,0,0,0,审判与恩怨关系,忠义家国
02002034,汉忠烈,公案戏,1,0,0,0,权力关系,忠义家国
02003003,捉放曹,历史戏,4,5,0.833333,0.333333,权力关系,政治权力
02003021,骂曹饯行,历史戏,4,4,0.666667,0.666667,权力关系,礼教品格
02003033,汉阳院,历史戏,18,83,0.542484,0.382353,权力关系,战争武略
02004001,龙凤呈祥,历史戏,9,25,0.694444,0.392857,婚恋关系,战争武略
02004002,龙凤呈祥,历史戏,6,12,0.8,0.3,婚恋关系,婚恋姻缘
02004008,反西凉,历史戏,5,6,0.6,0.25,审判与恩怨关系,恩怨报偿
02004020,瓦口关,历史戏,6,10,0.666667,0.5,冲突关系,战争武略
02004028,造白袍,历史戏,5,5,0.5,0.416667,审判与恩怨关系,战争武略
02004029,造白袍,历史戏,7,10,0.47619,0.5,审判与恩怨关系,战争武略
02004052,定中原,历史戏,6,13,0.866667,0.2,权力关系,政治权力
02005006,九莲灯,公案戏,0,0,0,0,审判与恩怨关系,宗教祥瑞
02005007,九莲灯,公案戏,0,0,0,0,审判与恩怨关系,宗教祥瑞
02005008,九莲灯,家庭戏,0,0,0,0,婚恋关系,宗教祥瑞
02005009,九莲灯,家庭戏,0,0,0,0,婚恋关系,宗教祥瑞
02005010,九莲灯,神怪戏,0,0,0,0,婚恋关系,宗教祥瑞
02005011,九莲灯,神怪戏,0,0,0,0,婚恋关系,宗教祥瑞
02005012,九莲灯,历史戏,0,0,0,0,婚恋关系,宗教祥瑞
02005013,九莲灯,家庭戏,0,0,0,0,婚恋关系,宗教祥瑞
02005014,九莲灯,家庭戏,0,0,0,0,婚恋关系,宗教祥瑞
02005015,九莲灯,家庭戏,0,0,0,0,婚恋关系,宗教祥瑞
02005026,观阵,历史戏,5,8,0.8,0.333333,冲突关系,战争武略
02005028,报信,公案戏,5,8,0.8,0.333333,权力关系,战争武略
02005031,四平山,神怪戏,9,10,0.277778,0.285714,权力关系,战争武略
02005032,晋阳宫,历史戏,8,26,0.928571,0.095238,权力关系,政治权力
02005034,千金闸,神怪戏,5,8,0.8,0.333333,冲突关系,战争武略
02006004,锁五龙,历史戏,14,37,0.406593,0.692308,同盟关系,战争武略
02006008,秦王吊孝,神怪戏,8,23,0.821429,0.238095,权力关系,礼教品格
02006009,御果园,历史戏,8,26,0.928571,0.095238,权力关系,战争武略
02006021,药王卷,神怪戏,5,6,0.6,0.25,权力关系,政治权力
02006025,安天会,神怪戏,4,4,0.666667,0.666667,冲突关系,宗教祥瑞
02006027,黑风山,神怪戏,2,0,0.0,0,权力关系,善恶转化
02006031,五庄观,神怪戏,1,0,0,0,亲属关系,善恶转化
02006032,五庄观,神怪戏,1,0,0,0,亲属关系,善恶转化
02006034,邪魔侵正,神怪戏,5,8,0.8,0.333333,亲属关系,家庭亲情
02006037,法场明冤,神怪戏,1,0,0,0,审判与恩怨关系,公案冤狱
02006038,莲花洞,神怪戏,1,0,0,0,冲突关系,宗教祥瑞
02006052,黄草山,江湖戏,1,0,0,0,亲属关系,除暴侠义
02006060,战国进表,历史戏,5,6,0.6,0.666667,冲突关系,战争武略
02006064,贵寿图,神怪戏,6,8,0.533333,0.7,权力关系,战争武略
02006073,太平桥,历史戏,6,7,0.466667,0.5,权力关系,战争武略
02006074,太平桥,历史戏,8,18,0.642857,0.47619,权力关系,战争武略
02007030,目莲记,神怪戏,1,0,0,0,亲属关系,宗教祥瑞
02008004,战潼台,历史戏,0,0,0,0,冲突关系,战争武略
02008007,双尽忠,历史戏,0,0,0,0,冲突关系,忠义家国
02008008,双尽忠,公案戏,0,0,0,0,冲突关系,忠义家国
02008009,双尽忠,历史戏,0,0,0,0,权力关系,忠义家国
02008010,双尽忠,神怪戏,0,0,0,0,冲突关系,忠义家国
02008011,双尽忠,家庭戏,0,0,0,0,亲属关系,忠义家国
02008012,双尽忠,神怪戏,0,0,0,0,冲突关系,忠义家国
02008016,因果报,神怪戏,4,4,0.666667,0.666667,权力关系,宗教祥瑞
02008018,鹞子观星,神怪戏,1,0,0,0,亲属关系,战争武略
02008023,泗水关,历史戏,4,5,0.833333,0.333333,冲突关系,家庭亲情
02008043,瓦桥关,历史戏,6,9,0.6,0.3,亲属关系,战争武略
02008048,三岔口,江湖戏,5,9,0.9,0.166667,婚恋关系,婚恋姻缘
02008052,九龙峪,历史戏,5,8,0.8,0.333333,婚恋关系,婚恋姻缘
02008054,双挂印,历史戏,7,16,0.761905,0.333333,冲突关系,战争武略
02008056,八盘山,历史戏,6,10,0.666667,0.5,亲属关系,家庭亲情
02008060,双沙河,家庭戏,5,9,0.9,0.166667,亲属关系,家庭亲情
02008061,双沙河,家庭戏,6,9,0.6,0.6,冲突关系,战争武略
02009026,林冲夜奔,江湖戏,1,0,0,0,同盟关系,除暴侠义
02009029,灵官殿,江湖戏,4,4,0.666667,0.666667,权力关系,宗教祥瑞
02009041,百花庄,江湖戏,6,9,0.6,0.6,亲属关系,除暴侠义
02010003,扈家庄,历史戏,4,3,0.5,0.333333,冲突关系,除暴侠义
02010024,洞庭湖,历史戏,7,16,0.761905,0.333333,亲属关系,忠义家国
02010032,狮吼记,家庭戏,8,18,0.642857,0.47619,婚恋关系,婚恋姻缘
02010034,大悲楼,神怪戏,6,11,0.733333,0.4,冲突关系,战争武略
02011012,采石矶,历史戏,7,17,0.809524,0.266667,冲突关系,战争武略
02011021,飞坡岛,神怪戏,1,0,0,0,审判与恩怨关系,宗教祥瑞
02011041,宁武关,家庭戏,7,13,0.619048,0.533333,亲属关系,战争武略
02012001,忠义图,江湖戏,13,52,0.666667,0.295455,审判与恩怨关系,忠义家国
02012002,忠义图,江湖戏,21,86,0.409524,0.321053,冲突关系,除暴侠义
02012003,常云观,江湖戏,13,45,0.576923,0.401515,审判与恩怨关系,除暴侠义
02012004,贺兰山,江湖戏,27,153,0.435897,0.443077,同盟关系,除暴侠义
02012007,九龙杯,江湖戏,1,0,0,0,权力关系,政治权力
02012008,九龙杯,江湖戏,1,0,0,0,权力关系,政治权力
02012009,九龙杯,江湖戏,1,0,0,0,权力关系,政治权力
02012011,九龙杯,公案戏,2,0,0.0,0,权力关系,政治权力
02012013,丁彪投宿,江湖戏,1,0,0,0,冲突关系,善恶转化
02012020,莲花湖,江湖戏,14,63,0.692308,0.358974,亲属关系,除暴侠义
02012035,东昌府,公案戏,7,20,0.952381,0.066667,亲属关系,家庭亲情
02012036,东昌府,公案戏,5,8,0.8,0.333333,审判与恩怨关系,恩怨报偿
02012041,弓砚缘,江湖戏,2,0,0.0,0,权力关系,政治权力
02012045,弓砚缘,家庭戏,6,14,0.933333,0.1,婚恋关系,婚恋姻缘
02012046,弓砚缘,历史戏,6,11,0.733333,0.4,权力关系,恩怨报偿
03001001,米注山,历史戏,4,5,0.833333,0.333333,冲突关系,战争武略
03001002,平陆浑,历史戏,1,0,0,0,冲突关系,战争武略
03001004,摘缨会,历史戏,5,9,0.9,0.166667,冲突关系,战争武略
03003002,李广催贡,历史戏,1,0,0,0,权力关系,政治权力
03003003,庆阳图,历史戏,6,14,0.933333,0.1,权力关系,政治权力
03003005,黑风帕,神怪戏,6,11,0.733333,0.4,婚恋关系,战争武略
03004003,官庄堡,公案戏,6,14,0.933333,0.1,权力关系,善恶转化
03004004,南天门,公案戏,5,7,0.7,0.5,婚恋关系,婚恋姻缘
03006007,锤换带,历史戏,4,5,0.833333,0.333333,亲属关系,家庭亲情
03007005,十道本,历史戏,11,24,0.436364,0.322222,权力关系,善恶转化
03009001,黄一刀,江湖戏,7,15,0.714286,0.4,婚恋关系,婚恋姻缘
03009002,耒阳县,历史戏,6,10,0.666667,0.5,审判与恩怨关系,公案冤狱
03012003,乾坤福寿镜,家庭戏,9,24,0.666667,0.428571,亲属关系,家庭亲情
03013006,五龙斗,历史戏,4,3,0.5,0.333333,冲突关系,战争武略
03013008,打窦瑶,历史戏,4,5,0.833333,0.333333,权力关系,政治权力
03014003,得意缘,江湖戏,8,24,0.857143,0.190476,亲属关系,家庭亲情
03016001,大回朝,历史戏,1,0,0,0,权力关系,政治权力
03016003,下河东,历史戏,6,8,0.533333,0.7,权力关系,政治权力
03016005,赛太岁,公案戏,5,9,0.9,0.166667,婚恋关系,婚恋姻缘
03017003,战冀州,历史戏,1,0,0,0,冲突关系,战争武略
03017004,赚历城,历史戏,1,0,0,0,同盟关系,战争武略
03017005,葭萌关,历史戏,6,12,0.8,0.3,冲突关系,战争武略
03019002,扈家庄,江湖戏,1,0,0,0,冲突关系,除暴侠义
03019003,金猛关,江湖戏,11,52,0.945455,0.066667,婚恋关系,战争武略
03021004,投军降马,历史戏,6,9,0.6,0.6,同盟关系,善恶转化
03021006,误卯三打,历史戏,4,4,0.666667,0.666667,冲突关系,战争武略
03021008,鸿雁捎书,神怪戏,1,0,0,0,权力关系,文人世情
03021012,银空山,历史戏,5,7,0.7,0.5,权力关系,政治权力
03021013,大登殿,家庭戏,9,25,0.694444,0.392857,权力关系,政治权力
03022003,古押衙,江湖戏,5,9,0.9,0.166667,婚恋关系,婚恋姻缘
03026002,渡阴平,历史戏,1,0,0,0,冲突关系,战争武略
03026004,取江油,历史戏,1,0,0,0,冲突关系,战争武略
03027001,五雷阵,神怪戏,1,0,0,0,冲突关系,战争武略
03028001,潞安州,历史戏,4,3,0.5,0.333333,冲突关系,战争武略
03028003,牛皋招亲,家庭戏,9,30,0.833333,0.214286,婚恋关系,忠义家国
03028006,请宋灵,历史戏,8,19,0.678571,0.238095,权力关系,忠义家国
03029001,春秋配,公案戏,6,12,0.8,0.3,亲属关系,家庭亲情
03029002,打樱桃,家庭戏,6,13,0.866667,0.2,婚恋关系,婚恋姻缘
03030001,雁门关,历史戏,11,24,0.436364,0.322222,亲属关系,家庭亲情
03030002,雁门关,历史戏,9,16,0.444444,0.553571,亲属关系,家庭亲情
03030003,雁门关,历史戏,7,14,0.666667,0.233333,亲属关系,家庭亲情
03030004,雁门关,神怪戏,11,22,0.4,0.122222,亲属关系,家庭亲情
03030005,雁门关,历史戏,5,4,0.4,0.166667,冲突关系,战争武略
03030006,雁门关,历史戏,8,21,0.75,0.142857,亲属关系,家庭亲情
03030007,雁门关,历史戏,14,27,0.296703,0.282051,冲突关系,战争武略
03031005,双摇会,家庭戏,6,13,0.866667,0.2,婚恋关系,婚恋姻缘
03033005,司马师逼宫,历史戏,5,9,0.9,0.166667,权力关系,政治权力
03034001,孟母断机,家庭戏,1,0,0,0,亲属关系,家庭亲情
03034002,孝感天,神怪戏,5,8,0.8,0.333333,亲属关系,家庭亲情
03034004,陵母伏剑,历史戏,1,0,0,0,亲属关系,家庭亲情
03038001,圯桥三进履,历史戏,4,4,0.666667,0.666667,审判与恩怨关系,恩怨报偿
03038002,黄金印,历史戏,6,13,0.866667,0.2,权力关系,战争武略
03038003,秋生造律,公案戏,6,13,0.866667,0.2,权力关系,政治权力
03039002,一捧雪,公案戏,6,12,0.8,0.3,同盟关系,恩怨报偿
03039004,傅氏发配,公案戏,1,0,0,0,婚恋关系,婚恋姻缘
03039006,收雪艳,家庭戏,4,3,0.5,0.333333,权力关系,战争武略
03040001,双玉镯,公案戏,9,25,0.694444,0.392857,亲属关系,家庭亲情
03040002,法门寺,公案戏,14,55,0.604396,0.371795,亲属关系,家庭亲情
03041002,投笔封侯,历史戏,1,0,0,0,权力关系,政治权力
03041004,周瑜,历史戏,7,15,0.714286,0.4,亲属关系,家庭亲情
03041006,小显,神怪戏,1,0,0,0,冲突关系,战争武略
03041007,双合印,公案戏,7,18,0.857143,0.2,审判与恩怨关系,公案冤狱
03042003,明末遗恨,历史戏,13,52,0.666667,0.393939,权力关系,政治权力
03042004,史可法,历史戏,1,0,0,0,冲突关系,战争武略
03042005,明末孤忠,历史戏,1,0,0,0,审判与恩怨关系,战争武略
03043003,涿州判,公案戏,4,4,0.666667,0.666667,亲属关系,家庭亲情
03044003,火烧百凉楼,历史戏,4,2,0.333333,0.666667,权力关系,战争武略
03046001,草桥关,历史戏,10,33,0.733333,0.333333,亲属关系,家庭亲情
03046003,白良关,家庭戏,7,14,0.666667,0.466667,亲属关系,家庭亲情
03047001,好鹤失政,历史戏,1,0,0,0,权力关系,忠义家国
03047003,哭秦庭,历史戏,5,6,0.6,0.666667,冲突关系,战争武略
03047004,豫让桥,历史戏,0,0,0,0,审判与恩怨关系,恩怨报偿
03050001,闹花灯,家庭戏,5,9,0.9,0.166667,权力关系,政治权力
03050002,九焰山,家庭戏,5,8,0.8,0.333333,审判与恩怨关系,公案冤狱
03051005,马陵道,历史戏,4,5,0.833333,0.333333,婚恋关系,婚恋姻缘
03052005,朝金顶,神怪戏,4,1,0.166667,0.333333,权力关系,政治权力
03053001,打銮驾,公案戏,5,9,0.9,0.166667,审判与恩怨关系,公案冤狱
03054003,马跳潭溪,历史戏,5,8,0.8,0.333333,亲属关系,战争武略
03054004,水镜庄,历史戏,5,6,0.6,0.666667,冲突关系,战争武略
03054007,走马荐诸葛,历史戏,8,13,0.464286,0.52381,亲属关系,家庭亲情
03054008,一请诸葛,历史戏,7,14,0.666667,0.233333,亲属关系,家庭亲情
03055001,打潘豹,历史戏,8,20,0.714286,0.190476,亲属关系,公案冤狱
03055002,双龙会,历史戏,8,22,0.785714,0.285714,权力关系,战争武略
03055003,托兆碰碑,神怪戏,5,7,0.7,0.5,亲属关系,家庭亲情
03055004,告御状,公案戏,4,5,0.833333,0.333333,权力关系,公案冤狱
03055006,夜审潘洪,公案戏,6,9,0.6,0.6,审判与恩怨关系,公案冤狱
03057005,梅花络,家庭戏,5,9,0.9,0.166667,婚恋关系,婚恋姻缘
03057008,黛玉焚稿,家庭戏,5,6,0.6,0.666667,婚恋关系,婚恋姻缘
03058001,遇龙镇,历史戏,4,5,0.833333,0.333333,婚恋关系,婚恋姻缘
03058004,青峰岭,江湖戏,1,0,0,0,冲突关系,家庭亲情
03059004,风流双枪将,江湖戏,6,13,0.866667,0.2,亲属关系,除暴侠义
03060005,困曹府,历史戏,4,5,0.833333,0.333333,权力关系,宗教祥瑞
03060009,雪夜访普,历史戏,1,0,0,0,权力关系,政治权力
03064003,梨花簪,家庭戏,5,9,0.9,0.166667,婚恋关系,婚恋姻缘
03066002,庚娘,家庭戏,1,0,0,0,婚恋关系,婚恋姻缘
03068004,收邳彤,历史戏,7,19,0.904762,0.133333,权力关系,战争武略
03071001,野猪林,历史戏,5,9,0.9,0.166667,亲属关系,除暴侠义
03071003,浔阳楼,江湖戏,1,0,0,0,冲突关系,除暴侠义
03072001,春秋笔,历史戏,5,9,0.9,0.166667,权力关系,战争武略
03074001,介子推,历史戏,1,0,0,0,亲属关系,家庭亲情
03074002,焚棉山,历史戏,1,0,0,0,亲属关系,家庭亲情
03074003,羊角哀,神怪戏,1,0,0,0,亲属关系,家庭亲情
03074006,兴秦图,历史戏,1,0,0,0,冲突关系,战争武略
03075004,神亭岭,历史戏,5,9,0.9,0.166667,冲突关系,战争武略
03076002,秦淮河,江湖戏,6,14,0.933333,0.1,冲突关系,家庭亲情
03078003,孟尝君,历史戏,1,0,0,0,权力关系,政治权力
03079001,卓文君,家庭戏,6,12,0.8,0.3,婚恋关系,婚恋姻缘
03079002,苏武牧羊,历史戏,12,39,0.590909,0.490909,权力关系,善恶转化
03079003,输财救国,历史戏,1,0,0,0,权力关系,忠义家国
03079004,汉明妃,历史戏,6,13,0.866667,0.2,权力关系,政治权力
03080001,斩华雄,历史戏,6,14,0.933333,0.1,冲突关系,战争武略
03084003,战寿州,历史戏,5,6,0.6,0.666667,冲突关系,战争武略
03085003,汉津口,历史戏,8,24,0.857143,0.190476,权力关系,战争武略
03086003,擒乌龙,历史戏,1,0,0,0,审判与恩怨关系,恩怨报偿
03089002,双挂印,历史戏,6,10,0.666667,0.5,冲突关系,战争武略
03089003,洪洋洞,神怪戏,9,18,0.5,0.642857,亲属关系,家庭亲情
03090001,安居平五路,历史戏,4,4,0.666667,0.666667,权力关系,战争武略
03090003,雍凉关,历史戏,5,8,0.8,0.333333,权力关系,战争武略
03090007,战北原,历史戏,4,4,0.666667,0.666667,冲突关系,战争武略
03090008,胭粉计,神怪戏,7,16,0.761905,0.333333,亲属关系,家庭亲情
03091002,上天台,历史戏,4,5,0.833333,0.333333,亲属关系,家庭亲情
03091004,窦老送子,家庭戏,1,0,0,0,婚恋关系,婚恋姻缘
03091006,乌盆记,神怪戏,7,15,0.714286,0.4,审判与恩怨关系,公案冤狱
03092004,秦罗敷,家庭戏,1,0,0,0,婚恋关系,婚恋姻缘
03093001,许田射鹿,历史戏,10,30,0.666667,0.416667,权力关系,政治权力
03093007,五截山,历史戏,8,23,0.821429,0.238095,冲突关系,战争武略
03093008,哭祖庙,历史戏,4,4,0.666667,0.666667,冲突关系,善恶转化
03094001,意中缘,家庭戏,9,31,0.861111,0.178571,婚恋关系,文人世情
03096001,借赵云,历史戏,5,8,0.8,0.333333,冲突关系,战争武略
03096002,舌战群儒,历史戏,4,4,0.666667,0.666667,冲突关系,战争武略
03096005,战长沙,历史戏,6,13,0.866667,0.2,冲突关系,战争武略
03096006,黄鹤楼,历史戏,5,7,0.7,0.5,权力关系,政治权力
03097001,斩伍奢,公案戏,4,5,0.833333,0.333333,亲属关系,家庭亲情
03097002,战樊城,公案戏,7,14,0.666667,0.233333,冲突关系,战争武略
03098002,广泰庄,历史戏,1,0,0,0,权力关系,战争武略
03098005,战太平,历史戏,6,13,0.866667,0.2,冲突关系,战争武略
03099003,莲花洞,神怪戏,1,0,0,0,亲属关系,宗教祥瑞
03100001,虹霓关,历史戏,4,5,0.833333,0.333333,审判与恩怨关系,恩怨报偿
03100004,薛仁贵救驾,历史戏,6,14,0.933333,0.1,权力关系,忠义家国
03100006,锁阳关,历史戏,4,4,0.666667,0.666667,亲属关系,家庭亲情
03101003,走麦城,历史戏,18,87,0.568627,0.485294,冲突关系,战争武略
03103001,十老安刘,历史戏,8,17,0.607143,0.333333,权力关系,政治权力
03103002,四进士,公案戏,18,69,0.45098,0.419118,审判与恩怨关系,公案冤狱
03104004,四平山,历史戏,1,0,0,0,冲突关系,战争武略
03105002,绿珠坠楼,家庭戏,1,0,0,0,冲突关系,战争武略
03106002,窃兵符,历史戏,1,0,0,0,冲突关系,战争武略
03109001,河伯娶妇,家庭戏,1,0,0,0,亲属关系,善恶转化
03109003,回荆州,历史戏,6,10,0.666667,0.5,婚恋关系,战争武略
03109004,贺后骂殿,历史戏,10,35,0.777778,0.277778,权力关系,政治权力
03109005,玉麟图,江湖戏,2,0,0.0,0,冲突关系,除暴侠义
04001001,空城计,历史戏,4,5,0.833333,0.333333,冲突关系,战争武略
04001003,挑滑车,历史戏,0,0,0,0,冲突关系,忠义家国
04002003,辕门斩子,历史戏,8,21,0.75,0.333333,亲属关系,家庭亲情
04003001,三顾茅庐,历史戏,6,13,0.866667,0.2,权力关系,战争武略
04003002,长坂坡,历史戏,5,9,0.9,0.166667,婚恋关系,战争武略
04003003,定军山,历史戏,7,15,0.714286,0.4,冲突关系,战争武略
04004001,玉堂春,公案戏,0,0,0,0,审判与恩怨关系,公案冤狱
04008002,十三妹,江湖戏,11,36,0.654545,0.3,亲属关系,家庭亲情
04011002,激权激瑜,历史戏,5,8,0.8,0.333333,权力关系,战争武略
04011003,思凡,家庭戏,1,0,0,0,亲属关系,宗教祥瑞
04011005,清风寨,历史戏,1,0,0,0,婚恋关系,除暴侠义
04012002,瓦口关,历史戏,7,19,0.904762,0.133333,冲突关系,战争武略
04012003,杨排风,历史戏,5,8,0.8,0.333333,冲突关系,战争武略
04013001,八大锤,历史戏,4,5,0.833333,0.333333,冲突关系,忠义家国
04013002,千里走单骑,历史戏,5,6,0.6,0.25,冲突关系,战争武略
04014002,岳家庄,历史戏,1,0,0,0,亲属关系,家庭亲情
04014003,艳阳楼,江湖戏,6,14,0.933333,0.1,权力关系,除暴侠义
04016001,甘露寺,历史戏,12,41,0.621212,0.454545,婚恋关系,战争武略
04017001,战太平,历史戏,7,18,0.857143,0.2,冲突关系,战争武略
04017002,审潘洪,公案戏,8,12,0.428571,0.761905,审判与恩怨关系,公案冤狱
04023001,武松,江湖戏,1,0,0,0,审判与恩怨关系,除暴侠义
04023002,武松打虎,江湖戏,1,0,0,0,冲突关系,除暴侠义
04024004,一箭仇,历史戏,1,0,0,0,审判与恩怨关系,除暴侠义
04025002,借赵云,历史戏,5,8,0.8,0.333333,冲突关系,战争武略
04026001,游园惊梦,家庭戏,5,3,0.3,0.75,亲属关系,文人世情
04027001,生死恨,家庭戏,13,34,0.435897,0.568182,婚恋关系,婚恋姻缘
04034001,双合印,公案戏,11,34,0.618182,0.466667,审判与恩怨关系,公案冤狱
04034002,贺后骂殿,历史戏,11,52,0.945455,0.066667,权力关系,政治权力
04034003,牛皋招亲,历史戏,9,28,0.777778,0.285714,婚恋关系,忠义家国
04037001,玉簪记,家庭戏,11,39,0.709091,0.233333,亲属关系,文人世情
04040002,打侄上坟,家庭戏,5,7,0.7,0.5,亲属关系,家庭亲情
04044001,春闺梦,家庭戏,13,63,0.807692,0.227273,冲突关系,战争武略
04049001,无底洞,神怪戏,17,66,0.485294,0.604167,亲属关系,宗教祥瑞
05002001,斩彭越,历史戏,4,5,0.833333,0.333333,冲突关系,战争武略
05002003,陈桥兵变,历史戏,1,0,0,0,权力关系,战争武略
05002005,金镛关,历史戏,1,0,0,0,权力关系,战争武略
05003001,临潼会,历史戏,1,0,0,0,权力关系,政治权力
05004005,袁吕结亲,历史戏,6,10,0.666667,0.5,婚恋关系,战争武略
05004007,七步吟,历史戏,1,0,0,0,权力关系,政治权力
05004009,富春江,历史戏,1,0,0,0,权力关系,政治权力
05006006,斩韩信,历史戏,5,8,0.8,0.333333,权力关系,政治权力
05007006,斩黄袍,历史戏,8,17,0.607143,0.333333,冲突关系,战争武略
05011002,鬼断家私,公案戏,1,0,0,0,亲属关系,家庭亲情
05012002,吴越春秋,历史戏,7,20,0.952381,0.066667,审判与恩怨关系,恩怨报偿
05013003,珍珠塔,家庭戏,2,0,0.0,0,婚恋关系,婚恋姻缘
05016001,双义节,历史戏,1,0,0,0,权力关系,政治权力
05018001,五彩舆,公案戏,6,4,0.266667,0.2,婚恋关系,婚恋姻缘
05018002,五彩舆,公案戏,6,11,0.733333,0.4,婚恋关系,婚恋姻缘
05018003,五彩舆,公案戏,5,6,0.6,0.666667,审判与恩怨关系,公案冤狱
05018004,五彩舆,公案戏,7,11,0.52381,0.433333,婚恋关系,婚恋姻缘
05018005,五彩舆,公案戏,8,16,0.571429,0.380952,婚恋关系,婚恋姻缘
05019001,五彩舆,公案戏,6,13,0.866667,0.2,冲突关系,战争武略
05019002,五彩舆,公案戏,5,7,0.7,0.5,审判与恩怨关系,战争武略
05019003,五彩舆,公案戏,5,6,0.6,0.666667,婚恋关系,战争武略
05019004,五彩舆,公案戏,5,8,0.8,0.333333,冲突关系,善恶转化
05020001,香莲帕,家庭戏,11,29,0.527273,0.455556,权力关系,政治权力
05021002,喜封侯,历史戏,5,7,0.7,0.5,权力关系,政治权力
05024012,柴桑口,历史戏,5,9,0.9,0.166667,冲突关系,战争武略
07002001,渡阴平,历史戏,9,25,0.694444,0.392857,亲属关系,家庭亲情
08002005,姚期,历史戏,21,93,0.442857,0.571053,亲属关系,家庭亲情
08005002,击鼓骂曹,历史戏,10,35,0.777778,0.277778,权力关系,礼教品格
08005006,双蛇斗,神怪戏,1,0,0,0,亲属关系,家庭亲情
09001002,宇宙锋,历史戏,7,19,0.904762,0.133333,权力关系,政治权力
09003003,卧龙吊孝,历史戏,12,51,0.772727,0.272727,同盟关系,礼教品格
09004003,断臂说书,历史戏,10,21,0.466667,0.541667,冲突关系,忠义家国
09006001,打严嵩,历史戏,6,14,0.933333,0.1,权力关系,政治权力
09006002,荒山泪,家庭戏,15,49,0.466667,0.615385,亲属关系,家庭亲情
09007001,生死恨,家庭戏,22,67,0.290043,0.521429,婚恋关系,婚恋姻缘
09008002,林冲夜奔,江湖戏,7,15,0.714286,0.666667,冲突关系,除暴侠义
10001032,珠帘寨,历史戏,10,26,0.577778,0.388889,冲突关系,战争武略
10002001,南天门,神怪戏,5,7,0.7,0.5,同盟关系,忠义家国
11001001,连环套,江湖戏,29,174,0.428571,0.345238,亲属关系,除暴侠义
11001003,殷家堡,江湖戏,15,62,0.590476,0.225275,权力关系,除暴侠义
13003007,二度梅·舟配,家庭戏,6,12,0.8,0.3,亲属关系,家庭亲情
13004002,洛阳桥·下海,神怪戏,1,0,0,0,审判与恩怨关系,恩怨报偿
13004003,安天会·偷桃,神怪戏,7,10,0.47619,0.5,亲属关系,宗教祥瑞
14001001,一捧雪,公案戏,8,25,0.892857,0.142857,亲属关系,家庭亲情
14001003,八大锤,历史戏,6,9,0.6,0.3,审判与恩怨关系,忠义家国
14001004,九更天,公案戏,10,27,0.6,0.361111,审判与恩怨关系,公案冤狱
14001005,丁甲山,江湖戏,10,32,0.711111,0.361111,亲属关系,除暴侠义
14002002,打渔杀家,江湖戏,5,8,0.8,0.333333,冲突关系,善恶转化
14002004,打棍出箱,神怪戏,7,10,0.47619,0.733333,权力关系,政治权力
14002005,打严嵩,历史戏,4,5,0.833333,0.333333,权力关系,政治权力
14002006,打龙袍,公案戏,8,23,0.821429,0.238095,审判与恩怨关系,公案冤狱
14002008,白门楼,历史戏,8,23,0.821429,0.238095,权力关系,政治权力
14003003,空城计,历史戏,10,25,0.555556,0.416667,冲突关系,战争武略
14007006,翠屏山,家庭戏,7,20,0.952381,0.1,亲属关系,家庭亲情
14009005,香妃恨,历史戏,0,0,0,0,权力关系,恩怨报偿
14014002,战宛城,历史戏,5,8,0.8,0.333333,冲突关系,战争武略
14016005,三搜索府,公案戏,1,0,0,0,权力关系,政治权力
14016006,白眉毛大闹高家店,江湖戏,1,0,0,0,审判与恩怨关系,公案冤狱
15013001,虎符救赵,历史戏,10,34,0.755556,0.305556,冲突关系,战争武略
70001101,四进士,公案戏,16,56,0.466667,0.380952,审判与恩怨关系,公案冤狱
70001102,打严嵩,历史戏,4,5,0.833333,0.333333,权力关系,政治权力
70001106,乌龙院,家庭戏,4,4,0.666667,0.666667,同盟关系,文人世情
70001111,文天祥,历史戏,11,23,0.418182,0.711111,权力关系,忠义家国
70001204,单刀赴会,历史戏,4,5,0.833333,0.333333,冲突关系,战争武略
70001310,明末遗恨,历史戏,13,51,0.653846,0.310606,权力关系,政治权力
70001311,打严嵩,公案戏,4,5,0.833333,0.333333,权力关系,政治权力
70002101,群英会·借东风,历史戏,20,95,0.5,0.44152,冲突关系,战争武略
70002102,甘露寺,历史戏,12,37,0.560606,0.536364,婚恋关系,战争武略
70002103,十老安刘,历史戏,31,200,0.430108,0.325287,权力关系,政治权力
70002104,串龙珠,历史戏,17,85,0.625,0.354167,亲属关系,家庭亲情
70002105,赵氏孤儿,历史戏,22,93,0.402597,0.447619,权力关系,政治权力
70002201,四进士,公案戏,23,93,0.367589,0.493506,审判与恩怨关系,公案冤狱
70002202,胭脂宝褶,历史戏,24,74,0.268116,0.563241,亲属关系,宗教祥瑞
70002203,二堂舍子,家庭戏,9,25,0.694444,0.392857,亲属关系,家庭亲情
70002205,清官册·夜审潘洪,公案戏,16,51,0.425,0.504762,审判与恩怨关系,公案冤狱
70003101,斩熊虎,历史戏,6,13,0.866667,0.2,审判与恩怨关系,公案冤狱
70003105,斩车胄,历史戏,6,12,0.8,0.3,权力关系,战争武略
70003107,赐袍赠马,历史戏,6,11,0.733333,0.4,婚恋关系,战争武略
70003108,白马坡,历史戏,9,24,0.666667,0.428571,冲突关系,战争武略
70003109,诛文丑,历史戏,5,8,0.8,0.333333,冲突关系,战争武略
70003113,过五关,历史戏,13,38,0.487179,0.606061,冲突关系,战争武略
70003114,收周仓,历史戏,7,9,0.428571,0.8,冲突关系,除暴侠义
70003115,古城会,历史戏,7,17,0.809524,0.266667,冲突关系,战争武略
70003117,收关平,历史戏,8,19,0.678571,0.428571,冲突关系,战争武略
70003118,火烧博望坡,历史戏,6,12,0.8,0.3,冲突关系,战争武略
70003119,汉津口,历史戏,8,23,0.821429,0.238095,冲突关系,战争武略
70003121,华容道,历史戏,9,21,0.583333,0.535714,冲突关系,战争武略
70003123,单刀会,历史戏,5,7,0.7,0.5,冲突关系,战争武略
70003124,取襄阳,历史戏,10,28,0.622222,0.472222,同盟关系,战争武略
70003127,走麦城,历史戏,8,17,0.607143,0.52381,冲突关系,战争武略
70004101,驱车战将,历史戏,1,0,0,0,冲突关系,战争武略
70004102,好鹤失政,历史戏,1,0,0,0,冲突关系,战争武略
70004103,陈十策,历史戏,1,0,0,0,权力关系,政治权力
70004104,绝龙岭,历史戏,1,0,0,0,权力关系,战争武略
70004106,二子乘舟,家庭戏,0,0,0,0,亲属关系,家庭亲情
70004109,走麦城,历史戏,17,58,0.426471,0.729167,冲突关系,战争武略
70004111,刀劈三关,历史戏,5,8,0.8,0.333333,权力关系,战争武略
70005106,马前泼水,家庭戏,6,6,0.4,0.6,婚恋关系,文人世情
70005110,哭祖庙,历史戏,5,5,0.5,0.833333,冲突关系,战争武略
70005114,骂阎罗,神怪戏,6,7,0.466667,0.8,亲属关系,家庭亲情
70005115,排王赞,历史戏,6,9,0.6,0.6,权力关系,政治权力
70006101,搜孤救孤,历史戏,4,5,0.833333,0.333333,亲属关系,家庭亲情
70006104,定军山,历史戏,7,12,0.571429,0.6,冲突关系,战争武略
70006105,失街亭·空城计·斩马谡,历史戏,4,4,0.666667,0.666667,冲突关系,战争武略
70006107,珠帘寨,历史戏,8,21,0.75,0.333333,冲突关系,战争武略
70006108,洪羊洞,历史戏,7,10,0.47619,0.733333,亲属关系,家庭亲情
70006109,乌盆记,公案戏,7,13,0.619048,0.533333,审判与恩怨关系,公案冤狱
70006110,战太平,历史戏,6,13,0.866667,0.2,冲突关系,战争武略
70006112,御碑亭,家庭戏,5,9,0.9,0.166667,婚恋关系,文人世情
70201105,天女散花,神怪戏,0,0,0,0,亲属关系,家庭亲情
70201110,生死恨,家庭戏,12,31,0.469697,0.527273,婚恋关系,婚恋姻缘
70201203,西施,历史戏,8,21,0.75,0.333333,审判与恩怨关系,恩怨报偿
70201204,穆桂英挂帅,历史戏,11,40,0.727273,0.333333,亲属关系,家庭亲情
70202101,红拂传,江湖戏,4,5,0.833333,0.333333,婚恋关系,婚恋姻缘
70202103,鸳鸯冢,家庭戏,10,25,0.555556,0.416667,婚恋关系,婚恋姻缘
70202104,青霜剑,公案戏,6,11,0.733333,0.4,审判与恩怨关系,礼教品格
70202105,窦娥冤,公案戏,8,20,0.714286,0.380952,亲属关系,家庭亲情
70202106,碧玉簪,家庭戏,7,19,0.904762,0.133333,婚恋关系,婚恋姻缘
70202109,荒山泪,家庭戏,8,19,0.678571,0.238095,亲属关系,家庭亲情
70202110,春闺梦,家庭戏,7,17,0.809524,0.266667,冲突关系,战争武略
70202111,亡蜀鉴,历史戏,1,0,0,0,婚恋关系,善恶转化
70202112,锁麟囊,家庭戏,17,124,0.911765,0.1,婚恋关系,礼教品格
70203101,花田错,家庭戏,12,48,0.727273,0.327273,婚恋关系,婚恋姻缘
70203102,辛安驿,江湖戏,7,18,0.857143,0.2,婚恋关系,婚恋姻缘
70203103,元宵谜,家庭戏,13,42,0.538462,0.44697,亲属关系,文人世情
70203104,香罗带,家庭戏,10,27,0.6,0.361111,审判与恩怨关系,公案冤狱
70203105,钗头凤,家庭戏,12,48,0.727273,0.327273,婚恋关系,婚恋姻缘
70203106,杜十娘,家庭戏,7,18,0.857143,0.2,婚恋关系,文人世情
70203107,红楼二尤,家庭戏,17,79,0.580882,0.3375,婚恋关系,婚恋姻缘
70203108,勘玉钏,公案戏,15,68,0.647619,0.406593,婚恋关系,婚恋姻缘
70203109,红娘,家庭戏,11,47,0.854545,0.177778,婚恋关系,婚恋姻缘
70203111,金玉奴,家庭戏,10,31,0.688889,0.388889,婚恋关系,婚恋姻缘
70203112,卓文君,家庭戏,8,25,0.892857,0.142857,婚恋关系,文人世情
70203201,大英杰烈,江湖戏,12,43,0.651515,0.418182,亲属关系,家庭亲情
70203202,玉堂春,公案戏,0,0,0,0,审判与恩怨关系,公案冤狱
70203203,绣襦记,家庭戏,8,23,0.821429,0.238095,亲属关系,家庭亲情
70203204,霍小玉,家庭戏,9,25,0.694444,0.392857,婚恋关系,文人世情
70204106,渔夫恨,江湖戏,6,13,0.866667,0.2,权力关系,政治权力
70204107,桃花扇,历史戏,13,70,0.897436,0.121212,权力关系,政治权力
70401101,荆轲传,历史戏,1,0,0,0,审判与恩怨关系,恩怨报偿
70401110,飞虎梦,历史戏,8,21,0.75,0.333333,冲突关系,忠义家国
70402101,铡判官,公案戏,12,33,0.5,0.490909,审判与恩怨关系,公案冤狱
70402102,铡美案,公案戏,8,17,0.607143,0.52381,审判与恩怨关系,公案冤狱
70402104,除三害,家庭戏,7,17,0.809524,0.266667,冲突关系,除暴侠义
70601101,赤壁鏖兵,历史戏,6,12,0.8,0.3,冲突关系,战争武略
70601102,赤壁鏖兵,历史戏,6,13,0.866667,0.2,冲突关系,战争武略
70601104,赤壁鏖兵,历史戏,10,38,0.844444,0.194444,冲突关系,战争武略
70601105,赤壁鏖兵,历史戏,9,26,0.722222,0.357143,冲突关系,战争武略
70601106,赤壁鏖兵,历史戏,4,4,0.666667,0.666667,冲突关系,战争武略
70601107,赤壁鏖兵,历史戏,6,9,0.6,0.6,冲突关系,战争武略
70601108,赤壁鏖兵,历史戏,4,5,0.833333,0.333333,冲突关系,战争武略
70601110,变羊记,家庭戏,5,9,0.9,0.166667,亲属关系,家庭亲情
70801119,西厢记,家庭戏,5,7,0.7,0.5,婚恋关系,婚恋姻缘
70801120,谢瑶环,历史戏,17,82,0.602941,0.45,审判与恩怨关系,除暴侠义
70802106,青霞丹雪,历史戏,18,85,0.555556,0.367647,亲属关系,家庭亲情
70804101,满江红,历史戏,8,20,0.714286,0.380952,权力关系,忠义家国
70805101,锁麟囊,家庭戏,17,124,0.911765,0.1,婚恋关系,婚恋姻缘
70805104,大闹天宫,神怪戏,4,3,0.5,0.333333,权力关系,善恶转化
70805105,响马传,江湖戏,28,260,0.687831,0.336182,冲突关系,除暴侠义
70805106,西门豹,公案戏,8,22,0.785714,0.285714,亲属关系,战争武略
70805901,李逵探母,家庭戏,5,7,0.7,0.5,亲属关系,除暴侠义
70901104,昊天塔·会兄,历史戏,4,4,0.666667,0.666667,亲属关系,家庭亲情
70901115,宝剑记·夜奔,历史戏,1,0,0,0,同盟关系,除暴侠义
70901117,清忠谱·五人义,历史戏,14,74,0.813187,0.128205,权力关系,除暴侠义
70901118,麒麟阁·三挡,历史戏,4,5,0.833333,0.333333,权力关系,战争武略
70901133,桃花扇·和战,历史戏,5,8,0.8,0.333333,冲突关系,战争武略
70901144,兴唐传·御果园,历史戏,9,28,0.777778,0.285714,冲突关系,战争武略
70901145,列国传·棋盘会,历史戏,11,51,0.927273,0.088889,婚恋关系,战争武略
70901147,奏朝草诏,历史戏,5,8,0.8,0.333333,权力关系,政治权力
70902110,牡丹亭·惊梦,神怪戏,4,4,0.666667,0.666667,亲属关系,文人世情
70902112,牡丹亭·拾画,家庭戏,1,0,0,0,亲属关系,文人世情
70902113,牡丹亭·叫画,家庭戏,1,0,0,0,婚恋关系,文人世情
70902121,玉簪记·秋江,家庭戏,6,14,0.933333,0.1,亲属关系,家庭亲情
70902129,长生殿·惊变,历史戏,4,5,0.833333,0.333333,权力关系,政治权力
70902134,孽海记·思凡,家庭戏,1,0,0,0,冲突关系,宗教祥瑞
70902141,风云会·访普,历史戏,7,17,0.809524,0.266667,权力关系,政治权力
70902142,四声猿·骂曹,神怪戏,5,7,0.7,0.5,权力关系,礼教品格
70902159,金雀记·乔醋,家庭戏,4,5,0.833333,0.333333,权力关系,文人世情
70902162,疗妒羹·题曲,家庭戏,1,0,0,0,审判与恩怨关系,文人世情
70902170,白罗衫·游园,公案戏,4,4,0.666667,0.666667,审判与恩怨关系,公案冤狱
70902176,铁冠图·撞钟,历史戏,6,10,0.666667,0.5,权力关系,政治权力
70904208,西游记·胖姑学舌,家庭戏,1,0,0,0,亲属关系,宗教祥瑞
70904214,九莲灯·焚宫烧狱,神怪戏,1,0,0,0,权力关系,宗教祥瑞
80000001,四郎探母,家庭戏,10,23,0.511111,0.611111,亲属关系,家庭亲情
80000003,打龙袍,公案戏,6,13,0.866667,0.2,审判与恩怨关系,公案冤狱
80000005,火牛阵,历史戏,11,28,0.509091,0.477778,权力关系,战争武略
80000006,清官册,公案戏,5,7,0.7,0.5,审判与恩怨关系,公案冤狱
80000007,李陵碑,历史戏,4,3,0.5,0.333333,冲突关系,公案冤狱
80000008,哭灵牌,历史戏,1,0,0,0,冲突关系,恩怨报偿
80000011,白帝城,历史戏,7,20,0.952381,0.066667,冲突关系,战争武略
80000013,野猪林,江湖戏,9,26,0.722222,0.357143,审判与恩怨关系,除暴侠义
80000015,官渡之战,历史戏,11,29,0.527273,0.455556,冲突关系,战争武略
80000018,奇冤报,神怪戏,5,8,0.8,0.333333,审判与恩怨关系,公案冤狱
80000019,打严嵩,公案戏,4,5,0.833333,0.333333,权力关系,政治权力
80000020,长坂坡,历史戏,11,30,0.545455,0.433333,冲突关系,战争武略
80000021,文姬归汉,历史戏,8,15,0.535714,0.428571,权力关系,文人世情
80000022,辕门斩子,家庭戏,8,23,0.821429,0.238095,亲属关系,家庭亲情
80000023,桃花村,江湖戏,11,49,0.890909,0.133333,婚恋关系,婚恋姻缘
80000026,桃花扇,历史戏,13,67,0.858974,0.166667,权力关系,政治权力
80000027,三顾茅庐,历史戏,10,31,0.688889,0.388889,同盟关系,战争武略
80000028,四郎探母,家庭戏,11,29,0.527273,0.577778,亲属关系,家庭亲情
80000029,战樊城,历史戏,8,18,0.642857,0.285714,亲属关系,战争武略
80000036,借赵云,历史戏,5,8,0.8,0.333333,冲突关系,战争武略
80000038,樊江关,家庭戏,6,12,0.8,0.3,冲突关系,战争武略
90000001,红线盗盒,江湖戏,1,0,0,0,冲突关系,除暴侠义
90000007,花木兰,历史戏,17,40,0.294118,0.445833,同盟关系,忠义家国
90000008,双阳公主,历史戏,6,12,0.8,0.3,冲突关系,战争武略
90000009,罗成,历史戏,8,12,0.428571,0.761905,冲突关系,战争武略
90000021,困曹府,神怪戏,4,5,0.833333,0.333333,冲突关系,宗教祥瑞
94000001,别宫祭江,历史戏,2,3,3.0,0,婚恋关系,恩怨报偿
94000002,海瑞上疏,历史戏,27,161,0.458689,0.584615,权力关系,政治权力
94000004,柳荫记,家庭戏,10,29,0.644444,0.444444,婚恋关系,婚恋姻缘
